{
    "counter": {
        "ACTIVE": 17424,
        "INACTIVE": 184,
        "INVALID": 0,
        "MALICIOUS": 0,
        "SANE": 0,
        "VALID": 0,
        "total": 17608
    },
    "percentage": {
        "ACTIVE": 98.95502044525216,
        "INACTIVE": 1.044979554747842,
        "INVALID": 0.0,
        "MALICIOUS": 0.0,
        "SANE": 0.0,
        "VALID": 0.0,
        "total": 100.0
    }
}