{
    "counter": {
        "ACTIVE": 11538,
        "INACTIVE": 20,
        "INVALID": 0,
        "MALICIOUS": 0,
        "SANE": 0,
        "VALID": 0,
        "total": 11558
    },
    "percentage": {
        "ACTIVE": 99.82695968160581,
        "INACTIVE": 0.1756388864494599,
        "INVALID": 0,
        "MALICIOUS": 0,
        "SANE": 0,
        "VALID": 0,
        "total": 100.00259856805528
    }
}