{
    "counter": {
        "ACTIVE": 17742,
        "INACTIVE": 4,
        "INVALID": 0,
        "MALICIOUS": 0,
        "SANE": 0,
        "VALID": 0,
        "total": 17746
    },
    "percentage": {
        "ACTIVE": 99.97745970923025,
        "INACTIVE": 0.06720430107526881,
        "INVALID": 0,
        "MALICIOUS": 0,
        "SANE": 0,
        "VALID": 0,
        "total": 100.04466401030551
    }
}