{
    "counter": {
        "ACTIVE": 10672,
        "INACTIVE": 1,
        "INVALID": 0,
        "MALICIOUS": 0,
        "SANE": 0,
        "VALID": 0,
        "total": 10673
    },
    "percentage": {
        "ACTIVE": 99.99063056310315,
        "INACTIVE": 0.014448779078167894,
        "INVALID": 0,
        "MALICIOUS": 0,
        "SANE": 0,
        "VALID": 0,
        "total": 100.00507934218132
    }
}