{
    "counter": {
        "ACTIVE": 15724,
        "INACTIVE": 1708,
        "INVALID": 0,
        "MALICIOUS": 0,
        "SANE": 0,
        "VALID": 0,
        "total": 17432
    },
    "percentage": {
        "ACTIVE": 90.20192748967416,
        "INACTIVE": 9.798072510325838,
        "INVALID": 0.0,
        "MALICIOUS": 0.0,
        "SANE": 0.0,
        "VALID": 0.0,
        "total": 100.0
    }
}