{
    "counter": {
        "ACTIVE": 13951,
        "INACTIVE": 4,
        "INVALID": 0,
        "MALICIOUS": 0,
        "SANE": 0,
        "VALID": 0,
        "total": 13955
    },
    "percentage": {
        "ACTIVE": 99.97133643855248,
        "INACTIVE": 0.06720430107526881,
        "INVALID": 0,
        "MALICIOUS": 0,
        "SANE": 0,
        "VALID": 0,
        "total": 100.03854073962775
    }
}