{
    "counter": {
        "ACTIVE": 13597,
        "INACTIVE": 1630,
        "INVALID": 0,
        "MALICIOUS": 0,
        "SANE": 0,
        "VALID": 0,
        "total": 15227
    },
    "percentage": {
        "ACTIVE": 89.29533066263873,
        "INACTIVE": 10.704669337361267,
        "INVALID": 0.0,
        "MALICIOUS": 0.0,
        "SANE": 0.0,
        "VALID": 0.0,
        "total": 100.0
    }
}