{
    "counter": {
        "ACTIVE": 17613,
        "INACTIVE": 4,
        "INVALID": 0,
        "MALICIOUS": 0,
        "SANE": 0,
        "VALID": 0,
        "total": 17617
    },
    "percentage": {
        "ACTIVE": 99.97729465856843,
        "INACTIVE": 0.023850694651481725,
        "INVALID": 0,
        "MALICIOUS": 0,
        "SANE": 0,
        "VALID": 0,
        "total": 100.00114535321991
    }
}