{
    "counter": {
        "ACTIVE": 32624,
        "INACTIVE": 16,
        "INVALID": 0,
        "MALICIOUS": 0,
        "SANE": 0,
        "VALID": 0,
        "total": 32640
    },
    "percentage": {
        "ACTIVE": 99.95098039215686,
        "INACTIVE": 0.049019607843137254,
        "INVALID": 0.0,
        "MALICIOUS": 0.0,
        "SANE": 0.0,
        "VALID": 0.0,
        "total": 100.0
    }
}