{
    "counter": {
        "ACTIVE": 2933,
        "INACTIVE": 1,
        "INVALID": 0,
        "MALICIOUS": 0,
        "SANE": 0,
        "VALID": 0,
        "total": 2934
    },
    "percentage": {
        "ACTIVE": 99.96591683708247,
        "INACTIVE": 0.07304601899196493,
        "INVALID": 0,
        "MALICIOUS": 0,
        "SANE": 0,
        "VALID": 0,
        "total": 100.03896285607443
    }
}