{
    "counter": {
        "ACTIVE": 16304,
        "INACTIVE": 31,
        "INVALID": 0,
        "MALICIOUS": 0,
        "SANE": 0,
        "VALID": 0,
        "total": 16335
    },
    "percentage": {
        "ACTIVE": 99.81022344658709,
        "INACTIVE": 0.1909572502155969,
        "INVALID": 0,
        "MALICIOUS": 0,
        "SANE": 0,
        "VALID": 0,
        "total": 100.00118069680269
    }
}