{
    "counter": {
        "ACTIVE": 32687,
        "INACTIVE": 4,
        "INVALID": 0,
        "MALICIOUS": 0,
        "SANE": 0,
        "VALID": 0,
        "total": 32691
    },
    "percentage": {
        "ACTIVE": 99.98776421645101,
        "INACTIVE": 0.01223578354898902,
        "INVALID": 0.0,
        "MALICIOUS": 0.0,
        "SANE": 0.0,
        "VALID": 0.0,
        "total": 100.0
    }
}