{
    "counter": {
        "ACTIVE": 14275,
        "INACTIVE": 2,
        "INVALID": 0,
        "MALICIOUS": 0,
        "SANE": 0,
        "VALID": 0,
        "total": 14277
    },
    "percentage": {
        "ACTIVE": 99.98599145478742,
        "INACTIVE": 0.02875215641173088,
        "INVALID": 0,
        "MALICIOUS": 0,
        "SANE": 0,
        "VALID": 0,
        "total": 100.01474361119915
    }
}