{
    "counter": {
        "ACTIVE": 17512,
        "INACTIVE": 1,
        "INVALID": 0,
        "MALICIOUS": 0,
        "SANE": 0,
        "VALID": 0,
        "total": 17513
    },
    "percentage": {
        "ACTIVE": 99.99428995603266,
        "INACTIVE": 0.014553922282055013,
        "INVALID": 0,
        "MALICIOUS": 0,
        "SANE": 0,
        "VALID": 0,
        "total": 100.00884387831472
    }
}