{
    "counter": {
        "ACTIVE": 15664,
        "INACTIVE": 1627,
        "INVALID": 0,
        "MALICIOUS": 0,
        "SANE": 0,
        "VALID": 0,
        "total": 17291
    },
    "percentage": {
        "ACTIVE": 90.59048059684228,
        "INACTIVE": 9.409519403157713,
        "INVALID": 0.0,
        "MALICIOUS": 0.0,
        "SANE": 0.0,
        "VALID": 0.0,
        "total": 100.0
    }
}