{
    "counter": {
        "ACTIVE": 15430,
        "INACTIVE": 1623,
        "INVALID": 0,
        "MALICIOUS": 0,
        "SANE": 0,
        "VALID": 0,
        "total": 17053
    },
    "percentage": {
        "ACTIVE": 90.4826130299654,
        "INACTIVE": 9.517386970034599,
        "INVALID": 0.0,
        "MALICIOUS": 0.0,
        "SANE": 0.0,
        "VALID": 0.0,
        "total": 100.0
    }
}