{
    "counter": {
        "ACTIVE": 23639,
        "INACTIVE": 5,
        "INVALID": 0,
        "MALICIOUS": 0,
        "SANE": 0,
        "VALID": 0,
        "total": 23644
    },
    "percentage": {
        "ACTIVE": 99.97885298595838,
        "INACTIVE": 0.0213620439203623,
        "INVALID": 0,
        "MALICIOUS": 0,
        "SANE": 0,
        "VALID": 0,
        "total": 100.00021502987875
    }
}