{
    "counter": {
        "ACTIVE": 24300,
        "INACTIVE": 4,
        "INVALID": 0,
        "MALICIOUS": 0,
        "SANE": 0,
        "VALID": 0,
        "total": 24304
    },
    "percentage": {
        "ACTIVE": 99.9835418038183,
        "INACTIVE": 0.06720430107526881,
        "INVALID": 0,
        "MALICIOUS": 0,
        "SANE": 0,
        "VALID": 0,
        "total": 100.05074610489356
    }
}