{
    "counter": {
        "ACTIVE": 17254,
        "INACTIVE": 4,
        "INVALID": 0,
        "MALICIOUS": 0,
        "SANE": 0,
        "VALID": 0,
        "total": 17258
    },
    "percentage": {
        "ACTIVE": 99.97682234326109,
        "INACTIVE": 0.023661638568470866,
        "INVALID": 0,
        "MALICIOUS": 0,
        "SANE": 0,
        "VALID": 0,
        "total": 100.00048398182956
    }
}