{
    "counter": {
        "ACTIVE": 16176,
        "INACTIVE": 4,
        "INVALID": 0,
        "MALICIOUS": 0,
        "SANE": 0,
        "VALID": 0,
        "total": 16180
    },
    "percentage": {
        "ACTIVE": 99.97527812113721,
        "INACTIVE": 0.025050100200400802,
        "INVALID": 0,
        "MALICIOUS": 0,
        "SANE": 0,
        "VALID": 0,
        "total": 100.00032822133761
    }
}