{
    "counter": {
        "ACTIVE": 20918,
        "INACTIVE": 376,
        "INVALID": 0,
        "MALICIOUS": 0,
        "SANE": 0,
        "VALID": 0,
        "total": 21294
    },
    "percentage": {
        "ACTIVE": 98.23424438809054,
        "INACTIVE": 1.765755611909458,
        "INVALID": 0.0,
        "MALICIOUS": 0.0,
        "SANE": 0.0,
        "VALID": 0.0,
        "total": 100.0
    }
}