{
    "counter": {
        "ACTIVE": 29326,
        "INACTIVE": 6,
        "INVALID": 0,
        "MALICIOUS": 0,
        "SANE": 0,
        "VALID": 0,
        "total": 29332
    },
    "percentage": {
        "ACTIVE": 99.97954452475112,
        "INACTIVE": 0.025296176061385386,
        "INVALID": 0,
        "MALICIOUS": 0,
        "SANE": 0,
        "VALID": 0,
        "total": 100.00484070081251
    }
}