{
    "counter": {
        "ACTIVE": 17674,
        "INACTIVE": 54,
        "INVALID": 0,
        "MALICIOUS": 0,
        "SANE": 0,
        "VALID": 0,
        "total": 17728
    },
    "percentage": {
        "ACTIVE": 99.69539711191335,
        "INACTIVE": 0.3064177495318618,
        "INVALID": 0,
        "MALICIOUS": 0,
        "SANE": 0,
        "VALID": 0,
        "total": 100.00181486144521
    }
}