{
    "counter": {
        "ACTIVE": 17511,
        "INACTIVE": 1,
        "INVALID": 0,
        "MALICIOUS": 0,
        "SANE": 0,
        "VALID": 0,
        "total": 17512
    },
    "percentage": {
        "ACTIVE": 99.99428962996802,
        "INACTIVE": 0.014553922282055013,
        "INVALID": 0,
        "MALICIOUS": 0,
        "SANE": 0,
        "VALID": 0,
        "total": 100.00884355225008
    }
}