{
    "counter": {
        "ACTIVE": 10175,
        "INACTIVE": 2,
        "INVALID": 0,
        "MALICIOUS": 0,
        "SANE": 0,
        "VALID": 0,
        "total": 10177
    },
    "percentage": {
        "ACTIVE": 99.98034784317579,
        "INACTIVE": 0.02875215641173088,
        "INVALID": 0,
        "MALICIOUS": 0,
        "SANE": 0,
        "VALID": 0,
        "total": 100.00909999958752
    }
}