{
    "counter": {
        "ACTIVE": 24018,
        "INACTIVE": 1095,
        "INVALID": 0,
        "MALICIOUS": 0,
        "SANE": 0,
        "VALID": 0,
        "total": 25113
    },
    "percentage": {
        "ACTIVE": 95.63970851750089,
        "INACTIVE": 4.360291482499104,
        "INVALID": 0.0,
        "MALICIOUS": 0.0,
        "SANE": 0.0,
        "VALID": 0.0,
        "total": 100.0
    }
}