{
    "counter": {
        "ACTIVE": 17734,
        "INACTIVE": 4,
        "INVALID": 0,
        "MALICIOUS": 0,
        "SANE": 0,
        "VALID": 0,
        "total": 17738
    },
    "percentage": {
        "ACTIVE": 99.97744954335326,
        "INACTIVE": 0.06720430107526881,
        "INVALID": 0,
        "MALICIOUS": 0,
        "SANE": 0,
        "VALID": 0,
        "total": 100.04465384442852
    }
}