{
    "counter": {
        "ACTIVE": 41915,
        "INACTIVE": 18,
        "INVALID": 0,
        "MALICIOUS": 0,
        "SANE": 0,
        "VALID": 0,
        "total": 41933
    },
    "percentage": {
        "ACTIVE": 99.95707438055946,
        "INACTIVE": 0.04292561944053609,
        "INVALID": 0.0,
        "MALICIOUS": 0.0,
        "SANE": 0.0,
        "VALID": 0.0,
        "total": 100.0
    }
}