{
    "counter": {
        "ACTIVE": 17388,
        "INACTIVE": 3,
        "INVALID": 0,
        "MALICIOUS": 0,
        "SANE": 0,
        "VALID": 0,
        "total": 17391
    },
    "percentage": {
        "ACTIVE": 99.98274969811972,
        "INACTIVE": 0.017763041032624785,
        "INVALID": 0,
        "MALICIOUS": 0,
        "SANE": 0,
        "VALID": 0,
        "total": 100.00051273915234
    }
}