{
    "counter": {
        "ACTIVE": 17147,
        "INACTIVE": 28,
        "INVALID": 0,
        "MALICIOUS": 0,
        "SANE": 0,
        "VALID": 0,
        "total": 17175
    },
    "percentage": {
        "ACTIVE": 99.83697234352256,
        "INACTIVE": 0.1637905820415326,
        "INVALID": 0,
        "MALICIOUS": 0,
        "SANE": 0,
        "VALID": 0,
        "total": 100.00076292556409
    }
}