{
    "counter": {
        "ACTIVE": 17660,
        "INACTIVE": 29,
        "INVALID": 0,
        "MALICIOUS": 0,
        "SANE": 0,
        "VALID": 0,
        "total": 17689
    },
    "percentage": {
        "ACTIVE": 99.83605630617897,
        "INACTIVE": 0.1659513590844063,
        "INVALID": 0,
        "MALICIOUS": 0,
        "SANE": 0,
        "VALID": 0,
        "total": 100.00200766526338
    }
}