{
    "counter": {
        "ACTIVE": 17428,
        "INACTIVE": 185,
        "INVALID": 0,
        "MALICIOUS": 0,
        "SANE": 0,
        "VALID": 0,
        "total": 17613
    },
    "percentage": {
        "ACTIVE": 98.9496394708454,
        "INACTIVE": 1.0503605291546017,
        "INVALID": 0.0,
        "MALICIOUS": 0.0,
        "SANE": 0.0,
        "VALID": 0.0,
        "total": 100.0
    }
}