{
    "counter": {
        "ACTIVE": 17347,
        "INACTIVE": 35,
        "INVALID": 0,
        "MALICIOUS": 0,
        "SANE": 0,
        "VALID": 0,
        "total": 17382
    },
    "percentage": {
        "ACTIVE": 99.79864227361638,
        "INACTIVE": 0.20549553781117896,
        "INVALID": 0,
        "MALICIOUS": 0,
        "SANE": 0,
        "VALID": 0,
        "total": 100.00413781142755
    }
}