{
    "counter": {
        "ACTIVE": 17637,
        "INACTIVE": 2,
        "INVALID": 0,
        "MALICIOUS": 0,
        "SANE": 0,
        "VALID": 0,
        "total": 17639
    },
    "percentage": {
        "ACTIVE": 99.98866148874653,
        "INACTIVE": 0.02247191011235955,
        "INVALID": 0,
        "MALICIOUS": 0,
        "SANE": 0,
        "VALID": 0,
        "total": 100.01113339885889
    }
}