{
    "counter": {
        "ACTIVE": 41932,
        "INACTIVE": 17,
        "INVALID": 0,
        "MALICIOUS": 0,
        "SANE": 0,
        "VALID": 0,
        "total": 41949
    },
    "percentage": {
        "ACTIVE": 99.95947460010966,
        "INACTIVE": 0.04052539989034304,
        "INVALID": 0.0,
        "MALICIOUS": 0.0,
        "SANE": 0.0,
        "VALID": 0.0,
        "total": 100.0
    }
}