{
    "counter": {
        "ACTIVE": 26688,
        "INACTIVE": 6,
        "INVALID": 0,
        "MALICIOUS": 0,
        "SANE": 0,
        "VALID": 0,
        "total": 26694
    },
    "percentage": {
        "ACTIVE": 99.97752303888514,
        "INACTIVE": 0.025296176061385386,
        "INVALID": 0,
        "MALICIOUS": 0,
        "SANE": 0,
        "VALID": 0,
        "total": 100.00281921494653
    }
}