{
    "counter": {
        "ACTIVE": 17611,
        "INACTIVE": 2,
        "INVALID": 0,
        "MALICIOUS": 0,
        "SANE": 0,
        "VALID": 0,
        "total": 17613
    },
    "percentage": {
        "ACTIVE": 99.98864475103616,
        "INACTIVE": 0.011429224527115835,
        "INVALID": 0,
        "MALICIOUS": 0,
        "SANE": 0,
        "VALID": 0,
        "total": 100.00007397556328
    }
}