{
    "counter": {
        "ACTIVE": 17491,
        "INACTIVE": 185,
        "INVALID": 0,
        "MALICIOUS": 0,
        "SANE": 0,
        "VALID": 0,
        "total": 17676
    },
    "percentage": {
        "ACTIVE": 98.95338311835256,
        "INACTIVE": 1.0466168816474315,
        "INVALID": 0.0,
        "MALICIOUS": 0.0,
        "SANE": 0.0,
        "VALID": 0.0,
        "total": 100.0
    }
}