{
    "counter": {
        "ACTIVE": 13497,
        "INACTIVE": 6,
        "INVALID": 0,
        "MALICIOUS": 0,
        "SANE": 0,
        "VALID": 0,
        "total": 13503
    },
    "percentage": {
        "ACTIVE": 99.95556542990447,
        "INACTIVE": 0.20512820512820512,
        "INVALID": 0,
        "MALICIOUS": 0,
        "SANE": 0,
        "VALID": 0,
        "total": 100.16069363503267
    }
}