{
    "counter": {
        "ACTIVE": 17721,
        "INACTIVE": 4,
        "INVALID": 0,
        "MALICIOUS": 0,
        "SANE": 0,
        "VALID": 0,
        "total": 17725
    },
    "percentage": {
        "ACTIVE": 99.97743300423132,
        "INACTIVE": 0.023144130070010992,
        "INVALID": 0,
        "MALICIOUS": 0,
        "SANE": 0,
        "VALID": 0,
        "total": 100.00057713430132
    }
}