{
    "counter": {
        "ACTIVE": 17004,
        "INACTIVE": 3,
        "INVALID": 0,
        "MALICIOUS": 0,
        "SANE": 0,
        "VALID": 0,
        "total": 17007
    },
    "percentage": {
        "ACTIVE": 99.98236020462163,
        "INACTIVE": 0.01763979537837361,
        "INVALID": 0.0,
        "MALICIOUS": 0.0,
        "SANE": 0.0,
        "VALID": 0.0,
        "total": 100.0
    }
}