{
    "counter": {
        "ACTIVE": 15765,
        "INACTIVE": 4,
        "INVALID": 0,
        "MALICIOUS": 0,
        "SANE": 0,
        "VALID": 0,
        "total": 15769
    },
    "percentage": {
        "ACTIVE": 99.97463377512841,
        "INACTIVE": 0.06720430107526881,
        "INVALID": 0,
        "MALICIOUS": 0,
        "SANE": 0,
        "VALID": 0,
        "total": 100.04183807620367
    }
}