{
    "counter": {
        "ACTIVE": 10032,
        "INACTIVE": 1,
        "INVALID": 0,
        "MALICIOUS": 0,
        "SANE": 0,
        "VALID": 0,
        "total": 10033
    },
    "percentage": {
        "ACTIVE": 99.99003289145818,
        "INACTIVE": 0.012289541600098316,
        "INVALID": 0,
        "MALICIOUS": 0,
        "SANE": 0,
        "VALID": 0,
        "total": 100.00232243305828
    }
}