{
    "counter": {
        "ACTIVE": 44564,
        "INACTIVE": 8,
        "INVALID": 0,
        "MALICIOUS": 0,
        "SANE": 0,
        "VALID": 0,
        "total": 44572
    },
    "percentage": {
        "ACTIVE": 99.9820515121601,
        "INACTIVE": 0.01794848783989949,
        "INVALID": 0.0,
        "MALICIOUS": 0.0,
        "SANE": 0.0,
        "VALID": 0.0,
        "total": 100.0
    }
}