{
    "counter": {
        "ACTIVE": 11970,
        "INACTIVE": 2,
        "INVALID": 0,
        "MALICIOUS": 0,
        "SANE": 0,
        "VALID": 0,
        "total": 11972
    },
    "percentage": {
        "ACTIVE": 99.98329435349147,
        "INACTIVE": 0.017146776406035666,
        "INVALID": 0,
        "MALICIOUS": 0,
        "SANE": 0,
        "VALID": 0,
        "total": 100.00044112989751
    }
}