{
    "counter": {
        "ACTIVE": 16878,
        "INACTIVE": 2,
        "INVALID": 0,
        "MALICIOUS": 0,
        "SANE": 0,
        "VALID": 0,
        "total": 16880
    },
    "percentage": {
        "ACTIVE": 99.98815165876778,
        "INACTIVE": 0.013331555792560993,
        "INVALID": 0,
        "MALICIOUS": 0,
        "SANE": 0,
        "VALID": 0,
        "total": 100.00148321456034
    }
}