{
    "counter": {
        "ACTIVE": 13360,
        "INACTIVE": 3,
        "INVALID": 0,
        "MALICIOUS": 0,
        "SANE": 0,
        "VALID": 0,
        "total": 13363
    },
    "percentage": {
        "ACTIVE": 99.97754995135823,
        "INACTIVE": 0.022450048641772056,
        "INVALID": 0.0,
        "MALICIOUS": 0.0,
        "SANE": 0.0,
        "VALID": 0.0,
        "total": 100.0
    }
}