{
    "counter": {
        "ACTIVE": 14270,
        "INACTIVE": 1,
        "INVALID": 0,
        "MALICIOUS": 0,
        "SANE": 0,
        "VALID": 0,
        "total": 14271
    },
    "percentage": {
        "ACTIVE": 99.99299278256605,
        "INACTIVE": 0.01110494169905608,
        "INVALID": 0,
        "MALICIOUS": 0,
        "SANE": 0,
        "VALID": 0,
        "total": 100.00409772426511
    }
}