{
    "counter": {
        "ACTIVE": 29083,
        "INACTIVE": 6,
        "INVALID": 0,
        "MALICIOUS": 0,
        "SANE": 0,
        "VALID": 0,
        "total": 29089
    },
    "percentage": {
        "ACTIVE": 99.97937364639554,
        "INACTIVE": 0.025296176061385386,
        "INVALID": 0,
        "MALICIOUS": 0,
        "SANE": 0,
        "VALID": 0,
        "total": 100.00466982245693
    }
}