{
    "counter": {
        "ACTIVE": 18184,
        "INACTIVE": 200,
        "INVALID": 0,
        "MALICIOUS": 0,
        "SANE": 0,
        "VALID": 0,
        "total": 18384
    },
    "percentage": {
        "ACTIVE": 98.91209747606615,
        "INACTIVE": 1.0887908977080951,
        "INVALID": 0,
        "MALICIOUS": 0,
        "SANE": 0,
        "VALID": 0,
        "total": 100.00088837377425
    }
}