{
    "counter": {
        "ACTIVE": 17550,
        "INACTIVE": 53,
        "INVALID": 0,
        "MALICIOUS": 0,
        "SANE": 0,
        "VALID": 0,
        "total": 17603
    },
    "percentage": {
        "ACTIVE": 99.69891495767767,
        "INACTIVE": 0.3036553225621634,
        "INVALID": 0,
        "MALICIOUS": 0,
        "SANE": 0,
        "VALID": 0,
        "total": 100.00257028023984
    }
}