{
    "counter": {
        "ACTIVE": 17604,
        "INACTIVE": 3,
        "INVALID": 0,
        "MALICIOUS": 0,
        "SANE": 0,
        "VALID": 0,
        "total": 17607
    },
    "percentage": {
        "ACTIVE": 99.98296132220139,
        "INACTIVE": 0.01703867779860283,
        "INVALID": 0.0,
        "MALICIOUS": 0.0,
        "SANE": 0.0,
        "VALID": 0.0,
        "total": 100.0
    }
}