{
    "counter": {
        "ACTIVE": 17603,
        "INACTIVE": 2,
        "INVALID": 0,
        "MALICIOUS": 0,
        "SANE": 0,
        "VALID": 0,
        "total": 17605
    },
    "percentage": {
        "ACTIVE": 99.98863959102528,
        "INACTIVE": 0.02247191011235955,
        "INVALID": 0,
        "MALICIOUS": 0,
        "SANE": 0,
        "VALID": 0,
        "total": 100.01111150113763
    }
}