{
    "counter": {
        "ACTIVE": 16274,
        "INACTIVE": 3,
        "INVALID": 0,
        "MALICIOUS": 0,
        "SANE": 0,
        "VALID": 0,
        "total": 16277
    },
    "percentage": {
        "ACTIVE": 99.98156908521226,
        "INACTIVE": 0.020800110933924983,
        "INVALID": 0,
        "MALICIOUS": 0,
        "SANE": 0,
        "VALID": 0,
        "total": 100.00236919614618
    }
}