{
    "counter": {
        "ACTIVE": 16465,
        "INACTIVE": 6,
        "INVALID": 0,
        "MALICIOUS": 0,
        "SANE": 0,
        "VALID": 0,
        "total": 16471
    },
    "percentage": {
        "ACTIVE": 99.96357233926295,
        "INACTIVE": 0.20512820512820512,
        "INVALID": 0,
        "MALICIOUS": 0,
        "SANE": 0,
        "VALID": 0,
        "total": 100.16870054439116
    }
}