{
    "counter": {
        "ACTIVE": 16798,
        "INACTIVE": 2,
        "INVALID": 0,
        "MALICIOUS": 0,
        "SANE": 0,
        "VALID": 0,
        "total": 16800
    },
    "percentage": {
        "ACTIVE": 99.98809523809524,
        "INACTIVE": 0.02247191011235955,
        "INVALID": 0,
        "MALICIOUS": 0,
        "SANE": 0,
        "VALID": 0,
        "total": 100.0105671482076
    }
}