{
    "counter": {
        "ACTIVE": 18840,
        "INACTIVE": 16,
        "INVALID": 0,
        "MALICIOUS": 0,
        "SANE": 0,
        "VALID": 0,
        "total": 18856
    },
    "percentage": {
        "ACTIVE": 99.91514637250742,
        "INACTIVE": 0.08558895902428587,
        "INVALID": 0,
        "MALICIOUS": 0,
        "SANE": 0,
        "VALID": 0,
        "total": 100.00073533153171
    }
}