{
    "counter": {
        "ACTIVE": 13013,
        "INACTIVE": 1089,
        "INVALID": 0,
        "MALICIOUS": 0,
        "SANE": 0,
        "VALID": 0,
        "total": 14102
    },
    "percentage": {
        "ACTIVE": 92.2776911076443,
        "INACTIVE": 7.722308892355694,
        "INVALID": 0.0,
        "MALICIOUS": 0.0,
        "SANE": 0.0,
        "VALID": 0.0,
        "total": 100.0
    }
}