{
    "counter": {
        "ACTIVE": 23927,
        "INACTIVE": 1095,
        "INVALID": 0,
        "MALICIOUS": 0,
        "SANE": 0,
        "VALID": 0,
        "total": 25022
    },
    "percentage": {
        "ACTIVE": 95.62385101111022,
        "INACTIVE": 4.376148988889777,
        "INVALID": 0.0,
        "MALICIOUS": 0.0,
        "SANE": 0.0,
        "VALID": 0.0,
        "total": 100.0
    }
}