{
    "counter": {
        "ACTIVE": 21304,
        "INACTIVE": 4,
        "INVALID": 0,
        "MALICIOUS": 0,
        "SANE": 0,
        "VALID": 0,
        "total": 21308
    },
    "percentage": {
        "ACTIVE": 99.98122770790313,
        "INACTIVE": 0.06720430107526881,
        "INVALID": 0,
        "MALICIOUS": 0,
        "SANE": 0,
        "VALID": 0,
        "total": 100.0484320089784
    }
}