{
    "counter": {
        "ACTIVE": 15366,
        "INACTIVE": 1,
        "INVALID": 0,
        "MALICIOUS": 0,
        "SANE": 0,
        "VALID": 0,
        "total": 15367
    },
    "percentage": {
        "ACTIVE": 99.99349254896858,
        "INACTIVE": 0.01440299582313121,
        "INVALID": 0,
        "MALICIOUS": 0,
        "SANE": 0,
        "VALID": 0,
        "total": 100.00789554479171
    }
}