{
    "counter": {
        "ACTIVE": 12603,
        "INACTIVE": 84,
        "INVALID": 0,
        "MALICIOUS": 0,
        "SANE": 0,
        "VALID": 0,
        "total": 12687
    },
    "percentage": {
        "ACTIVE": 99.33790494206669,
        "INACTIVE": 0.6667195809191205,
        "INVALID": 0,
        "MALICIOUS": 0,
        "SANE": 0,
        "VALID": 0,
        "total": 100.00462452298581
    }
}