{
    "counter": {
        "ACTIVE": 10810,
        "INACTIVE": 62,
        "INVALID": 0,
        "MALICIOUS": 0,
        "SANE": 0,
        "VALID": 0,
        "total": 10872
    },
    "percentage": {
        "ACTIVE": 99.42972774098602,
        "INACTIVE": 0.5727482678983834,
        "INVALID": 0,
        "MALICIOUS": 0,
        "SANE": 0,
        "VALID": 0,
        "total": 100.00247600888441
    }
}