{
    "counter": {
        "ACTIVE": 17668,
        "INACTIVE": 190,
        "INVALID": 0,
        "MALICIOUS": 0,
        "SANE": 0,
        "VALID": 0,
        "total": 17858
    },
    "percentage": {
        "ACTIVE": 98.93605106954867,
        "INACTIVE": 1.0646643505547462,
        "INVALID": 0,
        "MALICIOUS": 0,
        "SANE": 0,
        "VALID": 0,
        "total": 100.00071542010342
    }
}