{
    "counter": {
        "ACTIVE": 17422,
        "INACTIVE": 3,
        "INVALID": 0,
        "MALICIOUS": 0,
        "SANE": 0,
        "VALID": 0,
        "total": 17425
    },
    "percentage": {
        "ACTIVE": 99.98278335724534,
        "INACTIVE": 0.017763041032624785,
        "INVALID": 0,
        "MALICIOUS": 0,
        "SANE": 0,
        "VALID": 0,
        "total": 100.00054639827796
    }
}