{
    "counter": {
        "ACTIVE": 17586,
        "INACTIVE": 2,
        "INVALID": 0,
        "MALICIOUS": 0,
        "SANE": 0,
        "VALID": 0,
        "total": 17588
    },
    "percentage": {
        "ACTIVE": 99.9886286104162,
        "INACTIVE": 0.02247191011235955,
        "INVALID": 0,
        "MALICIOUS": 0,
        "SANE": 0,
        "VALID": 0,
        "total": 100.01110052052856
    }
}