{
    "counter": {
        "ACTIVE": 20919,
        "INACTIVE": 376,
        "INVALID": 0,
        "MALICIOUS": 0,
        "SANE": 0,
        "VALID": 0,
        "total": 21295
    },
    "percentage": {
        "ACTIVE": 98.23432730687955,
        "INACTIVE": 1.7656726931204507,
        "INVALID": 0.0,
        "MALICIOUS": 0.0,
        "SANE": 0.0,
        "VALID": 0.0,
        "total": 100.0
    }
}