{
    "counter": {
        "ACTIVE": 3494,
        "INACTIVE": 8,
        "INVALID": 0,
        "MALICIOUS": 0,
        "SANE": 0,
        "VALID": 0,
        "total": 3502
    },
    "percentage": {
        "ACTIVE": 99.77155910908053,
        "INACTIVE": 0.24016811768237767,
        "INVALID": 0,
        "MALICIOUS": 0,
        "SANE": 0,
        "VALID": 0,
        "total": 100.0117272267629
    }
}