{
    "counter": {
        "ACTIVE": 24408,
        "INACTIVE": 2,
        "INVALID": 0,
        "MALICIOUS": 0,
        "SANE": 0,
        "VALID": 0,
        "total": 24410
    },
    "percentage": {
        "ACTIVE": 99.99180663662433,
        "INACTIVE": 0.009262260917890057,
        "INVALID": 0,
        "MALICIOUS": 0,
        "SANE": 0,
        "VALID": 0,
        "total": 100.00106889754223
    }
}