{
    "counter": {
        "ACTIVE": 73767,
        "INACTIVE": 1996,
        "INVALID": 0,
        "MALICIOUS": 0,
        "SANE": 0,
        "VALID": 0,
        "total": 75763
    },
    "percentage": {
        "ACTIVE": 97.36546863244591,
        "INACTIVE": 2.634531367554083,
        "INVALID": 0.0,
        "MALICIOUS": 0.0,
        "SANE": 0.0,
        "VALID": 0.0,
        "total": 100.0
    }
}