{
    "counter": {
        "ACTIVE": 26712,
        "INACTIVE": 6,
        "INVALID": 0,
        "MALICIOUS": 0,
        "SANE": 0,
        "VALID": 0,
        "total": 26718
    },
    "percentage": {
        "ACTIVE": 99.97754322928363,
        "INACTIVE": 0.025296176061385386,
        "INVALID": 0,
        "MALICIOUS": 0,
        "SANE": 0,
        "VALID": 0,
        "total": 100.00283940534501
    }
}