{
    "counter": {
        "ACTIVE": 15989,
        "INACTIVE": 1718,
        "INVALID": 0,
        "MALICIOUS": 0,
        "SANE": 0,
        "VALID": 0,
        "total": 17707
    },
    "percentage": {
        "ACTIVE": 90.2976224092167,
        "INACTIVE": 9.702377590783305,
        "INVALID": 0.0,
        "MALICIOUS": 0.0,
        "SANE": 0.0,
        "VALID": 0.0,
        "total": 100.0
    }
}