{
    "counter": {
        "ACTIVE": 17615,
        "INACTIVE": 6,
        "INVALID": 0,
        "MALICIOUS": 0,
        "SANE": 0,
        "VALID": 0,
        "total": 17621
    },
    "percentage": {
        "ACTIVE": 99.96594971908519,
        "INACTIVE": 0.20512820512820512,
        "INVALID": 0,
        "MALICIOUS": 0,
        "SANE": 0,
        "VALID": 0,
        "total": 100.17107792421339
    }
}