{
    "counter": {
        "ACTIVE": 15919,
        "INACTIVE": 3,
        "INVALID": 0,
        "MALICIOUS": 0,
        "SANE": 0,
        "VALID": 0,
        "total": 15922
    },
    "percentage": {
        "ACTIVE": 99.98115814596156,
        "INACTIVE": 0.018841854038437383,
        "INVALID": 0.0,
        "MALICIOUS": 0.0,
        "SANE": 0.0,
        "VALID": 0.0,
        "total": 100.0
    }
}