{
    "counter": {
        "ACTIVE": 16883,
        "INACTIVE": 50,
        "INVALID": 0,
        "MALICIOUS": 0,
        "SANE": 0,
        "VALID": 0,
        "total": 16933
    },
    "percentage": {
        "ACTIVE": 99.70471859682277,
        "INACTIVE": 0.2963841138114997,
        "INVALID": 0,
        "MALICIOUS": 0,
        "SANE": 0,
        "VALID": 0,
        "total": 100.00110271063427
    }
}