{
    "counter": {
        "ACTIVE": 17521,
        "INACTIVE": 2,
        "INVALID": 0,
        "MALICIOUS": 0,
        "SANE": 0,
        "VALID": 0,
        "total": 17523
    },
    "percentage": {
        "ACTIVE": 99.9885864292644,
        "INACTIVE": 0.02247191011235955,
        "INVALID": 0,
        "MALICIOUS": 0,
        "SANE": 0,
        "VALID": 0,
        "total": 100.01105833937676
    }
}