{
    "counter": {
        "ACTIVE": 32914,
        "INACTIVE": 1,
        "INVALID": 0,
        "MALICIOUS": 0,
        "SANE": 0,
        "VALID": 0,
        "total": 32915
    },
    "percentage": {
        "ACTIVE": 99.99696187148716,
        "INACTIVE": 0.003038128512836093,
        "INVALID": 0.0,
        "MALICIOUS": 0.0,
        "SANE": 0.0,
        "VALID": 0.0,
        "total": 100.0
    }
}