{
    "counter": {
        "ACTIVE": 15807,
        "INACTIVE": 3,
        "INVALID": 0,
        "MALICIOUS": 0,
        "SANE": 0,
        "VALID": 0,
        "total": 15810
    },
    "percentage": {
        "ACTIVE": 99.98102466793169,
        "INACTIVE": 0.020800110933924983,
        "INVALID": 0,
        "MALICIOUS": 0,
        "SANE": 0,
        "VALID": 0,
        "total": 100.00182477886561
    }
}