{
    "counter": {
        "ACTIVE": 17667,
        "INACTIVE": 114,
        "INVALID": 0,
        "MALICIOUS": 0,
        "SANE": 0,
        "VALID": 0,
        "total": 17781
    },
    "percentage": {
        "ACTIVE": 99.35886620550025,
        "INACTIVE": 0.6436677770876856,
        "INVALID": 0,
        "MALICIOUS": 0,
        "SANE": 0,
        "VALID": 0,
        "total": 100.00253398258793
    }
}