{
    "counter": {
        "ACTIVE": 11433,
        "INACTIVE": 106,
        "INVALID": 0,
        "MALICIOUS": 0,
        "SANE": 0,
        "VALID": 0,
        "total": 11539
    },
    "percentage": {
        "ACTIVE": 99.08137620244389,
        "INACTIVE": 0.9212584738397358,
        "INVALID": 0,
        "MALICIOUS": 0,
        "SANE": 0,
        "VALID": 0,
        "total": 100.00263467628363
    }
}