{
    "counter": {
        "ACTIVE": 12153,
        "INACTIVE": 1035,
        "INVALID": 0,
        "MALICIOUS": 0,
        "SANE": 0,
        "VALID": 0,
        "total": 13188
    },
    "percentage": {
        "ACTIVE": 92.15195632393085,
        "INACTIVE": 7.848043676069154,
        "INVALID": 0.0,
        "MALICIOUS": 0.0,
        "SANE": 0.0,
        "VALID": 0.0,
        "total": 100.0
    }
}