{
    "counter": {
        "ACTIVE": 18963,
        "INACTIVE": 16,
        "INVALID": 1,
        "MALICIOUS": 0,
        "SANE": 0,
        "VALID": 0,
        "total": 18980
    },
    "percentage": {
        "ACTIVE": 99.9104320337197,
        "INACTIVE": 0.08558895902428587,
        "INVALID": 0.005279831045406547,
        "MALICIOUS": 0,
        "SANE": 0,
        "VALID": 0,
        "total": 100.0013008237894
    }
}