{
    "counter": {
        "ACTIVE": 15382,
        "INACTIVE": 1,
        "INVALID": 0,
        "MALICIOUS": 0,
        "SANE": 0,
        "VALID": 0,
        "total": 15383
    },
    "percentage": {
        "ACTIVE": 99.99349931742833,
        "INACTIVE": 0.009317927692881103,
        "INVALID": 0,
        "MALICIOUS": 0,
        "SANE": 0,
        "VALID": 0,
        "total": 100.00281724512121
    }
}