{
    "counter": {
        "ACTIVE": 17383,
        "INACTIVE": 3,
        "INVALID": 0,
        "MALICIOUS": 0,
        "SANE": 0,
        "VALID": 0,
        "total": 17386
    },
    "percentage": {
        "ACTIVE": 99.98274473714483,
        "INACTIVE": 0.017255262855170827,
        "INVALID": 0.0,
        "MALICIOUS": 0.0,
        "SANE": 0.0,
        "VALID": 0.0,
        "total": 100.0
    }
}