{
    "counter": {
        "ACTIVE": 23060,
        "INACTIVE": 4,
        "INVALID": 0,
        "MALICIOUS": 0,
        "SANE": 0,
        "VALID": 0,
        "total": 23064
    },
    "percentage": {
        "ACTIVE": 99.98265695456122,
        "INACTIVE": 0.06720430107526881,
        "INVALID": 0,
        "MALICIOUS": 0,
        "SANE": 0,
        "VALID": 0,
        "total": 100.04986125563649
    }
}