{
    "counter": {
        "ACTIVE": 17504,
        "INACTIVE": 1,
        "INVALID": 0,
        "MALICIOUS": 0,
        "SANE": 0,
        "VALID": 0,
        "total": 17505
    },
    "percentage": {
        "ACTIVE": 99.99428734647243,
        "INACTIVE": 0.01440299582313121,
        "INVALID": 0,
        "MALICIOUS": 0,
        "SANE": 0,
        "VALID": 0,
        "total": 100.00869034229557
    }
}