{
    "counter": {
        "ACTIVE": 17471,
        "INACTIVE": 25,
        "INVALID": 0,
        "MALICIOUS": 0,
        "SANE": 0,
        "VALID": 0,
        "total": 17496
    },
    "percentage": {
        "ACTIVE": 99.85711019661638,
        "INACTIVE": 0.14288980338363055,
        "INVALID": 0.0,
        "MALICIOUS": 0.0,
        "SANE": 0.0,
        "VALID": 0.0,
        "total": 100.0
    }
}