{
    "counter": {
        "ACTIVE": 34700,
        "INACTIVE": 21,
        "INVALID": 0,
        "MALICIOUS": 0,
        "SANE": 0,
        "VALID": 0,
        "total": 34721
    },
    "percentage": {
        "ACTIVE": 99.93951787102905,
        "INACTIVE": 0.060482128970939776,
        "INVALID": 0.0,
        "MALICIOUS": 0.0,
        "SANE": 0.0,
        "VALID": 0.0,
        "total": 100.0
    }
}