{
    "counter": {
        "ACTIVE": 17332,
        "INACTIVE": 25,
        "INVALID": 0,
        "MALICIOUS": 0,
        "SANE": 0,
        "VALID": 0,
        "total": 17357
    },
    "percentage": {
        "ACTIVE": 99.8559658927234,
        "INACTIVE": 0.1440341072766031,
        "INVALID": 0.0,
        "MALICIOUS": 0.0,
        "SANE": 0.0,
        "VALID": 0.0,
        "total": 100.0
    }
}