{
    "counter": {
        "ACTIVE": 41752,
        "INACTIVE": 23,
        "INVALID": 0,
        "MALICIOUS": 0,
        "SANE": 0,
        "VALID": 0,
        "total": 41775
    },
    "percentage": {
        "ACTIVE": 99.94494314781568,
        "INACTIVE": 0.05505685218432076,
        "INVALID": 0.0,
        "MALICIOUS": 0.0,
        "SANE": 0.0,
        "VALID": 0.0,
        "total": 100.0
    }
}