{
    "counter": {
        "ACTIVE": 15710,
        "INACTIVE": 3,
        "INVALID": 0,
        "MALICIOUS": 0,
        "SANE": 0,
        "VALID": 0,
        "total": 15713
    },
    "percentage": {
        "ACTIVE": 99.98090752879781,
        "INACTIVE": 0.020800110933924983,
        "INVALID": 0,
        "MALICIOUS": 0,
        "SANE": 0,
        "VALID": 0,
        "total": 100.00170763973173
    }
}