{
    "counter": {
        "ACTIVE": 17675,
        "INACTIVE": 4,
        "INVALID": 0,
        "MALICIOUS": 0,
        "SANE": 0,
        "VALID": 0,
        "total": 17679
    },
    "percentage": {
        "ACTIVE": 99.9773742858759,
        "INACTIVE": 0.06720430107526881,
        "INVALID": 0,
        "MALICIOUS": 0,
        "SANE": 0,
        "VALID": 0,
        "total": 100.04457858695116
    }
}