{
    "counter": {
        "ACTIVE": 18584,
        "INACTIVE": 5,
        "INVALID": 0,
        "MALICIOUS": 0,
        "SANE": 0,
        "VALID": 0,
        "total": 18589
    },
    "percentage": {
        "ACTIVE": 99.97310237237076,
        "INACTIVE": 0.02796733415370847,
        "INVALID": 0,
        "MALICIOUS": 0,
        "SANE": 0,
        "VALID": 0,
        "total": 100.00106970652448
    }
}