{
    "counter": {
        "ACTIVE": 42641,
        "INACTIVE": 2346,
        "INVALID": 0,
        "MALICIOUS": 0,
        "SANE": 0,
        "VALID": 0,
        "total": 44987
    },
    "percentage": {
        "ACTIVE": 94.7851601573788,
        "INACTIVE": 5.214839842621202,
        "INVALID": 0.0,
        "MALICIOUS": 0.0,
        "SANE": 0.0,
        "VALID": 0.0,
        "total": 100.0
    }
}