{
    "counter": {
        "ACTIVE": 17621,
        "INACTIVE": 1,
        "INVALID": 0,
        "MALICIOUS": 0,
        "SANE": 0,
        "VALID": 0,
        "total": 17622
    },
    "percentage": {
        "ACTIVE": 99.99432527522416,
        "INACTIVE": 0.014553922282055013,
        "INVALID": 0,
        "MALICIOUS": 0,
        "SANE": 0,
        "VALID": 0,
        "total": 100.00887919750622
    }
}