{
    "counter": {
        "ACTIVE": 20916,
        "INACTIVE": 376,
        "INVALID": 0,
        "MALICIOUS": 0,
        "SANE": 0,
        "VALID": 0,
        "total": 21292
    },
    "percentage": {
        "ACTIVE": 98.23407852714635,
        "INACTIVE": 1.7659214728536539,
        "INVALID": 0.0,
        "MALICIOUS": 0.0,
        "SANE": 0.0,
        "VALID": 0.0,
        "total": 100.0
    }
}