{
    "counter": {
        "ACTIVE": 17585,
        "INACTIVE": 1,
        "INVALID": 0,
        "MALICIOUS": 0,
        "SANE": 0,
        "VALID": 0,
        "total": 17586
    },
    "percentage": {
        "ACTIVE": 99.99431365859206,
        "INACTIVE": 0.014553922282055013,
        "INVALID": 0,
        "MALICIOUS": 0,
        "SANE": 0,
        "VALID": 0,
        "total": 100.00886758087412
    }
}