{
    "counter": {
        "ACTIVE": 14803,
        "INACTIVE": 1346,
        "INVALID": 0,
        "MALICIOUS": 0,
        "SANE": 0,
        "VALID": 0,
        "total": 16149
    },
    "percentage": {
        "ACTIVE": 91.665118583194,
        "INACTIVE": 8.334881416805993,
        "INVALID": 0.0,
        "MALICIOUS": 0.0,
        "SANE": 0.0,
        "VALID": 0.0,
        "total": 100.0
    }
}