{
    "counter": {
        "ACTIVE": 30839,
        "INACTIVE": 25,
        "INVALID": 0,
        "MALICIOUS": 0,
        "SANE": 0,
        "VALID": 0,
        "total": 30864
    },
    "percentage": {
        "ACTIVE": 99.91899948159669,
        "INACTIVE": 0.08100051840331778,
        "INVALID": 0.0,
        "MALICIOUS": 0.0,
        "SANE": 0.0,
        "VALID": 0.0,
        "total": 100.0
    }
}