{
    "counter": {
        "ACTIVE": 15837,
        "INACTIVE": 2,
        "INVALID": 0,
        "MALICIOUS": 0,
        "SANE": 0,
        "VALID": 0,
        "total": 15839
    },
    "percentage": {
        "ACTIVE": 99.98737294021088,
        "INACTIVE": 0.02875215641173088,
        "INVALID": 0,
        "MALICIOUS": 0,
        "SANE": 0,
        "VALID": 0,
        "total": 100.0161250966226
    }
}