{
    "counter": {
        "ACTIVE": 17284,
        "INACTIVE": 4,
        "INVALID": 0,
        "MALICIOUS": 0,
        "SANE": 0,
        "VALID": 0,
        "total": 17288
    },
    "percentage": {
        "ACTIVE": 99.97686256362795,
        "INACTIVE": 0.023661638568470866,
        "INVALID": 0,
        "MALICIOUS": 0,
        "SANE": 0,
        "VALID": 0,
        "total": 100.00052420219642
    }
}