{
    "counter": {
        "ACTIVE": 12605,
        "INACTIVE": 1,
        "INVALID": 0,
        "MALICIOUS": 0,
        "SANE": 0,
        "VALID": 0,
        "total": 12606
    },
    "percentage": {
        "ACTIVE": 99.99206726955418,
        "INACTIVE": 0.014553922282055013,
        "INVALID": 0,
        "MALICIOUS": 0,
        "SANE": 0,
        "VALID": 0,
        "total": 100.00662119183625
    }
}