{
    "counter": {
        "ACTIVE": 17360,
        "INACTIVE": 4,
        "INVALID": 0,
        "MALICIOUS": 0,
        "SANE": 0,
        "VALID": 0,
        "total": 17364
    },
    "percentage": {
        "ACTIVE": 99.97696383321815,
        "INACTIVE": 0.023661638568470866,
        "INVALID": 0,
        "MALICIOUS": 0,
        "SANE": 0,
        "VALID": 0,
        "total": 100.00062547178662
    }
}