{
    "counter": {
        "ACTIVE": 17432,
        "INACTIVE": 6,
        "INVALID": 0,
        "MALICIOUS": 0,
        "SANE": 0,
        "VALID": 0,
        "total": 17438
    },
    "percentage": {
        "ACTIVE": 99.96559238444776,
        "INACTIVE": 0.20512820512820512,
        "INVALID": 0,
        "MALICIOUS": 0,
        "SANE": 0,
        "VALID": 0,
        "total": 100.17072058957596
    }
}