{
    "counter": {
        "ACTIVE": 16471,
        "INACTIVE": 1,
        "INVALID": 0,
        "MALICIOUS": 0,
        "SANE": 0,
        "VALID": 0,
        "total": 16472
    },
    "percentage": {
        "ACTIVE": 99.99392909179213,
        "INACTIVE": 0.01110494169905608,
        "INVALID": 0,
        "MALICIOUS": 0,
        "SANE": 0,
        "VALID": 0,
        "total": 100.00503403349119
    }
}