{
    "counter": {
        "ACTIVE": 14813,
        "INACTIVE": 108,
        "INVALID": 0,
        "MALICIOUS": 0,
        "SANE": 0,
        "VALID": 0,
        "total": 14921
    },
    "percentage": {
        "ACTIVE": 99.27618792306146,
        "INACTIVE": 0.7356447108507594,
        "INVALID": 0,
        "MALICIOUS": 0,
        "SANE": 0,
        "VALID": 0,
        "total": 100.01183263391222
    }
}