{
    "counter": {
        "ACTIVE": 33799,
        "INACTIVE": 1,
        "INVALID": 0,
        "MALICIOUS": 0,
        "SANE": 0,
        "VALID": 0,
        "total": 33800
    },
    "percentage": {
        "ACTIVE": 99.99704142011835,
        "INACTIVE": 0.0029585798816568047,
        "INVALID": 0.0,
        "MALICIOUS": 0.0,
        "SANE": 0.0,
        "VALID": 0.0,
        "total": 100.0
    }
}