{
    "counter": {
        "ACTIVE": 8677,
        "INACTIVE": 1,
        "INVALID": 0,
        "MALICIOUS": 0,
        "SANE": 0,
        "VALID": 0,
        "total": 8678
    },
    "percentage": {
        "ACTIVE": 99.98847660751325,
        "INACTIVE": 0.014194464158977998,
        "INVALID": 0,
        "MALICIOUS": 0,
        "SANE": 0,
        "VALID": 0,
        "total": 100.00267107167222
    }
}