{
    "counter": {
        "ACTIVE": 9138,
        "INACTIVE": 21,
        "INVALID": 0,
        "MALICIOUS": 0,
        "SANE": 0,
        "VALID": 0,
        "total": 9159
    },
    "percentage": {
        "ACTIVE": 99.77071732721913,
        "INACTIVE": 0.26626093571700266,
        "INVALID": 0,
        "MALICIOUS": 0,
        "SANE": 0,
        "VALID": 0,
        "total": 100.03697826293613
    }
}