{
    "counter": {
        "ACTIVE": 7640,
        "INACTIVE": 4,
        "INVALID": 0,
        "MALICIOUS": 0,
        "SANE": 0,
        "VALID": 0,
        "total": 7644
    },
    "percentage": {
        "ACTIVE": 99.94767137624281,
        "INACTIVE": 0.06720430107526881,
        "INVALID": 0,
        "MALICIOUS": 0,
        "SANE": 0,
        "VALID": 0,
        "total": 100.01487567731807
    }
}