{
    "counter": {
        "ACTIVE": 17332,
        "INACTIVE": 52,
        "INVALID": 0,
        "MALICIOUS": 0,
        "SANE": 0,
        "VALID": 0,
        "total": 17384
    },
    "percentage": {
        "ACTIVE": 99.70087436723423,
        "INACTIVE": 0.3013269977400475,
        "INVALID": 0,
        "MALICIOUS": 0,
        "SANE": 0,
        "VALID": 0,
        "total": 100.00220136497428
    }
}