{
    "counter": {
        "ACTIVE": 6662,
        "INACTIVE": 13,
        "INVALID": 0,
        "MALICIOUS": 0,
        "SANE": 0,
        "VALID": 0,
        "total": 6675
    },
    "percentage": {
        "ACTIVE": 99.80524344569288,
        "INACTIVE": 0.25232919254658387,
        "INVALID": 0,
        "MALICIOUS": 0,
        "SANE": 0,
        "VALID": 0,
        "total": 100.05757263823946
    }
}