{
    "counter": {
        "ACTIVE": 16008,
        "INACTIVE": 1718,
        "INVALID": 0,
        "MALICIOUS": 0,
        "SANE": 0,
        "VALID": 0,
        "total": 17726
    },
    "percentage": {
        "ACTIVE": 90.30802211440822,
        "INACTIVE": 9.691977885591786,
        "INVALID": 0.0,
        "MALICIOUS": 0.0,
        "SANE": 0.0,
        "VALID": 0.0,
        "total": 100.0
    }
}