{
    "counter": {
        "ACTIVE": 10548,
        "INACTIVE": 2,
        "INVALID": 0,
        "MALICIOUS": 0,
        "SANE": 0,
        "VALID": 0,
        "total": 10550
    },
    "percentage": {
        "ACTIVE": 99.98104265402844,
        "INACTIVE": 0.02875215641173088,
        "INVALID": 0,
        "MALICIOUS": 0,
        "SANE": 0,
        "VALID": 0,
        "total": 100.00979481044017
    }
}