{
    "counter": {
        "ACTIVE": 15922,
        "INACTIVE": 47,
        "INVALID": 0,
        "MALICIOUS": 0,
        "SANE": 0,
        "VALID": 0,
        "total": 15969
    },
    "percentage": {
        "ACTIVE": 99.7056797545244,
        "INACTIVE": 0.3061490359562272,
        "INVALID": 0,
        "MALICIOUS": 0,
        "SANE": 0,
        "VALID": 0,
        "total": 100.01182879048062
    }
}