{
    "counter": {
        "ACTIVE": 33358,
        "INACTIVE": 4,
        "INVALID": 0,
        "MALICIOUS": 0,
        "SANE": 0,
        "VALID": 0,
        "total": 33362
    },
    "percentage": {
        "ACTIVE": 99.98801031113243,
        "INACTIVE": 0.011989688867573886,
        "INVALID": 0.0,
        "MALICIOUS": 0.0,
        "SANE": 0.0,
        "VALID": 0.0,
        "total": 100.0
    }
}