{
    "counter": {
        "ACTIVE": 17876,
        "INACTIVE": 6,
        "INVALID": 0,
        "MALICIOUS": 0,
        "SANE": 0,
        "VALID": 0,
        "total": 17882
    },
    "percentage": {
        "ACTIVE": 99.966446706185,
        "INACTIVE": 0.033818058843422386,
        "INVALID": 0,
        "MALICIOUS": 0,
        "SANE": 0,
        "VALID": 0,
        "total": 100.00026476502842
    }
}