{
    "counter": {
        "ACTIVE": 16092,
        "INACTIVE": 30,
        "INVALID": 0,
        "MALICIOUS": 0,
        "SANE": 0,
        "VALID": 0,
        "total": 16122
    },
    "percentage": {
        "ACTIVE": 99.81391886862671,
        "INACTIVE": 0.2044711014176663,
        "INVALID": 0,
        "MALICIOUS": 0,
        "SANE": 0,
        "VALID": 0,
        "total": 100.01838997004438
    }
}