{
    "counter": {
        "ACTIVE": 23193,
        "INACTIVE": 1059,
        "INVALID": 0,
        "MALICIOUS": 0,
        "SANE": 0,
        "VALID": 0,
        "total": 24252
    },
    "percentage": {
        "ACTIVE": 95.6333498268184,
        "INACTIVE": 4.366650173181593,
        "INVALID": 0.0,
        "MALICIOUS": 0.0,
        "SANE": 0.0,
        "VALID": 0.0,
        "total": 100.0
    }
}