{
    "counter": {
        "ACTIVE": 17731,
        "INACTIVE": 3,
        "INVALID": 0,
        "MALICIOUS": 0,
        "SANE": 0,
        "VALID": 0,
        "total": 17734
    },
    "percentage": {
        "ACTIVE": 99.98308334273148,
        "INACTIVE": 0.01691665726852374,
        "INVALID": 0.0,
        "MALICIOUS": 0.0,
        "SANE": 0.0,
        "VALID": 0.0,
        "total": 100.0
    }
}