{
    "counter": {
        "ACTIVE": 33448,
        "INACTIVE": 4,
        "INVALID": 0,
        "MALICIOUS": 0,
        "SANE": 0,
        "VALID": 0,
        "total": 33452
    },
    "percentage": {
        "ACTIVE": 99.9880425684563,
        "INACTIVE": 0.011957431543704412,
        "INVALID": 0.0,
        "MALICIOUS": 0.0,
        "SANE": 0.0,
        "VALID": 0.0,
        "total": 100.0
    }
}