{
    "counter": {
        "ACTIVE": 9603,
        "INACTIVE": 4,
        "INVALID": 0,
        "MALICIOUS": 0,
        "SANE": 0,
        "VALID": 0,
        "total": 9607
    },
    "percentage": {
        "ACTIVE": 99.95836369314041,
        "INACTIVE": 0.06720430107526881,
        "INVALID": 0,
        "MALICIOUS": 0,
        "SANE": 0,
        "VALID": 0,
        "total": 100.02556799421568
    }
}