{
    "counter": {
        "ACTIVE": 20925,
        "INACTIVE": 376,
        "INVALID": 0,
        "MALICIOUS": 0,
        "SANE": 0,
        "VALID": 0,
        "total": 21301
    },
    "percentage": {
        "ACTIVE": 98.23482465611943,
        "INACTIVE": 1.765175343880569,
        "INVALID": 0.0,
        "MALICIOUS": 0.0,
        "SANE": 0.0,
        "VALID": 0.0,
        "total": 100.0
    }
}