{
    "counter": {
        "ACTIVE": 17419,
        "INACTIVE": 53,
        "INVALID": 0,
        "MALICIOUS": 0,
        "SANE": 0,
        "VALID": 0,
        "total": 17472
    },
    "percentage": {
        "ACTIVE": 99.6966575091575,
        "INACTIVE": 0.3036553225621634,
        "INVALID": 0,
        "MALICIOUS": 0,
        "SANE": 0,
        "VALID": 0,
        "total": 100.00031283171967
    }
}