{
    "counter": {
        "ACTIVE": 32331,
        "INACTIVE": 12,
        "INVALID": 0,
        "MALICIOUS": 0,
        "SANE": 0,
        "VALID": 0,
        "total": 32343
    },
    "percentage": {
        "ACTIVE": 99.96289769038123,
        "INACTIVE": 0.03710230961877377,
        "INVALID": 0.0,
        "MALICIOUS": 0.0,
        "SANE": 0.0,
        "VALID": 0.0,
        "total": 100.0
    }
}