{
    "counter": {
        "ACTIVE": 17696,
        "INACTIVE": 185,
        "INVALID": 0,
        "MALICIOUS": 0,
        "SANE": 0,
        "VALID": 0,
        "total": 17881
    },
    "percentage": {
        "ACTIVE": 98.96538224931491,
        "INACTIVE": 1.0346177506850847,
        "INVALID": 0.0,
        "MALICIOUS": 0.0,
        "SANE": 0.0,
        "VALID": 0.0,
        "total": 100.0
    }
}