{
    "counter": {
        "ACTIVE": 15699,
        "INACTIVE": 3,
        "INVALID": 0,
        "MALICIOUS": 0,
        "SANE": 0,
        "VALID": 0,
        "total": 15702
    },
    "percentage": {
        "ACTIVE": 99.980894153611,
        "INACTIVE": 0.019105846388995033,
        "INVALID": 0.0,
        "MALICIOUS": 0.0,
        "SANE": 0.0,
        "VALID": 0.0,
        "total": 100.0
    }
}