{
    "counter": {
        "ACTIVE": 16807,
        "INACTIVE": 1,
        "INVALID": 0,
        "MALICIOUS": 0,
        "SANE": 0,
        "VALID": 0,
        "total": 16808
    },
    "percentage": {
        "ACTIVE": 99.99405045216564,
        "INACTIVE": 0.012289541600098316,
        "INVALID": 0,
        "MALICIOUS": 0,
        "SANE": 0,
        "VALID": 0,
        "total": 100.00633999376574
    }
}