{
    "counter": {
        "ACTIVE": 17877,
        "INACTIVE": 4,
        "INVALID": 0,
        "MALICIOUS": 0,
        "SANE": 0,
        "VALID": 0,
        "total": 17881
    },
    "percentage": {
        "ACTIVE": 99.97762988647168,
        "INACTIVE": 0.023850694651481725,
        "INVALID": 0,
        "MALICIOUS": 0,
        "SANE": 0,
        "VALID": 0,
        "total": 100.00148058112316
    }
}