{
    "counter": {
        "ACTIVE": 16864,
        "INACTIVE": 2,
        "INVALID": 0,
        "MALICIOUS": 0,
        "SANE": 0,
        "VALID": 0,
        "total": 16866
    },
    "percentage": {
        "ACTIVE": 99.9881418237875,
        "INACTIVE": 0.01197246333433104,
        "INVALID": 0,
        "MALICIOUS": 0,
        "SANE": 0,
        "VALID": 0,
        "total": 100.00011428712183
    }
}