{
    "counter": {
        "ACTIVE": 5391,
        "INACTIVE": 2,
        "INVALID": 0,
        "MALICIOUS": 0,
        "SANE": 0,
        "VALID": 0,
        "total": 5393
    },
    "percentage": {
        "ACTIVE": 99.9629148896718,
        "INACTIVE": 0.044218439089100156,
        "INVALID": 0,
        "MALICIOUS": 0,
        "SANE": 0,
        "VALID": 0,
        "total": 100.0071333287609
    }
}