{
    "counter": {
        "ACTIVE": 18564,
        "INACTIVE": 5,
        "INVALID": 0,
        "MALICIOUS": 0,
        "SANE": 0,
        "VALID": 0,
        "total": 18569
    },
    "percentage": {
        "ACTIVE": 99.9730734019064,
        "INACTIVE": 0.02796733415370847,
        "INVALID": 0,
        "MALICIOUS": 0,
        "SANE": 0,
        "VALID": 0,
        "total": 100.00104073606012
    }
}