{
    "counter": {
        "ACTIVE": 20148,
        "INACTIVE": 366,
        "INVALID": 0,
        "MALICIOUS": 0,
        "SANE": 0,
        "VALID": 0,
        "total": 20514
    },
    "percentage": {
        "ACTIVE": 98.21585258847617,
        "INACTIVE": 1.7927115987460815,
        "INVALID": 0,
        "MALICIOUS": 0,
        "SANE": 0,
        "VALID": 0,
        "total": 100.00856418722225
    }
}