{
    "counter": {
        "ACTIVE": 14379,
        "INACTIVE": 20,
        "INVALID": 0,
        "MALICIOUS": 0,
        "SANE": 0,
        "VALID": 0,
        "total": 14399
    },
    "percentage": {
        "ACTIVE": 99.86110146537953,
        "INACTIVE": 0.13889853462045976,
        "INVALID": 0.0,
        "MALICIOUS": 0.0,
        "SANE": 0.0,
        "VALID": 0.0,
        "total": 100.0
    }
}