{
    "counter": {
        "ACTIVE": 14957,
        "INACTIVE": 30,
        "INVALID": 0,
        "MALICIOUS": 0,
        "SANE": 0,
        "VALID": 0,
        "total": 14987
    },
    "percentage": {
        "ACTIVE": 99.79982651631414,
        "INACTIVE": 0.2044711014176663,
        "INVALID": 0,
        "MALICIOUS": 0,
        "SANE": 0,
        "VALID": 0,
        "total": 100.00429761773181
    }
}