{
    "counter": {
        "ACTIVE": 17096,
        "INACTIVE": 4,
        "INVALID": 0,
        "MALICIOUS": 0,
        "SANE": 0,
        "VALID": 0,
        "total": 17100
    },
    "percentage": {
        "ACTIVE": 99.9766081871345,
        "INACTIVE": 0.02374309966166083,
        "INVALID": 0,
        "MALICIOUS": 0,
        "SANE": 0,
        "VALID": 0,
        "total": 100.00035128679616
    }
}