{
    "counter": {
        "ACTIVE": 17164,
        "INACTIVE": 2,
        "INVALID": 0,
        "MALICIOUS": 0,
        "SANE": 0,
        "VALID": 0,
        "total": 17166
    },
    "percentage": {
        "ACTIVE": 99.9883490620995,
        "INACTIVE": 0.02247191011235955,
        "INVALID": 0,
        "MALICIOUS": 0,
        "SANE": 0,
        "VALID": 0,
        "total": 100.01082097221186
    }
}