{
    "counter": {
        "ACTIVE": 16092,
        "INACTIVE": 1719,
        "INVALID": 0,
        "MALICIOUS": 0,
        "SANE": 0,
        "VALID": 0,
        "total": 17811
    },
    "percentage": {
        "ACTIVE": 90.34866093986862,
        "INACTIVE": 9.651339060131379,
        "INVALID": 0.0,
        "MALICIOUS": 0.0,
        "SANE": 0.0,
        "VALID": 0.0,
        "total": 100.0
    }
}