{
    "counter": {
        "ACTIVE": 16895,
        "INACTIVE": 3,
        "INVALID": 0,
        "MALICIOUS": 0,
        "SANE": 0,
        "VALID": 0,
        "total": 16898
    },
    "percentage": {
        "ACTIVE": 99.98224641969463,
        "INACTIVE": 0.01775358030536158,
        "INVALID": 0.0,
        "MALICIOUS": 0.0,
        "SANE": 0.0,
        "VALID": 0.0,
        "total": 100.0
    }
}