{
    "counter": {
        "ACTIVE": 17249,
        "INACTIVE": 25,
        "INVALID": 0,
        "MALICIOUS": 0,
        "SANE": 0,
        "VALID": 0,
        "total": 17274
    },
    "percentage": {
        "ACTIVE": 99.8552738219289,
        "INACTIVE": 0.1447261780710895,
        "INVALID": 0.0,
        "MALICIOUS": 0.0,
        "SANE": 0.0,
        "VALID": 0.0,
        "total": 100.0
    }
}