{
    "counter": {
        "ACTIVE": 12008,
        "INACTIVE": 111,
        "INVALID": 0,
        "MALICIOUS": 0,
        "SANE": 0,
        "VALID": 0,
        "total": 12119
    },
    "percentage": {
        "ACTIVE": 99.08408284511924,
        "INACTIVE": 0.9159171548807657,
        "INVALID": 0.0,
        "MALICIOUS": 0.0,
        "SANE": 0.0,
        "VALID": 0.0,
        "total": 100.0
    }
}