{
    "counter": {
        "ACTIVE": 170,
        "INACTIVE": 1311,
        "INVALID": 0,
        "MALICIOUS": 0,
        "SANE": 0,
        "VALID": 0,
        "total": 1481
    },
    "percentage": {
        "ACTIVE": 11.478730587440918,
        "INACTIVE": 88.52126941255908,
        "INVALID": 0.0,
        "MALICIOUS": 0.0,
        "SANE": 0.0,
        "VALID": 0.0,
        "total": 100.0
    }
}