{
    "counter": {
        "ACTIVE": 16572,
        "INACTIVE": 4,
        "INVALID": 0,
        "MALICIOUS": 0,
        "SANE": 0,
        "VALID": 0,
        "total": 16576
    },
    "percentage": {
        "ACTIVE": 99.97586872586872,
        "INACTIVE": 0.06720430107526881,
        "INVALID": 0,
        "MALICIOUS": 0,
        "SANE": 0,
        "VALID": 0,
        "total": 100.04307302694399
    }
}