{
    "counter": {
        "ACTIVE": 24307,
        "INACTIVE": 4,
        "INVALID": 0,
        "MALICIOUS": 0,
        "SANE": 0,
        "VALID": 0,
        "total": 24311
    },
    "percentage": {
        "ACTIVE": 99.98354654271729,
        "INACTIVE": 0.06720430107526881,
        "INVALID": 0,
        "MALICIOUS": 0,
        "SANE": 0,
        "VALID": 0,
        "total": 100.05075084379256
    }
}