{
    "counter": {
        "ACTIVE": 42215,
        "INACTIVE": 73,
        "INVALID": 0,
        "MALICIOUS": 0,
        "SANE": 0,
        "VALID": 0,
        "total": 42288
    },
    "percentage": {
        "ACTIVE": 99.8273741959894,
        "INACTIVE": 0.17262580401059402,
        "INVALID": 0.0,
        "MALICIOUS": 0.0,
        "SANE": 0.0,
        "VALID": 0.0,
        "total": 100.0
    }
}