{
    "counter": {
        "ACTIVE": 17640,
        "INACTIVE": 1,
        "INVALID": 0,
        "MALICIOUS": 0,
        "SANE": 0,
        "VALID": 0,
        "total": 17641
    },
    "percentage": {
        "ACTIVE": 99.99433138710957,
        "INACTIVE": 0.014553922282055013,
        "INVALID": 0,
        "MALICIOUS": 0,
        "SANE": 0,
        "VALID": 0,
        "total": 100.00888530939163
    }
}