{
    "counter": {
        "ACTIVE": 18098,
        "INACTIVE": 5,
        "INVALID": 0,
        "MALICIOUS": 0,
        "SANE": 0,
        "VALID": 0,
        "total": 18103
    },
    "percentage": {
        "ACTIVE": 99.9723802684638,
        "INACTIVE": 0.02796733415370847,
        "INVALID": 0,
        "MALICIOUS": 0,
        "SANE": 0,
        "VALID": 0,
        "total": 100.00034760261751
    }
}