{
    "counter": {
        "ACTIVE": 12260,
        "INACTIVE": 20,
        "INVALID": 0,
        "MALICIOUS": 0,
        "SANE": 0,
        "VALID": 0,
        "total": 12280
    },
    "percentage": {
        "ACTIVE": 99.8371335504886,
        "INACTIVE": 0.1756388864494599,
        "INVALID": 0,
        "MALICIOUS": 0,
        "SANE": 0,
        "VALID": 0,
        "total": 100.01277243693806
    }
}