{
    "counter": {
        "ACTIVE": 16469,
        "INACTIVE": 112,
        "INVALID": 0,
        "MALICIOUS": 0,
        "SANE": 0,
        "VALID": 0,
        "total": 16581
    },
    "percentage": {
        "ACTIVE": 99.32452807430191,
        "INACTIVE": 0.687707233206435,
        "INVALID": 0,
        "MALICIOUS": 0,
        "SANE": 0,
        "VALID": 0,
        "total": 100.01223530750835
    }
}