{
    "counter": {
        "ACTIVE": 20920,
        "INACTIVE": 376,
        "INVALID": 0,
        "MALICIOUS": 0,
        "SANE": 0,
        "VALID": 0,
        "total": 21296
    },
    "percentage": {
        "ACTIVE": 98.23441021788129,
        "INACTIVE": 1.7655897821187077,
        "INVALID": 0.0,
        "MALICIOUS": 0.0,
        "SANE": 0.0,
        "VALID": 0.0,
        "total": 100.0
    }
}