{
    "counter": {
        "ACTIVE": 17713,
        "INACTIVE": 114,
        "INVALID": 0,
        "MALICIOUS": 0,
        "SANE": 0,
        "VALID": 0,
        "total": 17827
    },
    "percentage": {
        "ACTIVE": 99.36052055870309,
        "INACTIVE": 0.6436677770876856,
        "INVALID": 0,
        "MALICIOUS": 0,
        "SANE": 0,
        "VALID": 0,
        "total": 100.00418833579077
    }
}