{
    "counter": {
        "ACTIVE": 15903,
        "INACTIVE": 1718,
        "INVALID": 0,
        "MALICIOUS": 0,
        "SANE": 0,
        "VALID": 0,
        "total": 17621
    },
    "percentage": {
        "ACTIVE": 90.25026956472391,
        "INACTIVE": 9.74973043527609,
        "INVALID": 0.0,
        "MALICIOUS": 0.0,
        "SANE": 0.0,
        "VALID": 0.0,
        "total": 100.0
    }
}