{
    "counter": {
        "ACTIVE": 7062,
        "INACTIVE": 6,
        "INVALID": 0,
        "MALICIOUS": 0,
        "SANE": 0,
        "VALID": 0,
        "total": 7068
    },
    "percentage": {
        "ACTIVE": 99.9151103565365,
        "INACTIVE": 0.20512820512820512,
        "INVALID": 0,
        "MALICIOUS": 0,
        "SANE": 0,
        "VALID": 0,
        "total": 100.1202385616647
    }
}