{
    "counter": {
        "ACTIVE": 11838,
        "INACTIVE": 107,
        "INVALID": 0,
        "MALICIOUS": 0,
        "SANE": 0,
        "VALID": 0,
        "total": 11945
    },
    "percentage": {
        "ACTIVE": 99.10422771033906,
        "INACTIVE": 0.9132809832707409,
        "INVALID": 0,
        "MALICIOUS": 0,
        "SANE": 0,
        "VALID": 0,
        "total": 100.0175086936098
    }
}