{
    "counter": {
        "ACTIVE": 17593,
        "INACTIVE": 2,
        "INVALID": 0,
        "MALICIOUS": 0,
        "SANE": 0,
        "VALID": 0,
        "total": 17595
    },
    "percentage": {
        "ACTIVE": 99.98863313441319,
        "INACTIVE": 0.011429224527115835,
        "INVALID": 0,
        "MALICIOUS": 0,
        "SANE": 0,
        "VALID": 0,
        "total": 100.00006235894031
    }
}