{
    "counter": {
        "ACTIVE": 71159,
        "INACTIVE": 1807,
        "INVALID": 0,
        "MALICIOUS": 0,
        "SANE": 0,
        "VALID": 0,
        "total": 72966
    },
    "percentage": {
        "ACTIVE": 97.52350409779898,
        "INACTIVE": 2.4764959022010253,
        "INVALID": 0.0,
        "MALICIOUS": 0.0,
        "SANE": 0.0,
        "VALID": 0.0,
        "total": 100.0
    }
}