{
    "counter": {
        "ACTIVE": 17514,
        "INACTIVE": 2,
        "INVALID": 0,
        "MALICIOUS": 0,
        "SANE": 0,
        "VALID": 0,
        "total": 17516
    },
    "percentage": {
        "ACTIVE": 99.98858186800639,
        "INACTIVE": 0.013089861901956934,
        "INVALID": 0,
        "MALICIOUS": 0,
        "SANE": 0,
        "VALID": 0,
        "total": 100.00167172990835
    }
}