{
    "counter": {
        "ACTIVE": 15981,
        "INACTIVE": 4,
        "INVALID": 0,
        "MALICIOUS": 0,
        "SANE": 0,
        "VALID": 0,
        "total": 15985
    },
    "percentage": {
        "ACTIVE": 99.97497654050673,
        "INACTIVE": 0.06720430107526881,
        "INVALID": 0,
        "MALICIOUS": 0,
        "SANE": 0,
        "VALID": 0,
        "total": 100.042180841582
    }
}