{
    "counter": {
        "ACTIVE": 12892,
        "INACTIVE": 18,
        "INVALID": 0,
        "MALICIOUS": 0,
        "SANE": 0,
        "VALID": 0,
        "total": 12910
    },
    "percentage": {
        "ACTIVE": 99.86057319907049,
        "INACTIVE": 0.139426800929512,
        "INVALID": 0.0,
        "MALICIOUS": 0.0,
        "SANE": 0.0,
        "VALID": 0.0,
        "total": 100.0
    }
}