{
    "counter": {
        "ACTIVE": 14974,
        "INACTIVE": 2,
        "INVALID": 0,
        "MALICIOUS": 0,
        "SANE": 0,
        "VALID": 0,
        "total": 14976
    },
    "percentage": {
        "ACTIVE": 99.9866452991453,
        "INACTIVE": 0.02875215641173088,
        "INVALID": 0,
        "MALICIOUS": 0,
        "SANE": 0,
        "VALID": 0,
        "total": 100.01539745555702
    }
}