{
    "counter": {
        "ACTIVE": 16390,
        "INACTIVE": 1,
        "INVALID": 0,
        "MALICIOUS": 0,
        "SANE": 0,
        "VALID": 0,
        "total": 16391
    },
    "percentage": {
        "ACTIVE": 99.99389909096455,
        "INACTIVE": 0.01440299582313121,
        "INVALID": 0,
        "MALICIOUS": 0,
        "SANE": 0,
        "VALID": 0,
        "total": 100.00830208678768
    }
}