{
    "counter": {
        "ACTIVE": 17732,
        "INACTIVE": 3,
        "INVALID": 0,
        "MALICIOUS": 0,
        "SANE": 0,
        "VALID": 0,
        "total": 17735
    },
    "percentage": {
        "ACTIVE": 99.98308429658867,
        "INACTIVE": 0.01691570341133352,
        "INVALID": 0.0,
        "MALICIOUS": 0.0,
        "SANE": 0.0,
        "VALID": 0.0,
        "total": 100.0
    }
}