{
    "counter": {
        "ACTIVE": 15828,
        "INACTIVE": 109,
        "INVALID": 0,
        "MALICIOUS": 0,
        "SANE": 0,
        "VALID": 0,
        "total": 15937
    },
    "percentage": {
        "ACTIVE": 99.31605697433645,
        "INACTIVE": 0.7187603033300363,
        "INVALID": 0,
        "MALICIOUS": 0,
        "SANE": 0,
        "VALID": 0,
        "total": 100.03481727766649
    }
}