{
    "counter": {
        "ACTIVE": 10569,
        "INACTIVE": 11,
        "INVALID": 0,
        "MALICIOUS": 0,
        "SANE": 0,
        "VALID": 0,
        "total": 10580
    },
    "percentage": {
        "ACTIVE": 99.89603024574669,
        "INACTIVE": 0.11849617580523537,
        "INVALID": 0,
        "MALICIOUS": 0,
        "SANE": 0,
        "VALID": 0,
        "total": 100.01452642155192
    }
}