{
    "counter": {
        "ACTIVE": 17475,
        "INACTIVE": 185,
        "INVALID": 0,
        "MALICIOUS": 0,
        "SANE": 0,
        "VALID": 0,
        "total": 17660
    },
    "percentage": {
        "ACTIVE": 98.9524348810872,
        "INACTIVE": 1.0475651189127972,
        "INVALID": 0.0,
        "MALICIOUS": 0.0,
        "SANE": 0.0,
        "VALID": 0.0,
        "total": 100.0
    }
}