{
    "counter": {
        "ACTIVE": 16302,
        "INACTIVE": 147,
        "INVALID": 0,
        "MALICIOUS": 0,
        "SANE": 0,
        "VALID": 0,
        "total": 16449
    },
    "percentage": {
        "ACTIVE": 99.1063286521977,
        "INACTIVE": 0.8952496954933008,
        "INVALID": 0,
        "MALICIOUS": 0,
        "SANE": 0,
        "VALID": 0,
        "total": 100.00157834769101
    }
}