{
    "counter": {
        "ACTIVE": 17910,
        "INACTIVE": 4,
        "INVALID": 0,
        "MALICIOUS": 0,
        "SANE": 0,
        "VALID": 0,
        "total": 17914
    },
    "percentage": {
        "ACTIVE": 99.97767109523278,
        "INACTIVE": 0.023850694651481725,
        "INVALID": 0,
        "MALICIOUS": 0,
        "SANE": 0,
        "VALID": 0,
        "total": 100.00152178988426
    }
}