{
    "counter": {
        "ACTIVE": 17708,
        "INACTIVE": 114,
        "INVALID": 0,
        "MALICIOUS": 0,
        "SANE": 0,
        "VALID": 0,
        "total": 17822
    },
    "percentage": {
        "ACTIVE": 99.36034115138592,
        "INACTIVE": 0.6436677770876856,
        "INVALID": 0,
        "MALICIOUS": 0,
        "SANE": 0,
        "VALID": 0,
        "total": 100.00400892847361
    }
}