{
    "counter": {
        "ACTIVE": 29226,
        "INACTIVE": 6,
        "INVALID": 0,
        "MALICIOUS": 0,
        "SANE": 0,
        "VALID": 0,
        "total": 29232
    },
    "percentage": {
        "ACTIVE": 99.97947454844007,
        "INACTIVE": 0.025296176061385386,
        "INVALID": 0,
        "MALICIOUS": 0,
        "SANE": 0,
        "VALID": 0,
        "total": 100.00477072450145
    }
}