{
    "counter": {
        "ACTIVE": 16236,
        "INACTIVE": 1,
        "INVALID": 0,
        "MALICIOUS": 0,
        "SANE": 0,
        "VALID": 0,
        "total": 16237
    },
    "percentage": {
        "ACTIVE": 99.99384122682761,
        "INACTIVE": 0.014553922282055013,
        "INVALID": 0,
        "MALICIOUS": 0,
        "SANE": 0,
        "VALID": 0,
        "total": 100.00839514910967
    }
}