{
    "counter": {
        "ACTIVE": 44577,
        "INACTIVE": 1,
        "INVALID": 0,
        "MALICIOUS": 0,
        "SANE": 0,
        "VALID": 0,
        "total": 44578
    },
    "percentage": {
        "ACTIVE": 99.99775674099331,
        "INACTIVE": 0.002243259006684912,
        "INVALID": 0.0,
        "MALICIOUS": 0.0,
        "SANE": 0.0,
        "VALID": 0.0,
        "total": 100.0
    }
}