{
    "counter": {
        "ACTIVE": 17723,
        "INACTIVE": 7,
        "INVALID": 0,
        "MALICIOUS": 0,
        "SANE": 0,
        "VALID": 0,
        "total": 17730
    },
    "percentage": {
        "ACTIVE": 99.96051889452905,
        "INACTIVE": 0.039624136759877734,
        "INVALID": 0,
        "MALICIOUS": 0,
        "SANE": 0,
        "VALID": 0,
        "total": 100.00014303128893
    }
}