{
    "counter": {
        "ACTIVE": 16696,
        "INACTIVE": 1,
        "INVALID": 0,
        "MALICIOUS": 0,
        "SANE": 0,
        "VALID": 0,
        "total": 16697
    },
    "percentage": {
        "ACTIVE": 99.99401090016171,
        "INACTIVE": 0.014553922282055013,
        "INVALID": 0,
        "MALICIOUS": 0,
        "SANE": 0,
        "VALID": 0,
        "total": 100.00856482244377
    }
}