{
    "counter": {
        "ACTIVE": 16676,
        "INACTIVE": 1,
        "INVALID": 0,
        "MALICIOUS": 0,
        "SANE": 0,
        "VALID": 0,
        "total": 16677
    },
    "percentage": {
        "ACTIVE": 99.99400371769502,
        "INACTIVE": 0.012289541600098316,
        "INVALID": 0,
        "MALICIOUS": 0,
        "SANE": 0,
        "VALID": 0,
        "total": 100.00629325929512
    }
}