{
    "counter": {
        "ACTIVE": 23044,
        "INACTIVE": 4,
        "INVALID": 0,
        "MALICIOUS": 0,
        "SANE": 0,
        "VALID": 0,
        "total": 23048
    },
    "percentage": {
        "ACTIVE": 99.98264491496008,
        "INACTIVE": 0.06720430107526881,
        "INVALID": 0,
        "MALICIOUS": 0,
        "SANE": 0,
        "VALID": 0,
        "total": 100.04984921603534
    }
}