{
    "counter": {
        "ACTIVE": 10258,
        "INACTIVE": 1,
        "INVALID": 0,
        "MALICIOUS": 0,
        "SANE": 0,
        "VALID": 0,
        "total": 10259
    },
    "percentage": {
        "ACTIVE": 99.99025246125353,
        "INACTIVE": 0.014448779078167894,
        "INVALID": 0,
        "MALICIOUS": 0,
        "SANE": 0,
        "VALID": 0,
        "total": 100.0047012403317
    }
}