{
    "counter": {
        "ACTIVE": 14849,
        "INACTIVE": 1673,
        "INVALID": 0,
        "MALICIOUS": 0,
        "SANE": 0,
        "VALID": 0,
        "total": 16522
    },
    "percentage": {
        "ACTIVE": 89.87410725093814,
        "INACTIVE": 10.125892749061856,
        "INVALID": 0.0,
        "MALICIOUS": 0.0,
        "SANE": 0.0,
        "VALID": 0.0,
        "total": 100.0
    }
}