{
    "counter": {
        "ACTIVE": 9133,
        "INACTIVE": 931,
        "INVALID": 0,
        "MALICIOUS": 0,
        "SANE": 0,
        "VALID": 0,
        "total": 10064
    },
    "percentage": {
        "ACTIVE": 90.74920508744039,
        "INACTIVE": 9.250794912559618,
        "INVALID": 0.0,
        "MALICIOUS": 0.0,
        "SANE": 0.0,
        "VALID": 0.0,
        "total": 100.0
    }
}