{
    "counter": {
        "ACTIVE": 41375,
        "INACTIVE": 15,
        "INVALID": 0,
        "MALICIOUS": 0,
        "SANE": 0,
        "VALID": 0,
        "total": 41390
    },
    "percentage": {
        "ACTIVE": 99.96375936216478,
        "INACTIVE": 0.0362406378352259,
        "INVALID": 0.0,
        "MALICIOUS": 0.0,
        "SANE": 0.0,
        "VALID": 0.0,
        "total": 100.0
    }
}