{
    "counter": {
        "ACTIVE": 17652,
        "INACTIVE": 54,
        "INVALID": 0,
        "MALICIOUS": 0,
        "SANE": 0,
        "VALID": 0,
        "total": 17706
    },
    "percentage": {
        "ACTIVE": 99.69501863774991,
        "INACTIVE": 0.3064177495318618,
        "INVALID": 0,
        "MALICIOUS": 0,
        "SANE": 0,
        "VALID": 0,
        "total": 100.00143638728177
    }
}