{
    "counter": {
        "ACTIVE": 17645,
        "INACTIVE": 4,
        "INVALID": 0,
        "MALICIOUS": 0,
        "SANE": 0,
        "VALID": 0,
        "total": 17649
    },
    "percentage": {
        "ACTIVE": 99.97733582639243,
        "INACTIVE": 0.023144130070010992,
        "INVALID": 0,
        "MALICIOUS": 0,
        "SANE": 0,
        "VALID": 0,
        "total": 100.00047995646244
    }
}