{
    "counter": {
        "ACTIVE": 17383,
        "INACTIVE": 1,
        "INVALID": 0,
        "MALICIOUS": 0,
        "SANE": 0,
        "VALID": 0,
        "total": 17384
    },
    "percentage": {
        "ACTIVE": 99.99424758398527,
        "INACTIVE": 0.012289541600098316,
        "INVALID": 0,
        "MALICIOUS": 0,
        "SANE": 0,
        "VALID": 0,
        "total": 100.00653712558537
    }
}