{
    "counter": {
        "ACTIVE": 17012,
        "INACTIVE": 52,
        "INVALID": 0,
        "MALICIOUS": 0,
        "SANE": 0,
        "VALID": 0,
        "total": 17064
    },
    "percentage": {
        "ACTIVE": 99.6952648851383,
        "INACTIVE": 0.30473511486169713,
        "INVALID": 0.0,
        "MALICIOUS": 0.0,
        "SANE": 0.0,
        "VALID": 0.0,
        "total": 100.0
    }
}