{
    "counter": {
        "ACTIVE": 14617,
        "INACTIVE": 4,
        "INVALID": 0,
        "MALICIOUS": 0,
        "SANE": 0,
        "VALID": 0,
        "total": 14621
    },
    "percentage": {
        "ACTIVE": 99.97264209014432,
        "INACTIVE": 0.06720430107526881,
        "INVALID": 0,
        "MALICIOUS": 0,
        "SANE": 0,
        "VALID": 0,
        "total": 100.03984639121958
    }
}