{
    "counter": {
        "ACTIVE": 17593,
        "INACTIVE": 3,
        "INVALID": 0,
        "MALICIOUS": 0,
        "SANE": 0,
        "VALID": 0,
        "total": 17596
    },
    "percentage": {
        "ACTIVE": 99.98295067060695,
        "INACTIVE": 0.017049329393043874,
        "INVALID": 0.0,
        "MALICIOUS": 0.0,
        "SANE": 0.0,
        "VALID": 0.0,
        "total": 100.0
    }
}