{
    "counter": {
        "ACTIVE": 17017,
        "INACTIVE": 2,
        "INVALID": 0,
        "MALICIOUS": 0,
        "SANE": 0,
        "VALID": 0,
        "total": 17019
    },
    "percentage": {
        "ACTIVE": 99.98824842822728,
        "INACTIVE": 0.013331555792560993,
        "INVALID": 0,
        "MALICIOUS": 0,
        "SANE": 0,
        "VALID": 0,
        "total": 100.00157998401984
    }
}