{
    "counter": {
        "ACTIVE": 17412,
        "INACTIVE": 4,
        "INVALID": 0,
        "MALICIOUS": 0,
        "SANE": 0,
        "VALID": 0,
        "total": 17416
    },
    "percentage": {
        "ACTIVE": 99.97703261368856,
        "INACTIVE": 0.023661638568470866,
        "INVALID": 0,
        "MALICIOUS": 0,
        "SANE": 0,
        "VALID": 0,
        "total": 100.00069425225703
    }
}