{
    "counter": {
        "ACTIVE": 11764,
        "INACTIVE": 1,
        "INVALID": 0,
        "MALICIOUS": 0,
        "SANE": 0,
        "VALID": 0,
        "total": 11765
    },
    "percentage": {
        "ACTIVE": 99.99150021249469,
        "INACTIVE": 0.014553922282055013,
        "INVALID": 0,
        "MALICIOUS": 0,
        "SANE": 0,
        "VALID": 0,
        "total": 100.00605413477675
    }
}