{
    "counter": {
        "ACTIVE": 12969,
        "INACTIVE": 2,
        "INVALID": 0,
        "MALICIOUS": 0,
        "SANE": 0,
        "VALID": 0,
        "total": 12971
    },
    "percentage": {
        "ACTIVE": 99.98458098835864,
        "INACTIVE": 0.017146776406035666,
        "INVALID": 0,
        "MALICIOUS": 0,
        "SANE": 0,
        "VALID": 0,
        "total": 100.00172776476468
    }
}