{
    "counter": {
        "ACTIVE": 15139,
        "INACTIVE": 3,
        "INVALID": 0,
        "MALICIOUS": 0,
        "SANE": 0,
        "VALID": 0,
        "total": 15142
    },
    "percentage": {
        "ACTIVE": 99.9801875577863,
        "INACTIVE": 0.026162030173541465,
        "INVALID": 0,
        "MALICIOUS": 0,
        "SANE": 0,
        "VALID": 0,
        "total": 100.00634958795983
    }
}