{
    "counter": {
        "ACTIVE": 19914,
        "INACTIVE": 4,
        "INVALID": 0,
        "MALICIOUS": 0,
        "SANE": 0,
        "VALID": 0,
        "total": 19918
    },
    "percentage": {
        "ACTIVE": 99.9799176624159,
        "INACTIVE": 0.06720430107526881,
        "INVALID": 0,
        "MALICIOUS": 0,
        "SANE": 0,
        "VALID": 0,
        "total": 100.04712196349116
    }
}