{
    "counter": {
        "ACTIVE": 62508,
        "INACTIVE": 1509,
        "INVALID": 0,
        "MALICIOUS": 0,
        "SANE": 0,
        "VALID": 0,
        "total": 64017
    },
    "percentage": {
        "ACTIVE": 97.64281362763016,
        "INACTIVE": 2.3571863723698394,
        "INVALID": 0.0,
        "MALICIOUS": 0.0,
        "SANE": 0.0,
        "VALID": 0.0,
        "total": 100.0
    }
}