{
    "counter": {
        "ACTIVE": 33092,
        "INACTIVE": 17,
        "INVALID": 0,
        "MALICIOUS": 0,
        "SANE": 0,
        "VALID": 0,
        "total": 33109
    },
    "percentage": {
        "ACTIVE": 99.94865444441089,
        "INACTIVE": 0.051345555589114744,
        "INVALID": 0.0,
        "MALICIOUS": 0.0,
        "SANE": 0.0,
        "VALID": 0.0,
        "total": 100.0
    }
}