{
    "counter": {
        "ACTIVE": 21905,
        "INACTIVE": 4,
        "INVALID": 0,
        "MALICIOUS": 0,
        "SANE": 0,
        "VALID": 0,
        "total": 21909
    },
    "percentage": {
        "ACTIVE": 99.98174266283263,
        "INACTIVE": 0.06720430107526881,
        "INVALID": 0,
        "MALICIOUS": 0,
        "SANE": 0,
        "VALID": 0,
        "total": 100.0489469639079
    }
}