{
    "counter": {
        "ACTIVE": 15323,
        "INACTIVE": 1587,
        "INVALID": 0,
        "MALICIOUS": 0,
        "SANE": 0,
        "VALID": 0,
        "total": 16910
    },
    "percentage": {
        "ACTIVE": 90.61502069781194,
        "INACTIVE": 9.384979302188054,
        "INVALID": 0.0,
        "MALICIOUS": 0.0,
        "SANE": 0.0,
        "VALID": 0.0,
        "total": 100.0
    }
}