{
    "counter": {
        "ACTIVE": 14628,
        "INACTIVE": 29,
        "INVALID": 0,
        "MALICIOUS": 0,
        "SANE": 0,
        "VALID": 0,
        "total": 14657
    },
    "percentage": {
        "ACTIVE": 99.80214232107525,
        "INACTIVE": 0.19785767892474584,
        "INVALID": 0.0,
        "MALICIOUS": 0.0,
        "SANE": 0.0,
        "VALID": 0.0,
        "total": 100.0
    }
}