{
    "counter": {
        "ACTIVE": 16340,
        "INACTIVE": 148,
        "INVALID": 0,
        "MALICIOUS": 0,
        "SANE": 0,
        "VALID": 0,
        "total": 16488
    },
    "percentage": {
        "ACTIVE": 99.10237748665696,
        "INACTIVE": 0.8980582524271845,
        "INVALID": 0,
        "MALICIOUS": 0,
        "SANE": 0,
        "VALID": 0,
        "total": 100.00043573908415
    }
}