{
    "counter": {
        "ACTIVE": 18483,
        "INACTIVE": 4,
        "INVALID": 0,
        "MALICIOUS": 0,
        "SANE": 0,
        "VALID": 0,
        "total": 18487
    },
    "percentage": {
        "ACTIVE": 99.97836317412235,
        "INACTIVE": 0.023850694651481725,
        "INVALID": 0,
        "MALICIOUS": 0,
        "SANE": 0,
        "VALID": 0,
        "total": 100.00221386877384
    }
}