{
    "counter": {
        "ACTIVE": 23787,
        "INACTIVE": 1080,
        "INVALID": 0,
        "MALICIOUS": 0,
        "SANE": 0,
        "VALID": 0,
        "total": 24867
    },
    "percentage": {
        "ACTIVE": 95.65689467969598,
        "INACTIVE": 4.3431053203040175,
        "INVALID": 0.0,
        "MALICIOUS": 0.0,
        "SANE": 0.0,
        "VALID": 0.0,
        "total": 100.0
    }
}