{
    "counter": {
        "ACTIVE": 15802,
        "INACTIVE": 1,
        "INVALID": 0,
        "MALICIOUS": 0,
        "SANE": 0,
        "VALID": 0,
        "total": 15803
    },
    "percentage": {
        "ACTIVE": 99.9936720875783,
        "INACTIVE": 0.01440299582313121,
        "INVALID": 0,
        "MALICIOUS": 0,
        "SANE": 0,
        "VALID": 0,
        "total": 100.00807508340144
    }
}