{
    "counter": {
        "ACTIVE": 17711,
        "INACTIVE": 4,
        "INVALID": 0,
        "MALICIOUS": 0,
        "SANE": 0,
        "VALID": 0,
        "total": 17715
    },
    "percentage": {
        "ACTIVE": 99.97742026531188,
        "INACTIVE": 0.023144130070010992,
        "INVALID": 0,
        "MALICIOUS": 0,
        "SANE": 0,
        "VALID": 0,
        "total": 100.00056439538189
    }
}