{
    "counter": {
        "ACTIVE": 17439,
        "INACTIVE": 3,
        "INVALID": 0,
        "MALICIOUS": 0,
        "SANE": 0,
        "VALID": 0,
        "total": 17442
    },
    "percentage": {
        "ACTIVE": 99.9828001375989,
        "INACTIVE": 0.01719986240110079,
        "INVALID": 0.0,
        "MALICIOUS": 0.0,
        "SANE": 0.0,
        "VALID": 0.0,
        "total": 100.0
    }
}