{
    "counter": {
        "ACTIVE": 15344,
        "INACTIVE": 3,
        "INVALID": 0,
        "MALICIOUS": 0,
        "SANE": 0,
        "VALID": 0,
        "total": 15347
    },
    "percentage": {
        "ACTIVE": 99.98045220564279,
        "INACTIVE": 0.026162030173541465,
        "INVALID": 0,
        "MALICIOUS": 0,
        "SANE": 0,
        "VALID": 0,
        "total": 100.00661423581633
    }
}