{
    "counter": {
        "ACTIVE": 16883,
        "INACTIVE": 4,
        "INVALID": 0,
        "MALICIOUS": 0,
        "SANE": 0,
        "VALID": 0,
        "total": 16887
    },
    "percentage": {
        "ACTIVE": 99.97631314028543,
        "INACTIVE": 0.06720430107526881,
        "INVALID": 0,
        "MALICIOUS": 0,
        "SANE": 0,
        "VALID": 0,
        "total": 100.04351744136069
    }
}