{
    "counter": {
        "ACTIVE": 17185,
        "INACTIVE": 4,
        "INVALID": 0,
        "MALICIOUS": 0,
        "SANE": 0,
        "VALID": 0,
        "total": 17189
    },
    "percentage": {
        "ACTIVE": 99.97672930362441,
        "INACTIVE": 0.02374309966166083,
        "INVALID": 0,
        "MALICIOUS": 0,
        "SANE": 0,
        "VALID": 0,
        "total": 100.00047240328607
    }
}