{
    "counter": {
        "ACTIVE": 15932,
        "INACTIVE": 1718,
        "INVALID": 0,
        "MALICIOUS": 0,
        "SANE": 0,
        "VALID": 0,
        "total": 17650
    },
    "percentage": {
        "ACTIVE": 90.26628895184136,
        "INACTIVE": 9.733711048158641,
        "INVALID": 0.0,
        "MALICIOUS": 0.0,
        "SANE": 0.0,
        "VALID": 0.0,
        "total": 100.0
    }
}