{
    "counter": {
        "ACTIVE": 16206,
        "INACTIVE": 1,
        "INVALID": 0,
        "MALICIOUS": 0,
        "SANE": 0,
        "VALID": 0,
        "total": 16207
    },
    "percentage": {
        "ACTIVE": 99.99382982661812,
        "INACTIVE": 0.01440299582313121,
        "INVALID": 0,
        "MALICIOUS": 0,
        "SANE": 0,
        "VALID": 0,
        "total": 100.00823282244126
    }
}