{
    "counter": {
        "ACTIVE": 5688,
        "INACTIVE": 1,
        "INVALID": 0,
        "MALICIOUS": 0,
        "SANE": 0,
        "VALID": 0,
        "total": 5689
    },
    "percentage": {
        "ACTIVE": 99.98242221831605,
        "INACTIVE": 0.048828125,
        "INVALID": 0,
        "MALICIOUS": 0,
        "SANE": 0,
        "VALID": 0,
        "total": 100.03125034331605
    }
}