{
    "counter": {
        "ACTIVE": 16866,
        "INACTIVE": 34,
        "INVALID": 0,
        "MALICIOUS": 0,
        "SANE": 0,
        "VALID": 0,
        "total": 16900
    },
    "percentage": {
        "ACTIVE": 99.79881656804734,
        "INACTIVE": 0.20118343195266272,
        "INVALID": 0.0,
        "MALICIOUS": 0.0,
        "SANE": 0.0,
        "VALID": 0.0,
        "total": 100.0
    }
}