{
    "counter": {
        "ACTIVE": 33367,
        "INACTIVE": 2,
        "INVALID": 0,
        "MALICIOUS": 0,
        "SANE": 0,
        "VALID": 0,
        "total": 33369
    },
    "percentage": {
        "ACTIVE": 99.99400641313794,
        "INACTIVE": 0.0059935868620575984,
        "INVALID": 0.0,
        "MALICIOUS": 0.0,
        "SANE": 0.0,
        "VALID": 0.0,
        "total": 100.0
    }
}