{
    "counter": {
        "ACTIVE": 14038,
        "INACTIVE": 1,
        "INVALID": 0,
        "MALICIOUS": 0,
        "SANE": 0,
        "VALID": 0,
        "total": 14039
    },
    "percentage": {
        "ACTIVE": 99.99287698554028,
        "INACTIVE": 0.014448779078167894,
        "INVALID": 0,
        "MALICIOUS": 0,
        "SANE": 0,
        "VALID": 0,
        "total": 100.00732576461844
    }
}