{
    "counter": {
        "ACTIVE": 67834,
        "INACTIVE": 1666,
        "INVALID": 0,
        "MALICIOUS": 0,
        "SANE": 0,
        "VALID": 0,
        "total": 69500
    },
    "percentage": {
        "ACTIVE": 97.60287769784172,
        "INACTIVE": 2.3971223021582735,
        "INVALID": 0.0,
        "MALICIOUS": 0.0,
        "SANE": 0.0,
        "VALID": 0.0,
        "total": 100.0
    }
}