{
    "counter": {
        "ACTIVE": 15843,
        "INACTIVE": 1,
        "INVALID": 0,
        "MALICIOUS": 0,
        "SANE": 0,
        "VALID": 0,
        "total": 15844
    },
    "percentage": {
        "ACTIVE": 99.99368846250947,
        "INACTIVE": 0.012289541600098316,
        "INVALID": 0,
        "MALICIOUS": 0,
        "SANE": 0,
        "VALID": 0,
        "total": 100.00597800410956
    }
}