{
    "counter": {
        "ACTIVE": 20894,
        "INACTIVE": 376,
        "INVALID": 0,
        "MALICIOUS": 0,
        "SANE": 0,
        "VALID": 0,
        "total": 21270
    },
    "percentage": {
        "ACTIVE": 98.23225199811942,
        "INACTIVE": 1.7679142373518901,
        "INVALID": 0,
        "MALICIOUS": 0,
        "SANE": 0,
        "VALID": 0,
        "total": 100.00016623547131
    }
}