{
    "counter": {
        "ACTIVE": 44511,
        "INACTIVE": 1,
        "INVALID": 0,
        "MALICIOUS": 0,
        "SANE": 0,
        "VALID": 0,
        "total": 44512
    },
    "percentage": {
        "ACTIVE": 99.9977534148095,
        "INACTIVE": 0.002246585190510424,
        "INVALID": 0.0,
        "MALICIOUS": 0.0,
        "SANE": 0.0,
        "VALID": 0.0,
        "total": 100.0
    }
}