{
    "counter": {
        "ACTIVE": 11633,
        "INACTIVE": 1,
        "INVALID": 0,
        "MALICIOUS": 0,
        "SANE": 0,
        "VALID": 0,
        "total": 11634
    },
    "percentage": {
        "ACTIVE": 99.99140450403988,
        "INACTIVE": 0.012289541600098316,
        "INVALID": 0,
        "MALICIOUS": 0,
        "SANE": 0,
        "VALID": 0,
        "total": 100.00369404563997
    }
}