{
    "counter": {
        "ACTIVE": 153,
        "INACTIVE": 1198,
        "INVALID": 0,
        "MALICIOUS": 0,
        "SANE": 0,
        "VALID": 0,
        "total": 1351
    },
    "percentage": {
        "ACTIVE": 11.324944485566247,
        "INACTIVE": 88.67505551443375,
        "INVALID": 0.0,
        "MALICIOUS": 0.0,
        "SANE": 0.0,
        "VALID": 0.0,
        "total": 100.0
    }
}