{
    "counter": {
        "ACTIVE": 9680,
        "INACTIVE": 11,
        "INVALID": 0,
        "MALICIOUS": 0,
        "SANE": 0,
        "VALID": 0,
        "total": 9691
    },
    "percentage": {
        "ACTIVE": 99.88649262202043,
        "INACTIVE": 0.11849617580523537,
        "INVALID": 0,
        "MALICIOUS": 0,
        "SANE": 0,
        "VALID": 0,
        "total": 100.00498879782566
    }
}