{
    "counter": {
        "ACTIVE": 26700,
        "INACTIVE": 6,
        "INVALID": 0,
        "MALICIOUS": 0,
        "SANE": 0,
        "VALID": 0,
        "total": 26706
    },
    "percentage": {
        "ACTIVE": 99.97753313862053,
        "INACTIVE": 0.025296176061385386,
        "INVALID": 0,
        "MALICIOUS": 0,
        "SANE": 0,
        "VALID": 0,
        "total": 100.00282931468192
    }
}