{
    "counter": {
        "ACTIVE": 12750,
        "INACTIVE": 1071,
        "INVALID": 0,
        "MALICIOUS": 0,
        "SANE": 0,
        "VALID": 0,
        "total": 13821
    },
    "percentage": {
        "ACTIVE": 92.25092250922509,
        "INACTIVE": 7.749077490774908,
        "INVALID": 0.0,
        "MALICIOUS": 0.0,
        "SANE": 0.0,
        "VALID": 0.0,
        "total": 100.0
    }
}