{
    "counter": {
        "ACTIVE": 44580,
        "INACTIVE": 1,
        "INVALID": 0,
        "MALICIOUS": 0,
        "SANE": 0,
        "VALID": 0,
        "total": 44581
    },
    "percentage": {
        "ACTIVE": 99.99775689194948,
        "INACTIVE": 0.0022431080505147935,
        "INVALID": 0.0,
        "MALICIOUS": 0.0,
        "SANE": 0.0,
        "VALID": 0.0,
        "total": 100.0
    }
}