{
    "counter": {
        "ACTIVE": 17761,
        "INACTIVE": 4,
        "INVALID": 0,
        "MALICIOUS": 0,
        "SANE": 0,
        "VALID": 0,
        "total": 17765
    },
    "percentage": {
        "ACTIVE": 99.9774838164931,
        "INACTIVE": 0.06720430107526881,
        "INVALID": 0,
        "MALICIOUS": 0,
        "SANE": 0,
        "VALID": 0,
        "total": 100.04468811756837
    }
}