{
    "counter": {
        "ACTIVE": 41404,
        "INACTIVE": 2,
        "INVALID": 0,
        "MALICIOUS": 0,
        "SANE": 0,
        "VALID": 0,
        "total": 41406
    },
    "percentage": {
        "ACTIVE": 99.99516978215718,
        "INACTIVE": 0.004830217842824711,
        "INVALID": 0.0,
        "MALICIOUS": 0.0,
        "SANE": 0.0,
        "VALID": 0.0,
        "total": 100.0
    }
}