{
    "counter": {
        "ACTIVE": 15984,
        "INACTIVE": 109,
        "INVALID": 0,
        "MALICIOUS": 0,
        "SANE": 0,
        "VALID": 0,
        "total": 16093
    },
    "percentage": {
        "ACTIVE": 99.32268688249549,
        "INACTIVE": 0.7187603033300363,
        "INVALID": 0,
        "MALICIOUS": 0,
        "SANE": 0,
        "VALID": 0,
        "total": 100.04144718582552
    }
}