{
    "counter": {
        "ACTIVE": 17375,
        "INACTIVE": 112,
        "INVALID": 0,
        "MALICIOUS": 0,
        "SANE": 0,
        "VALID": 0,
        "total": 17487
    },
    "percentage": {
        "ACTIVE": 99.35952421799051,
        "INACTIVE": 0.687707233206435,
        "INVALID": 0,
        "MALICIOUS": 0,
        "SANE": 0,
        "VALID": 0,
        "total": 100.04723145119695
    }
}