{
    "counter": {
        "ACTIVE": 17231,
        "INACTIVE": 4,
        "INVALID": 0,
        "MALICIOUS": 0,
        "SANE": 0,
        "VALID": 0,
        "total": 17235
    },
    "percentage": {
        "ACTIVE": 99.97679141282275,
        "INACTIVE": 0.06720430107526881,
        "INVALID": 0,
        "MALICIOUS": 0,
        "SANE": 0,
        "VALID": 0,
        "total": 100.04399571389801
    }
}