{
    "counter": {
        "ACTIVE": 17161,
        "INACTIVE": 1,
        "INVALID": 0,
        "MALICIOUS": 0,
        "SANE": 0,
        "VALID": 0,
        "total": 17162
    },
    "percentage": {
        "ACTIVE": 99.99417317328982,
        "INACTIVE": 0.01440299582313121,
        "INVALID": 0,
        "MALICIOUS": 0,
        "SANE": 0,
        "VALID": 0,
        "total": 100.00857616911296
    }
}