{
    "counter": {
        "ACTIVE": 17237,
        "INACTIVE": 183,
        "INVALID": 0,
        "MALICIOUS": 0,
        "SANE": 0,
        "VALID": 0,
        "total": 17420
    },
    "percentage": {
        "ACTIVE": 98.94948335246843,
        "INACTIVE": 1.0516032639926445,
        "INVALID": 0,
        "MALICIOUS": 0,
        "SANE": 0,
        "VALID": 0,
        "total": 100.00108661646108
    }
}