{
    "counter": {
        "ACTIVE": 72108,
        "INACTIVE": 1824,
        "INVALID": 0,
        "MALICIOUS": 0,
        "SANE": 0,
        "VALID": 0,
        "total": 73932
    },
    "percentage": {
        "ACTIVE": 97.53286804090246,
        "INACTIVE": 2.467131959097549,
        "INVALID": 0.0,
        "MALICIOUS": 0.0,
        "SANE": 0.0,
        "VALID": 0.0,
        "total": 100.0
    }
}