{
    "counter": {
        "ACTIVE": 17920,
        "INACTIVE": 4,
        "INVALID": 0,
        "MALICIOUS": 0,
        "SANE": 0,
        "VALID": 0,
        "total": 17924
    },
    "percentage": {
        "ACTIVE": 99.9776835527784,
        "INACTIVE": 0.023850694651481725,
        "INVALID": 0,
        "MALICIOUS": 0,
        "SANE": 0,
        "VALID": 0,
        "total": 100.00153424742989
    }
}