{
    "counter": {
        "ACTIVE": 17649,
        "INACTIVE": 2,
        "INVALID": 0,
        "MALICIOUS": 0,
        "SANE": 0,
        "VALID": 0,
        "total": 17651
    },
    "percentage": {
        "ACTIVE": 99.98866919721262,
        "INACTIVE": 0.02247191011235955,
        "INVALID": 0,
        "MALICIOUS": 0,
        "SANE": 0,
        "VALID": 0,
        "total": 100.01114110732497
    }
}