{
    "counter": {
        "ACTIVE": 17308,
        "INACTIVE": 4,
        "INVALID": 0,
        "MALICIOUS": 0,
        "SANE": 0,
        "VALID": 0,
        "total": 17312
    },
    "percentage": {
        "ACTIVE": 99.97689463955638,
        "INACTIVE": 0.02374309966166083,
        "INVALID": 0,
        "MALICIOUS": 0,
        "SANE": 0,
        "VALID": 0,
        "total": 100.00063773921804
    }
}