{
    "counter": {
        "ACTIVE": 17447,
        "INACTIVE": 185,
        "INVALID": 0,
        "MALICIOUS": 0,
        "SANE": 0,
        "VALID": 0,
        "total": 17632
    },
    "percentage": {
        "ACTIVE": 98.95077132486388,
        "INACTIVE": 1.0492286751361162,
        "INVALID": 0.0,
        "MALICIOUS": 0.0,
        "SANE": 0.0,
        "VALID": 0.0,
        "total": 100.0
    }
}