{
    "counter": {
        "ACTIVE": 10318,
        "INACTIVE": 2,
        "INVALID": 0,
        "MALICIOUS": 0,
        "SANE": 0,
        "VALID": 0,
        "total": 10320
    },
    "percentage": {
        "ACTIVE": 99.98062015503876,
        "INACTIVE": 0.021287919105907396,
        "INVALID": 0,
        "MALICIOUS": 0,
        "SANE": 0,
        "VALID": 0,
        "total": 100.00190807414467
    }
}