{
    "counter": {
        "ACTIVE": 17451,
        "INACTIVE": 5,
        "INVALID": 0,
        "MALICIOUS": 0,
        "SANE": 0,
        "VALID": 0,
        "total": 17456
    },
    "percentage": {
        "ACTIVE": 99.97135655362054,
        "INACTIVE": 0.02881180131381814,
        "INVALID": 0,
        "MALICIOUS": 0,
        "SANE": 0,
        "VALID": 0,
        "total": 100.00016835493436
    }
}