{
    "counter": {
        "ACTIVE": 44639,
        "INACTIVE": 2,
        "INVALID": 0,
        "MALICIOUS": 0,
        "SANE": 0,
        "VALID": 0,
        "total": 44641
    },
    "percentage": {
        "ACTIVE": 99.99551981362424,
        "INACTIVE": 0.004480186375753231,
        "INVALID": 0.0,
        "MALICIOUS": 0.0,
        "SANE": 0.0,
        "VALID": 0.0,
        "total": 100.0
    }
}