{
    "counter": {
        "ACTIVE": 16046,
        "INACTIVE": 4,
        "INVALID": 0,
        "MALICIOUS": 0,
        "SANE": 0,
        "VALID": 0,
        "total": 16050
    },
    "percentage": {
        "ACTIVE": 99.97507788161994,
        "INACTIVE": 0.06720430107526881,
        "INVALID": 0,
        "MALICIOUS": 0,
        "SANE": 0,
        "VALID": 0,
        "total": 100.0422821826952
    }
}