{
    "counter": {
        "ACTIVE": 15089,
        "INACTIVE": 45,
        "INVALID": 0,
        "MALICIOUS": 0,
        "SANE": 0,
        "VALID": 0,
        "total": 15134
    },
    "percentage": {
        "ACTIVE": 99.70265627064887,
        "INACTIVE": 0.30201342281879195,
        "INVALID": 0,
        "MALICIOUS": 0,
        "SANE": 0,
        "VALID": 0,
        "total": 100.00466969346766
    }
}