{
    "counter": {
        "ACTIVE": 16288,
        "INACTIVE": 1,
        "INVALID": 0,
        "MALICIOUS": 0,
        "SANE": 0,
        "VALID": 0,
        "total": 16289
    },
    "percentage": {
        "ACTIVE": 99.99386088771564,
        "INACTIVE": 0.006181615874389566,
        "INVALID": 0,
        "MALICIOUS": 0,
        "SANE": 0,
        "VALID": 0,
        "total": 100.00004250359004
    }
}