{
    "counter": {
        "ACTIVE": 16760,
        "INACTIVE": 4,
        "INVALID": 0,
        "MALICIOUS": 0,
        "SANE": 0,
        "VALID": 0,
        "total": 16764
    },
    "percentage": {
        "ACTIVE": 99.97613934621809,
        "INACTIVE": 0.025050100200400802,
        "INVALID": 0,
        "MALICIOUS": 0,
        "SANE": 0,
        "VALID": 0,
        "total": 100.0011894464185
    }
}