{
    "counter": {
        "ACTIVE": 16025,
        "INACTIVE": 1718,
        "INVALID": 0,
        "MALICIOUS": 0,
        "SANE": 0,
        "VALID": 0,
        "total": 17743
    },
    "percentage": {
        "ACTIVE": 90.31730823423322,
        "INACTIVE": 9.682691765766782,
        "INVALID": 0.0,
        "MALICIOUS": 0.0,
        "SANE": 0.0,
        "VALID": 0.0,
        "total": 100.0
    }
}