{
    "counter": {
        "ACTIVE": 42004,
        "INACTIVE": 18,
        "INVALID": 0,
        "MALICIOUS": 0,
        "SANE": 0,
        "VALID": 0,
        "total": 42022
    },
    "percentage": {
        "ACTIVE": 99.95716529436962,
        "INACTIVE": 0.042834705630384086,
        "INVALID": 0.0,
        "MALICIOUS": 0.0,
        "SANE": 0.0,
        "VALID": 0.0,
        "total": 100.0
    }
}