{
    "counter": {
        "ACTIVE": 17377,
        "INACTIVE": 6,
        "INVALID": 0,
        "MALICIOUS": 0,
        "SANE": 0,
        "VALID": 0,
        "total": 17383
    },
    "percentage": {
        "ACTIVE": 99.96548351838003,
        "INACTIVE": 0.20512820512820512,
        "INVALID": 0,
        "MALICIOUS": 0,
        "SANE": 0,
        "VALID": 0,
        "total": 100.17061172350823
    }
}