{
    "counter": {
        "ACTIVE": 44533,
        "INACTIVE": 1,
        "INVALID": 0,
        "MALICIOUS": 0,
        "SANE": 0,
        "VALID": 0,
        "total": 44534
    },
    "percentage": {
        "ACTIVE": 99.99775452463287,
        "INACTIVE": 0.0022454753671352226,
        "INVALID": 0.0,
        "MALICIOUS": 0.0,
        "SANE": 0.0,
        "VALID": 0.0,
        "total": 100.0
    }
}