{
    "counter": {
        "ACTIVE": 20933,
        "INACTIVE": 376,
        "INVALID": 0,
        "MALICIOUS": 0,
        "SANE": 0,
        "VALID": 0,
        "total": 21309
    },
    "percentage": {
        "ACTIVE": 98.23548735276174,
        "INACTIVE": 1.7645126472382562,
        "INVALID": 0.0,
        "MALICIOUS": 0.0,
        "SANE": 0.0,
        "VALID": 0.0,
        "total": 100.0
    }
}