{
    "counter": {
        "ACTIVE": 15948,
        "INACTIVE": 1718,
        "INVALID": 0,
        "MALICIOUS": 0,
        "SANE": 0,
        "VALID": 0,
        "total": 17666
    },
    "percentage": {
        "ACTIVE": 90.27510472093286,
        "INACTIVE": 9.724895279067134,
        "INVALID": 0.0,
        "MALICIOUS": 0.0,
        "SANE": 0.0,
        "VALID": 0.0,
        "total": 100.0
    }
}