{
    "counter": {
        "ACTIVE": 43723,
        "INACTIVE": 4,
        "INVALID": 0,
        "MALICIOUS": 0,
        "SANE": 0,
        "VALID": 0,
        "total": 43727
    },
    "percentage": {
        "ACTIVE": 99.99085233379834,
        "INACTIVE": 0.009147666201660302,
        "INVALID": 0.0,
        "MALICIOUS": 0.0,
        "SANE": 0.0,
        "VALID": 0.0,
        "total": 100.0
    }
}