{
    "counter": {
        "ACTIVE": 16076,
        "INACTIVE": 1,
        "INVALID": 0,
        "MALICIOUS": 0,
        "SANE": 0,
        "VALID": 0,
        "total": 16077
    },
    "percentage": {
        "ACTIVE": 99.9937799340673,
        "INACTIVE": 0.01440299582313121,
        "INVALID": 0,
        "MALICIOUS": 0,
        "SANE": 0,
        "VALID": 0,
        "total": 100.00818292989044
    }
}