{
    "counter": {
        "ACTIVE": 14523,
        "INACTIVE": 1656,
        "INVALID": 0,
        "MALICIOUS": 0,
        "SANE": 0,
        "VALID": 0,
        "total": 16179
    },
    "percentage": {
        "ACTIVE": 89.7645095494159,
        "INACTIVE": 10.235490450584091,
        "INVALID": 0.0,
        "MALICIOUS": 0.0,
        "SANE": 0.0,
        "VALID": 0.0,
        "total": 100.0
    }
}