{
    "counter": {
        "ACTIVE": 12492,
        "INACTIVE": 3,
        "INVALID": 0,
        "MALICIOUS": 0,
        "SANE": 0,
        "VALID": 0,
        "total": 12495
    },
    "percentage": {
        "ACTIVE": 99.97599039615847,
        "INACTIVE": 0.024009603841536616,
        "INVALID": 0.0,
        "MALICIOUS": 0.0,
        "SANE": 0.0,
        "VALID": 0.0,
        "total": 100.0
    }
}