{
    "counter": {
        "ACTIVE": 44521,
        "INACTIVE": 1,
        "INVALID": 0,
        "MALICIOUS": 0,
        "SANE": 0,
        "VALID": 0,
        "total": 44522
    },
    "percentage": {
        "ACTIVE": 99.99775391941063,
        "INACTIVE": 0.0022460805893715465,
        "INVALID": 0.0,
        "MALICIOUS": 0.0,
        "SANE": 0.0,
        "VALID": 0.0,
        "total": 100.0
    }
}