{
    "counter": {
        "ACTIVE": 18142,
        "INACTIVE": 4,
        "INVALID": 0,
        "MALICIOUS": 0,
        "SANE": 0,
        "VALID": 0,
        "total": 18146
    },
    "percentage": {
        "ACTIVE": 99.97795657445167,
        "INACTIVE": 0.06720430107526881,
        "INVALID": 0,
        "MALICIOUS": 0,
        "SANE": 0,
        "VALID": 0,
        "total": 100.04516087552693
    }
}