{
    "counter": {
        "ACTIVE": 44502,
        "INACTIVE": 6,
        "INVALID": 0,
        "MALICIOUS": 0,
        "SANE": 0,
        "VALID": 0,
        "total": 44508
    },
    "percentage": {
        "ACTIVE": 99.98651927743327,
        "INACTIVE": 0.013480722566729577,
        "INVALID": 0.0,
        "MALICIOUS": 0.0,
        "SANE": 0.0,
        "VALID": 0.0,
        "total": 100.0
    }
}