{
    "counter": {
        "ACTIVE": 17747,
        "INACTIVE": 4,
        "INVALID": 0,
        "MALICIOUS": 0,
        "SANE": 0,
        "VALID": 0,
        "total": 17751
    },
    "percentage": {
        "ACTIVE": 99.97746605825024,
        "INACTIVE": 0.023850694651481725,
        "INVALID": 0,
        "MALICIOUS": 0,
        "SANE": 0,
        "VALID": 0,
        "total": 100.00131675290173
    }
}