{
    "counter": {
        "ACTIVE": 17381,
        "INACTIVE": 184,
        "INVALID": 0,
        "MALICIOUS": 0,
        "SANE": 0,
        "VALID": 0,
        "total": 17565
    },
    "percentage": {
        "ACTIVE": 98.95246228294904,
        "INACTIVE": 1.0475377170509537,
        "INVALID": 0.0,
        "MALICIOUS": 0.0,
        "SANE": 0.0,
        "VALID": 0.0,
        "total": 100.0
    }
}