{
    "counter": {
        "ACTIVE": 18432,
        "INACTIVE": 4,
        "INVALID": 0,
        "MALICIOUS": 0,
        "SANE": 0,
        "VALID": 0,
        "total": 18436
    },
    "percentage": {
        "ACTIVE": 99.9783033195921,
        "INACTIVE": 0.06720430107526881,
        "INVALID": 0,
        "MALICIOUS": 0,
        "SANE": 0,
        "VALID": 0,
        "total": 100.04550762066737
    }
}