{
    "counter": {
        "ACTIVE": 17503,
        "INACTIVE": 1,
        "INVALID": 0,
        "MALICIOUS": 0,
        "SANE": 0,
        "VALID": 0,
        "total": 17504
    },
    "percentage": {
        "ACTIVE": 99.9942870201097,
        "INACTIVE": 0.01440299582313121,
        "INVALID": 0,
        "MALICIOUS": 0,
        "SANE": 0,
        "VALID": 0,
        "total": 100.00869001593283
    }
}