{
    "counter": {
        "ACTIVE": 17580,
        "INACTIVE": 2,
        "INVALID": 0,
        "MALICIOUS": 0,
        "SANE": 0,
        "VALID": 0,
        "total": 17582
    },
    "percentage": {
        "ACTIVE": 99.98862472983734,
        "INACTIVE": 0.02247191011235955,
        "INVALID": 0,
        "MALICIOUS": 0,
        "SANE": 0,
        "VALID": 0,
        "total": 100.0110966399497
    }
}