{
    "counter": {
        "ACTIVE": 17929,
        "INACTIVE": 4,
        "INVALID": 0,
        "MALICIOUS": 0,
        "SANE": 0,
        "VALID": 0,
        "total": 17933
    },
    "percentage": {
        "ACTIVE": 99.97769475269057,
        "INACTIVE": 0.06720430107526881,
        "INVALID": 0,
        "MALICIOUS": 0,
        "SANE": 0,
        "VALID": 0,
        "total": 100.04489905376583
    }
}