{
    "counter": {
        "ACTIVE": 17175,
        "INACTIVE": 53,
        "INVALID": 0,
        "MALICIOUS": 0,
        "SANE": 0,
        "VALID": 0,
        "total": 17228
    },
    "percentage": {
        "ACTIVE": 99.69236127234734,
        "INACTIVE": 0.3076387276526585,
        "INVALID": 0.0,
        "MALICIOUS": 0.0,
        "SANE": 0.0,
        "VALID": 0.0,
        "total": 100.0
    }
}