{
    "counter": {
        "ACTIVE": 4882,
        "INACTIVE": 3,
        "INVALID": 0,
        "MALICIOUS": 0,
        "SANE": 0,
        "VALID": 0,
        "total": 4885
    },
    "percentage": {
        "ACTIVE": 99.93858751279427,
        "INACTIVE": 0.07765984985762361,
        "INVALID": 0,
        "MALICIOUS": 0,
        "SANE": 0,
        "VALID": 0,
        "total": 100.0162473626519
    }
}