{
    "counter": {
        "ACTIVE": 15040,
        "INACTIVE": 1,
        "INVALID": 0,
        "MALICIOUS": 0,
        "SANE": 0,
        "VALID": 0,
        "total": 15041
    },
    "percentage": {
        "ACTIVE": 99.99335150588392,
        "INACTIVE": 0.014448779078167894,
        "INVALID": 0,
        "MALICIOUS": 0,
        "SANE": 0,
        "VALID": 0,
        "total": 100.00780028496209
    }
}