{
    "counter": {
        "ACTIVE": 16459,
        "INACTIVE": 33,
        "INVALID": 0,
        "MALICIOUS": 0,
        "SANE": 0,
        "VALID": 0,
        "total": 16492
    },
    "percentage": {
        "ACTIVE": 99.79990298326462,
        "INACTIVE": 0.20153902528398682,
        "INVALID": 0,
        "MALICIOUS": 0,
        "SANE": 0,
        "VALID": 0,
        "total": 100.00144200854861
    }
}