{
    "counter": {
        "ACTIVE": 32675,
        "INACTIVE": 1,
        "INVALID": 0,
        "MALICIOUS": 0,
        "SANE": 0,
        "VALID": 0,
        "total": 32676
    },
    "percentage": {
        "ACTIVE": 99.99693964989595,
        "INACTIVE": 0.0030603501040519037,
        "INVALID": 0.0,
        "MALICIOUS": 0.0,
        "SANE": 0.0,
        "VALID": 0.0,
        "total": 100.0
    }
}