{
    "counter": {
        "ACTIVE": 16912,
        "INACTIVE": 1,
        "INVALID": 0,
        "MALICIOUS": 0,
        "SANE": 0,
        "VALID": 0,
        "total": 16913
    },
    "percentage": {
        "ACTIVE": 99.99408738839945,
        "INACTIVE": 0.012289541600098316,
        "INVALID": 0,
        "MALICIOUS": 0,
        "SANE": 0,
        "VALID": 0,
        "total": 100.00637692999955
    }
}