{
    "counter": {
        "ACTIVE": 17095,
        "INACTIVE": 1,
        "INVALID": 0,
        "MALICIOUS": 0,
        "SANE": 0,
        "VALID": 0,
        "total": 17096
    },
    "percentage": {
        "ACTIVE": 99.9941506785213,
        "INACTIVE": 0.014553922282055013,
        "INVALID": 0,
        "MALICIOUS": 0,
        "SANE": 0,
        "VALID": 0,
        "total": 100.00870460080336
    }
}