{
    "counter": {
        "ACTIVE": 15076,
        "INACTIVE": 1682,
        "INVALID": 0,
        "MALICIOUS": 0,
        "SANE": 0,
        "VALID": 0,
        "total": 16758
    },
    "percentage": {
        "ACTIVE": 89.96300274495763,
        "INACTIVE": 10.036997255042367,
        "INVALID": 0.0,
        "MALICIOUS": 0.0,
        "SANE": 0.0,
        "VALID": 0.0,
        "total": 100.0
    }
}