{
    "counter": {
        "ACTIVE": 18003,
        "INACTIVE": 4,
        "INVALID": 0,
        "MALICIOUS": 0,
        "SANE": 0,
        "VALID": 0,
        "total": 18007
    },
    "percentage": {
        "ACTIVE": 99.97778641639363,
        "INACTIVE": 0.023850694651481725,
        "INVALID": 0,
        "MALICIOUS": 0,
        "SANE": 0,
        "VALID": 0,
        "total": 100.00163711104511
    }
}