{
    "counter": {
        "ACTIVE": 17545,
        "INACTIVE": 53,
        "INVALID": 0,
        "MALICIOUS": 0,
        "SANE": 0,
        "VALID": 0,
        "total": 17598
    },
    "percentage": {
        "ACTIVE": 99.69882941243323,
        "INACTIVE": 0.3036553225621634,
        "INVALID": 0,
        "MALICIOUS": 0,
        "SANE": 0,
        "VALID": 0,
        "total": 100.00248473499539
    }
}