{
    "counter": {
        "ACTIVE": 16983,
        "INACTIVE": 179,
        "INVALID": 0,
        "MALICIOUS": 0,
        "SANE": 0,
        "VALID": 0,
        "total": 17162
    },
    "percentage": {
        "ACTIVE": 98.95699801887892,
        "INACTIVE": 1.0430019811210816,
        "INVALID": 0.0,
        "MALICIOUS": 0.0,
        "SANE": 0.0,
        "VALID": 0.0,
        "total": 100.0
    }
}