{
    "counter": {
        "ACTIVE": 16974,
        "INACTIVE": 52,
        "INVALID": 0,
        "MALICIOUS": 0,
        "SANE": 0,
        "VALID": 0,
        "total": 17026
    },
    "percentage": {
        "ACTIVE": 99.69458475273112,
        "INACTIVE": 0.30541524726888286,
        "INVALID": 0.0,
        "MALICIOUS": 0.0,
        "SANE": 0.0,
        "VALID": 0.0,
        "total": 100.0
    }
}