{
    "counter": {
        "ACTIVE": 44515,
        "INACTIVE": 1,
        "INVALID": 0,
        "MALICIOUS": 0,
        "SANE": 0,
        "VALID": 0,
        "total": 44516
    },
    "percentage": {
        "ACTIVE": 99.99775361667714,
        "INACTIVE": 0.002246383322850211,
        "INVALID": 0.0,
        "MALICIOUS": 0.0,
        "SANE": 0.0,
        "VALID": 0.0,
        "total": 100.0
    }
}