{
    "counter": {
        "ACTIVE": 44509,
        "INACTIVE": 5,
        "INVALID": 0,
        "MALICIOUS": 0,
        "SANE": 0,
        "VALID": 0,
        "total": 44514
    },
    "percentage": {
        "ACTIVE": 99.98876757873927,
        "INACTIVE": 0.011232421260726962,
        "INVALID": 0.0,
        "MALICIOUS": 0.0,
        "SANE": 0.0,
        "VALID": 0.0,
        "total": 100.0
    }
}