{
    "counter": {
        "ACTIVE": 2252,
        "INACTIVE": 1,
        "INVALID": 0,
        "MALICIOUS": 0,
        "SANE": 0,
        "VALID": 0,
        "total": 2253
    },
    "percentage": {
        "ACTIVE": 99.95561473590767,
        "INACTIVE": 0.048828125,
        "INVALID": 0,
        "MALICIOUS": 0,
        "SANE": 0,
        "VALID": 0,
        "total": 100.00444286090767
    }
}