{
    "counter": {
        "ACTIVE": 15712,
        "INACTIVE": 1627,
        "INVALID": 0,
        "MALICIOUS": 0,
        "SANE": 0,
        "VALID": 0,
        "total": 17339
    },
    "percentage": {
        "ACTIVE": 90.6165292116039,
        "INACTIVE": 9.383470788396101,
        "INVALID": 0.0,
        "MALICIOUS": 0.0,
        "SANE": 0.0,
        "VALID": 0.0,
        "total": 100.0
    }
}