{
    "counter": {
        "ACTIVE": 16538,
        "INACTIVE": 1,
        "INVALID": 0,
        "MALICIOUS": 0,
        "SANE": 0,
        "VALID": 0,
        "total": 16539
    },
    "percentage": {
        "ACTIVE": 99.99395368522886,
        "INACTIVE": 0.006535520554212143,
        "INVALID": 0,
        "MALICIOUS": 0,
        "SANE": 0,
        "VALID": 0,
        "total": 100.00048920578307
    }
}