{
    "counter": {
        "ACTIVE": 16432,
        "INACTIVE": 48,
        "INVALID": 0,
        "MALICIOUS": 0,
        "SANE": 0,
        "VALID": 0,
        "total": 16480
    },
    "percentage": {
        "ACTIVE": 99.70873786407768,
        "INACTIVE": 0.2954391579983997,
        "INVALID": 0,
        "MALICIOUS": 0,
        "SANE": 0,
        "VALID": 0,
        "total": 100.00417702207608
    }
}