{
    "counter": {
        "ACTIVE": 15582,
        "INACTIVE": 1703,
        "INVALID": 0,
        "MALICIOUS": 0,
        "SANE": 0,
        "VALID": 0,
        "total": 17285
    },
    "percentage": {
        "ACTIVE": 90.14752675730402,
        "INACTIVE": 9.852473242695979,
        "INVALID": 0.0,
        "MALICIOUS": 0.0,
        "SANE": 0.0,
        "VALID": 0.0,
        "total": 100.0
    }
}