{
    "counter": {
        "ACTIVE": 17323,
        "INACTIVE": 1,
        "INVALID": 0,
        "MALICIOUS": 0,
        "SANE": 0,
        "VALID": 0,
        "total": 17324
    },
    "percentage": {
        "ACTIVE": 99.99422766104826,
        "INACTIVE": 0.01440299582313121,
        "INVALID": 0,
        "MALICIOUS": 0,
        "SANE": 0,
        "VALID": 0,
        "total": 100.00863065687139
    }
}