{
    "counter": {
        "ACTIVE": 44572,
        "INACTIVE": 5,
        "INVALID": 0,
        "MALICIOUS": 0,
        "SANE": 0,
        "VALID": 0,
        "total": 44577
    },
    "percentage": {
        "ACTIVE": 99.98878345335038,
        "INACTIVE": 0.011216546649617515,
        "INVALID": 0.0,
        "MALICIOUS": 0.0,
        "SANE": 0.0,
        "VALID": 0.0,
        "total": 100.0
    }
}