{
    "counter": {
        "ACTIVE": 17458,
        "INACTIVE": 25,
        "INVALID": 0,
        "MALICIOUS": 0,
        "SANE": 0,
        "VALID": 0,
        "total": 17483
    },
    "percentage": {
        "ACTIVE": 99.85700394669107,
        "INACTIVE": 0.14299605330892867,
        "INVALID": 0.0,
        "MALICIOUS": 0.0,
        "SANE": 0.0,
        "VALID": 0.0,
        "total": 100.0
    }
}