{
    "counter": {
        "ACTIVE": 73238,
        "INACTIVE": 1883,
        "INVALID": 0,
        "MALICIOUS": 0,
        "SANE": 0,
        "VALID": 0,
        "total": 75121
    },
    "percentage": {
        "ACTIVE": 97.49337735120672,
        "INACTIVE": 2.50662264879328,
        "INVALID": 0.0,
        "MALICIOUS": 0.0,
        "SANE": 0.0,
        "VALID": 0.0,
        "total": 100.0
    }
}