{
    "counter": {
        "ACTIVE": 16603,
        "INACTIVE": 3,
        "INVALID": 0,
        "MALICIOUS": 0,
        "SANE": 0,
        "VALID": 0,
        "total": 16606
    },
    "percentage": {
        "ACTIVE": 99.98193424063591,
        "INACTIVE": 0.01806575936408527,
        "INVALID": 0.0,
        "MALICIOUS": 0.0,
        "SANE": 0.0,
        "VALID": 0.0,
        "total": 100.0
    }
}