{
    "counter": {
        "ACTIVE": 17090,
        "INACTIVE": 6,
        "INVALID": 0,
        "MALICIOUS": 0,
        "SANE": 0,
        "VALID": 0,
        "total": 17096
    },
    "percentage": {
        "ACTIVE": 99.96490407112775,
        "INACTIVE": 0.20512820512820512,
        "INVALID": 0,
        "MALICIOUS": 0,
        "SANE": 0,
        "VALID": 0,
        "total": 100.17003227625595
    }
}