{
    "counter": {
        "ACTIVE": 6764,
        "INACTIVE": 29,
        "INVALID": 0,
        "MALICIOUS": 0,
        "SANE": 0,
        "VALID": 0,
        "total": 6793
    },
    "percentage": {
        "ACTIVE": 99.57308994553216,
        "INACTIVE": 0.4569807752915222,
        "INVALID": 0,
        "MALICIOUS": 0,
        "SANE": 0,
        "VALID": 0,
        "total": 100.03007072082369
    }
}