{
    "counter": {
        "ACTIVE": 17545,
        "INACTIVE": 4,
        "INVALID": 0,
        "MALICIOUS": 0,
        "SANE": 0,
        "VALID": 0,
        "total": 17549
    },
    "percentage": {
        "ACTIVE": 99.97720667844321,
        "INACTIVE": 0.023144130070010992,
        "INVALID": 0,
        "MALICIOUS": 0,
        "SANE": 0,
        "VALID": 0,
        "total": 100.00035080851322
    }
}