{
    "counter": {
        "ACTIVE": 13706,
        "INACTIVE": 28,
        "INVALID": 0,
        "MALICIOUS": 0,
        "SANE": 0,
        "VALID": 0,
        "total": 13734
    },
    "percentage": {
        "ACTIVE": 99.79612640163099,
        "INACTIVE": 0.2121855107608366,
        "INVALID": 0,
        "MALICIOUS": 0,
        "SANE": 0,
        "VALID": 0,
        "total": 100.00831191239182
    }
}