{
    "counter": {
        "ACTIVE": 17812,
        "INACTIVE": 4,
        "INVALID": 0,
        "MALICIOUS": 0,
        "SANE": 0,
        "VALID": 0,
        "total": 17816
    },
    "percentage": {
        "ACTIVE": 99.97754827121689,
        "INACTIVE": 0.023144130070010992,
        "INVALID": 0,
        "MALICIOUS": 0,
        "SANE": 0,
        "VALID": 0,
        "total": 100.0006924012869
    }
}