{
    "counter": {
        "ACTIVE": 11317,
        "INACTIVE": 67,
        "INVALID": 0,
        "MALICIOUS": 0,
        "SANE": 0,
        "VALID": 0,
        "total": 11384
    },
    "percentage": {
        "ACTIVE": 99.41145467322558,
        "INACTIVE": 0.5891663735490679,
        "INVALID": 0,
        "MALICIOUS": 0,
        "SANE": 0,
        "VALID": 0,
        "total": 100.00062104677464
    }
}