{
    "counter": {
        "ACTIVE": 17492,
        "INACTIVE": 1,
        "INVALID": 0,
        "MALICIOUS": 0,
        "SANE": 0,
        "VALID": 0,
        "total": 17493
    },
    "percentage": {
        "ACTIVE": 99.99428342765678,
        "INACTIVE": 0.012289541600098316,
        "INVALID": 0,
        "MALICIOUS": 0,
        "SANE": 0,
        "VALID": 0,
        "total": 100.00657296925688
    }
}