{
    "counter": {
        "ACTIVE": 18037,
        "INACTIVE": 5,
        "INVALID": 0,
        "MALICIOUS": 0,
        "SANE": 0,
        "VALID": 0,
        "total": 18042
    },
    "percentage": {
        "ACTIVE": 99.97228688615454,
        "INACTIVE": 0.02796733415370847,
        "INVALID": 0,
        "MALICIOUS": 0,
        "SANE": 0,
        "VALID": 0,
        "total": 100.00025422030825
    }
}