{
    "counter": {
        "ACTIVE": 9057,
        "INACTIVE": 8,
        "INVALID": 0,
        "MALICIOUS": 0,
        "SANE": 0,
        "VALID": 0,
        "total": 9065
    },
    "percentage": {
        "ACTIVE": 99.91174848317705,
        "INACTIVE": 0.1052493093014077,
        "INVALID": 0,
        "MALICIOUS": 0,
        "SANE": 0,
        "VALID": 0,
        "total": 100.01699779247846
    }
}