{
    "counter": {
        "ACTIVE": 17668,
        "INACTIVE": 191,
        "INVALID": 0,
        "MALICIOUS": 0,
        "SANE": 0,
        "VALID": 0,
        "total": 17859
    },
    "percentage": {
        "ACTIVE": 98.93605106954867,
        "INACTIVE": 1.0694887731675906,
        "INVALID": 0,
        "MALICIOUS": 0,
        "SANE": 0,
        "VALID": 0,
        "total": 100.00553984271626
    }
}