{
    "counter": {
        "ACTIVE": 11102,
        "INACTIVE": 1,
        "INVALID": 0,
        "MALICIOUS": 0,
        "SANE": 0,
        "VALID": 0,
        "total": 11103
    },
    "percentage": {
        "ACTIVE": 99.9909934252004,
        "INACTIVE": 0.012289541600098316,
        "INVALID": 0,
        "MALICIOUS": 0,
        "SANE": 0,
        "VALID": 0,
        "total": 100.0032829668005
    }
}