{
    "counter": {
        "ACTIVE": 42629,
        "INACTIVE": 26,
        "INVALID": 0,
        "MALICIOUS": 0,
        "SANE": 0,
        "VALID": 0,
        "total": 42655
    },
    "percentage": {
        "ACTIVE": 99.93904583284493,
        "INACTIVE": 0.060954167155081465,
        "INVALID": 0.0,
        "MALICIOUS": 0.0,
        "SANE": 0.0,
        "VALID": 0.0,
        "total": 100.0
    }
}