{
    "counter": {
        "ACTIVE": 16292,
        "INACTIVE": 2,
        "INVALID": 0,
        "MALICIOUS": 0,
        "SANE": 0,
        "VALID": 0,
        "total": 16294
    },
    "percentage": {
        "ACTIVE": 99.98772554314472,
        "INACTIVE": 0.02247191011235955,
        "INVALID": 0,
        "MALICIOUS": 0,
        "SANE": 0,
        "VALID": 0,
        "total": 100.01019745325708
    }
}