{
    "counter": {
        "ACTIVE": 17499,
        "INACTIVE": 2,
        "INVALID": 0,
        "MALICIOUS": 0,
        "SANE": 0,
        "VALID": 0,
        "total": 17501
    },
    "percentage": {
        "ACTIVE": 99.98857208159534,
        "INACTIVE": 0.02247191011235955,
        "INVALID": 0,
        "MALICIOUS": 0,
        "SANE": 0,
        "VALID": 0,
        "total": 100.0110439917077
    }
}