{
    "counter": {
        "ACTIVE": 31734,
        "INACTIVE": 1,
        "INVALID": 0,
        "MALICIOUS": 0,
        "SANE": 0,
        "VALID": 0,
        "total": 31735
    },
    "percentage": {
        "ACTIVE": 99.99684890499448,
        "INACTIVE": 0.003151095005514416,
        "INVALID": 0.0,
        "MALICIOUS": 0.0,
        "SANE": 0.0,
        "VALID": 0.0,
        "total": 100.0
    }
}