{
    "counter": {
        "ACTIVE": 16920,
        "INACTIVE": 1,
        "INVALID": 0,
        "MALICIOUS": 0,
        "SANE": 0,
        "VALID": 0,
        "total": 16921
    },
    "percentage": {
        "ACTIVE": 99.99409018379528,
        "INACTIVE": 0.006535520554212143,
        "INVALID": 0,
        "MALICIOUS": 0,
        "SANE": 0,
        "VALID": 0,
        "total": 100.00062570434949
    }
}