{
    "counter": {
        "ACTIVE": 13728,
        "INACTIVE": 1,
        "INVALID": 0,
        "MALICIOUS": 0,
        "SANE": 0,
        "VALID": 0,
        "total": 13729
    },
    "percentage": {
        "ACTIVE": 99.99271614829922,
        "INACTIVE": 0.01440299582313121,
        "INVALID": 0,
        "MALICIOUS": 0,
        "SANE": 0,
        "VALID": 0,
        "total": 100.00711914412236
    }
}