{
    "counter": {
        "ACTIVE": 31554,
        "INACTIVE": 14,
        "INVALID": 0,
        "MALICIOUS": 0,
        "SANE": 0,
        "VALID": 0,
        "total": 31568
    },
    "percentage": {
        "ACTIVE": 99.95565129244805,
        "INACTIVE": 0.04434870755195134,
        "INVALID": 0.0,
        "MALICIOUS": 0.0,
        "SANE": 0.0,
        "VALID": 0.0,
        "total": 100.0
    }
}