{
    "counter": {
        "ACTIVE": 9298,
        "INACTIVE": 1,
        "INVALID": 0,
        "MALICIOUS": 0,
        "SANE": 0,
        "VALID": 0,
        "total": 9299
    },
    "percentage": {
        "ACTIVE": 99.9892461555006,
        "INACTIVE": 0.01440299582313121,
        "INVALID": 0,
        "MALICIOUS": 0,
        "SANE": 0,
        "VALID": 0,
        "total": 100.00364915132373
    }
}