{
    "counter": {
        "ACTIVE": 44521,
        "INACTIVE": 2,
        "INVALID": 0,
        "MALICIOUS": 0,
        "SANE": 0,
        "VALID": 0,
        "total": 44523
    },
    "percentage": {
        "ACTIVE": 99.99550793971655,
        "INACTIVE": 0.004492060283449004,
        "INVALID": 0.0,
        "MALICIOUS": 0.0,
        "SANE": 0.0,
        "VALID": 0.0,
        "total": 100.0
    }
}