{
    "counter": {
        "ACTIVE": 33159,
        "INACTIVE": 99,
        "INVALID": 0,
        "MALICIOUS": 0,
        "SANE": 0,
        "VALID": 0,
        "total": 33258
    },
    "percentage": {
        "ACTIVE": 99.7023272596067,
        "INACTIVE": 0.29767274039328884,
        "INVALID": 0.0,
        "MALICIOUS": 0.0,
        "SANE": 0.0,
        "VALID": 0.0,
        "total": 100.0
    }
}