{
    "counter": {
        "ACTIVE": 14063,
        "INACTIVE": 1135,
        "INVALID": 0,
        "MALICIOUS": 0,
        "SANE": 0,
        "VALID": 0,
        "total": 15198
    },
    "percentage": {
        "ACTIVE": 92.53191209369653,
        "INACTIVE": 7.468087906303461,
        "INVALID": 0.0,
        "MALICIOUS": 0.0,
        "SANE": 0.0,
        "VALID": 0.0,
        "total": 100.0
    }
}