{
    "counter": {
        "ACTIVE": 19916,
        "INACTIVE": 4,
        "INVALID": 0,
        "MALICIOUS": 0,
        "SANE": 0,
        "VALID": 0,
        "total": 19920
    },
    "percentage": {
        "ACTIVE": 99.97991967871486,
        "INACTIVE": 0.06720430107526881,
        "INVALID": 0,
        "MALICIOUS": 0,
        "SANE": 0,
        "VALID": 0,
        "total": 100.04712397979013
    }
}