{
    "counter": {
        "ACTIVE": 28924,
        "INACTIVE": 6,
        "INVALID": 0,
        "MALICIOUS": 0,
        "SANE": 0,
        "VALID": 0,
        "total": 28930
    },
    "percentage": {
        "ACTIVE": 99.9792602834428,
        "INACTIVE": 0.025296176061385386,
        "INVALID": 0,
        "MALICIOUS": 0,
        "SANE": 0,
        "VALID": 0,
        "total": 100.00455645950419
    }
}