{
    "counter": {
        "ACTIVE": 1915,
        "INACTIVE": 803,
        "INVALID": 0,
        "MALICIOUS": 0,
        "SANE": 0,
        "VALID": 0,
        "total": 2718
    },
    "percentage": {
        "ACTIVE": 70.45621780721119,
        "INACTIVE": 29.543782192788814,
        "INVALID": 0.0,
        "MALICIOUS": 0.0,
        "SANE": 0.0,
        "VALID": 0.0,
        "total": 100.0
    }
}