{
    "counter": {
        "ACTIVE": 16882,
        "INACTIVE": 1,
        "INVALID": 0,
        "MALICIOUS": 0,
        "SANE": 0,
        "VALID": 0,
        "total": 16883
    },
    "percentage": {
        "ACTIVE": 99.99407688207073,
        "INACTIVE": 0.006181615874389566,
        "INVALID": 0,
        "MALICIOUS": 0,
        "SANE": 0,
        "VALID": 0,
        "total": 100.00025849794513
    }
}