{
    "counter": {
        "ACTIVE": 4635,
        "INACTIVE": 4,
        "INVALID": 0,
        "MALICIOUS": 0,
        "SANE": 0,
        "VALID": 0,
        "total": 4639
    },
    "percentage": {
        "ACTIVE": 99.91377452037077,
        "INACTIVE": 0.086244070720138,
        "INVALID": 0,
        "MALICIOUS": 0,
        "SANE": 0,
        "VALID": 0,
        "total": 100.0000185910909
    }
}