{
    "counter": {
        "ACTIVE": 1228,
        "INACTIVE": 3,
        "INVALID": 0,
        "MALICIOUS": 0,
        "SANE": 0,
        "VALID": 0,
        "total": 1231
    },
    "percentage": {
        "ACTIVE": 99.75629569455727,
        "INACTIVE": 0.40214477211796246,
        "INVALID": 0,
        "MALICIOUS": 0,
        "SANE": 0,
        "VALID": 0,
        "total": 100.15844046667523
    }
}