{
    "counter": {
        "ACTIVE": 43867,
        "INACTIVE": 1,
        "INVALID": 0,
        "MALICIOUS": 0,
        "SANE": 0,
        "VALID": 0,
        "total": 43868
    },
    "percentage": {
        "ACTIVE": 99.99772043402936,
        "INACTIVE": 0.0022795659706391904,
        "INVALID": 0.0,
        "MALICIOUS": 0.0,
        "SANE": 0.0,
        "VALID": 0.0,
        "total": 100.0
    }
}