{
    "counter": {
        "ACTIVE": 16428,
        "INACTIVE": 1,
        "INVALID": 0,
        "MALICIOUS": 0,
        "SANE": 0,
        "VALID": 0,
        "total": 16429
    },
    "percentage": {
        "ACTIVE": 99.9939132022643,
        "INACTIVE": 0.006181615874389566,
        "INVALID": 0,
        "MALICIOUS": 0,
        "SANE": 0,
        "VALID": 0,
        "total": 100.00009481813869
    }
}