{
    "counter": {
        "ACTIVE": 17746,
        "INACTIVE": 6,
        "INVALID": 0,
        "MALICIOUS": 0,
        "SANE": 0,
        "VALID": 0,
        "total": 17752
    },
    "percentage": {
        "ACTIVE": 99.96620099143759,
        "INACTIVE": 0.033818058843422386,
        "INVALID": 0,
        "MALICIOUS": 0,
        "SANE": 0,
        "VALID": 0,
        "total": 100.00001905028101
    }
}