{
    "counter": {
        "ACTIVE": 15468,
        "INACTIVE": 109,
        "INVALID": 0,
        "MALICIOUS": 0,
        "SANE": 0,
        "VALID": 0,
        "total": 15577
    },
    "percentage": {
        "ACTIVE": 99.30025036913398,
        "INACTIVE": 0.7187603033300363,
        "INVALID": 0,
        "MALICIOUS": 0,
        "SANE": 0,
        "VALID": 0,
        "total": 100.01901067246402
    }
}