{
    "counter": {
        "ACTIVE": 23878,
        "INACTIVE": 6,
        "INVALID": 0,
        "MALICIOUS": 0,
        "SANE": 0,
        "VALID": 0,
        "total": 23884
    },
    "percentage": {
        "ACTIVE": 99.97487857980238,
        "INACTIVE": 0.025296176061385386,
        "INVALID": 0,
        "MALICIOUS": 0,
        "SANE": 0,
        "VALID": 0,
        "total": 100.00017475586377
    }
}