{
    "counter": {
        "ACTIVE": 17379,
        "INACTIVE": 52,
        "INVALID": 0,
        "MALICIOUS": 0,
        "SANE": 0,
        "VALID": 0,
        "total": 17431
    },
    "percentage": {
        "ACTIVE": 99.70168091331536,
        "INACTIVE": 0.3013269977400475,
        "INVALID": 0,
        "MALICIOUS": 0,
        "SANE": 0,
        "VALID": 0,
        "total": 100.0030079110554
    }
}