{
    "counter": {
        "ACTIVE": 17471,
        "INACTIVE": 4,
        "INVALID": 0,
        "MALICIOUS": 0,
        "SANE": 0,
        "VALID": 0,
        "total": 17475
    },
    "percentage": {
        "ACTIVE": 99.97711015736766,
        "INACTIVE": 0.06720430107526881,
        "INVALID": 0,
        "MALICIOUS": 0,
        "SANE": 0,
        "VALID": 0,
        "total": 100.04431445844293
    }
}