{
    "counter": {
        "ACTIVE": 44674,
        "INACTIVE": 18,
        "INVALID": 0,
        "MALICIOUS": 0,
        "SANE": 0,
        "VALID": 0,
        "total": 44692
    },
    "percentage": {
        "ACTIVE": 99.95972433545154,
        "INACTIVE": 0.04027566454846505,
        "INVALID": 0.0,
        "MALICIOUS": 0.0,
        "SANE": 0.0,
        "VALID": 0.0,
        "total": 100.0
    }
}