{
    "counter": {
        "ACTIVE": 8797,
        "INACTIVE": 1,
        "INVALID": 0,
        "MALICIOUS": 0,
        "SANE": 0,
        "VALID": 0,
        "total": 8798
    },
    "percentage": {
        "ACTIVE": 99.98863378040464,
        "INACTIVE": 0.012289541600098316,
        "INVALID": 0,
        "MALICIOUS": 0,
        "SANE": 0,
        "VALID": 0,
        "total": 100.00092332200474
    }
}