{
    "counter": {
        "ACTIVE": 17754,
        "INACTIVE": 2,
        "INVALID": 0,
        "MALICIOUS": 0,
        "SANE": 0,
        "VALID": 0,
        "total": 17756
    },
    "percentage": {
        "ACTIVE": 99.98873620184726,
        "INACTIVE": 0.013089861901956934,
        "INVALID": 0,
        "MALICIOUS": 0,
        "SANE": 0,
        "VALID": 0,
        "total": 100.00182606374922
    }
}