{
    "counter": {
        "ACTIVE": 25870,
        "INACTIVE": 6,
        "INVALID": 0,
        "MALICIOUS": 0,
        "SANE": 0,
        "VALID": 0,
        "total": 25876
    },
    "percentage": {
        "ACTIVE": 99.97681249033853,
        "INACTIVE": 0.025296176061385386,
        "INVALID": 0,
        "MALICIOUS": 0,
        "SANE": 0,
        "VALID": 0,
        "total": 100.00210866639992
    }
}