{
    "counter": {
        "ACTIVE": 16664,
        "INACTIVE": 3,
        "INVALID": 0,
        "MALICIOUS": 0,
        "SANE": 0,
        "VALID": 0,
        "total": 16667
    },
    "percentage": {
        "ACTIVE": 99.9820003599928,
        "INACTIVE": 0.018037518037518036,
        "INVALID": 0,
        "MALICIOUS": 0,
        "SANE": 0,
        "VALID": 0,
        "total": 100.00003787803031
    }
}