{
    "counter": {
        "ACTIVE": 28400,
        "INACTIVE": 6,
        "INVALID": 0,
        "MALICIOUS": 0,
        "SANE": 0,
        "VALID": 0,
        "total": 28406
    },
    "percentage": {
        "ACTIVE": 99.97887770189396,
        "INACTIVE": 0.025296176061385386,
        "INVALID": 0,
        "MALICIOUS": 0,
        "SANE": 0,
        "VALID": 0,
        "total": 100.00417387795535
    }
}