{
    "counter": {
        "ACTIVE": 17673,
        "INACTIVE": 54,
        "INVALID": 0,
        "MALICIOUS": 0,
        "SANE": 0,
        "VALID": 0,
        "total": 17727
    },
    "percentage": {
        "ACTIVE": 99.69537992892198,
        "INACTIVE": 0.3064177495318618,
        "INVALID": 0,
        "MALICIOUS": 0,
        "SANE": 0,
        "VALID": 0,
        "total": 100.00179767845384
    }
}