{
    "counter": {
        "ACTIVE": 17236,
        "INACTIVE": 183,
        "INVALID": 0,
        "MALICIOUS": 0,
        "SANE": 0,
        "VALID": 0,
        "total": 17419
    },
    "percentage": {
        "ACTIVE": 98.94942304380274,
        "INACTIVE": 1.0516032639926445,
        "INVALID": 0,
        "MALICIOUS": 0,
        "SANE": 0,
        "VALID": 0,
        "total": 100.00102630779539
    }
}