{
    "counter": {
        "ACTIVE": 17421,
        "INACTIVE": 1,
        "INVALID": 0,
        "MALICIOUS": 0,
        "SANE": 0,
        "VALID": 0,
        "total": 17422
    },
    "percentage": {
        "ACTIVE": 99.99426013086902,
        "INACTIVE": 0.006535520554212143,
        "INVALID": 0,
        "MALICIOUS": 0,
        "SANE": 0,
        "VALID": 0,
        "total": 100.00079565142323
    }
}