{
    "counter": {
        "ACTIVE": 17307,
        "INACTIVE": 28,
        "INVALID": 0,
        "MALICIOUS": 0,
        "SANE": 0,
        "VALID": 0,
        "total": 17335
    },
    "percentage": {
        "ACTIVE": 99.83847706951255,
        "INACTIVE": 0.1637905820415326,
        "INVALID": 0,
        "MALICIOUS": 0,
        "SANE": 0,
        "VALID": 0,
        "total": 100.00226765155408
    }
}