{
    "counter": {
        "ACTIVE": 17712,
        "INACTIVE": 25,
        "INVALID": 0,
        "MALICIOUS": 0,
        "SANE": 0,
        "VALID": 0,
        "total": 17737
    },
    "percentage": {
        "ACTIVE": 99.8590516998365,
        "INACTIVE": 0.14094830016350002,
        "INVALID": 0.0,
        "MALICIOUS": 0.0,
        "SANE": 0.0,
        "VALID": 0.0,
        "total": 100.0
    }
}