{
    "counter": {
        "ACTIVE": 17707,
        "INACTIVE": 114,
        "INVALID": 0,
        "MALICIOUS": 0,
        "SANE": 0,
        "VALID": 0,
        "total": 17821
    },
    "percentage": {
        "ACTIVE": 99.36030525784187,
        "INACTIVE": 0.6436677770876856,
        "INVALID": 0,
        "MALICIOUS": 0,
        "SANE": 0,
        "VALID": 0,
        "total": 100.00397303492956
    }
}