{
    "counter": {
        "ACTIVE": 20897,
        "INACTIVE": 376,
        "INVALID": 0,
        "MALICIOUS": 0,
        "SANE": 0,
        "VALID": 0,
        "total": 21273
    },
    "percentage": {
        "ACTIVE": 98.23250129271847,
        "INACTIVE": 1.7679142373518901,
        "INVALID": 0,
        "MALICIOUS": 0,
        "SANE": 0,
        "VALID": 0,
        "total": 100.00041553007036
    }
}