{
    "counter": {
        "ACTIVE": 16759,
        "INACTIVE": 2,
        "INVALID": 0,
        "MALICIOUS": 0,
        "SANE": 0,
        "VALID": 0,
        "total": 16761
    },
    "percentage": {
        "ACTIVE": 99.98806753773641,
        "INACTIVE": 0.01197246333433104,
        "INVALID": 0,
        "MALICIOUS": 0,
        "SANE": 0,
        "VALID": 0,
        "total": 100.00004000107074
    }
}