{
    "counter": {
        "ACTIVE": 16151,
        "INACTIVE": 1,
        "INVALID": 0,
        "MALICIOUS": 0,
        "SANE": 0,
        "VALID": 0,
        "total": 16152
    },
    "percentage": {
        "ACTIVE": 99.99380881624566,
        "INACTIVE": 0.01440299582313121,
        "INVALID": 0,
        "MALICIOUS": 0,
        "SANE": 0,
        "VALID": 0,
        "total": 100.0082118120688
    }
}