{
    "counter": {
        "ACTIVE": 33318,
        "INACTIVE": 1,
        "INVALID": 0,
        "MALICIOUS": 0,
        "SANE": 0,
        "VALID": 0,
        "total": 33319
    },
    "percentage": {
        "ACTIVE": 99.99699870944507,
        "INACTIVE": 0.0030012905549386235,
        "INVALID": 0.0,
        "MALICIOUS": 0.0,
        "SANE": 0.0,
        "VALID": 0.0,
        "total": 100.0
    }
}