{
    "counter": {
        "ACTIVE": 17419,
        "INACTIVE": 28,
        "INVALID": 0,
        "MALICIOUS": 0,
        "SANE": 0,
        "VALID": 0,
        "total": 17447
    },
    "percentage": {
        "ACTIVE": 99.83951395655413,
        "INACTIVE": 0.1637905820415326,
        "INVALID": 0,
        "MALICIOUS": 0,
        "SANE": 0,
        "VALID": 0,
        "total": 100.00330453859566
    }
}