{
    "counter": {
        "ACTIVE": 13973,
        "INACTIVE": 91,
        "INVALID": 0,
        "MALICIOUS": 0,
        "SANE": 0,
        "VALID": 0,
        "total": 14064
    },
    "percentage": {
        "ACTIVE": 99.35295790671218,
        "INACTIVE": 0.6571346042749856,
        "INVALID": 0,
        "MALICIOUS": 0,
        "SANE": 0,
        "VALID": 0,
        "total": 100.01009251098716
    }
}