{
    "counter": {
        "ACTIVE": 17601,
        "INACTIVE": 2,
        "INVALID": 0,
        "MALICIOUS": 0,
        "SANE": 0,
        "VALID": 0,
        "total": 17603
    },
    "percentage": {
        "ACTIVE": 99.98863830028972,
        "INACTIVE": 0.02247191011235955,
        "INVALID": 0,
        "MALICIOUS": 0,
        "SANE": 0,
        "VALID": 0,
        "total": 100.01111021040208
    }
}