{
    "counter": {
        "ACTIVE": 41335,
        "INACTIVE": 6,
        "INVALID": 0,
        "MALICIOUS": 0,
        "SANE": 0,
        "VALID": 0,
        "total": 41341
    },
    "percentage": {
        "ACTIVE": 99.98548656297622,
        "INACTIVE": 0.014513437023777848,
        "INVALID": 0.0,
        "MALICIOUS": 0.0,
        "SANE": 0.0,
        "VALID": 0.0,
        "total": 100.0
    }
}