{
    "counter": {
        "ACTIVE": 17616,
        "INACTIVE": 6,
        "INVALID": 0,
        "MALICIOUS": 0,
        "SANE": 0,
        "VALID": 0,
        "total": 17622
    },
    "percentage": {
        "ACTIVE": 99.96595165134491,
        "INACTIVE": 0.20512820512820512,
        "INVALID": 0,
        "MALICIOUS": 0,
        "SANE": 0,
        "VALID": 0,
        "total": 100.17107985647311
    }
}