{
    "counter": {
        "ACTIVE": 8126,
        "INACTIVE": 4,
        "INVALID": 0,
        "MALICIOUS": 0,
        "SANE": 0,
        "VALID": 0,
        "total": 8130
    },
    "percentage": {
        "ACTIVE": 99.95079950799509,
        "INACTIVE": 0.06720430107526881,
        "INVALID": 0,
        "MALICIOUS": 0,
        "SANE": 0,
        "VALID": 0,
        "total": 100.01800380907035
    }
}