{
    "counter": {
        "ACTIVE": 22559,
        "INACTIVE": 861,
        "INVALID": 0,
        "MALICIOUS": 0,
        "SANE": 0,
        "VALID": 0,
        "total": 23420
    },
    "percentage": {
        "ACTIVE": 96.32365499573015,
        "INACTIVE": 3.6763450042698547,
        "INVALID": 0.0,
        "MALICIOUS": 0.0,
        "SANE": 0.0,
        "VALID": 0.0,
        "total": 100.0
    }
}