{
    "counter": {
        "ACTIVE": 17643,
        "INACTIVE": 6,
        "INVALID": 0,
        "MALICIOUS": 0,
        "SANE": 0,
        "VALID": 0,
        "total": 17649
    },
    "percentage": {
        "ACTIVE": 99.96600373958864,
        "INACTIVE": 0.20512820512820512,
        "INVALID": 0,
        "MALICIOUS": 0,
        "SANE": 0,
        "VALID": 0,
        "total": 100.17113194471685
    }
}