{
    "counter": {
        "ACTIVE": 6124,
        "INACTIVE": 18,
        "INVALID": 0,
        "MALICIOUS": 0,
        "SANE": 0,
        "VALID": 0,
        "total": 6142
    },
    "percentage": {
        "ACTIVE": 99.70693585151416,
        "INACTIVE": 0.2983095790520385,
        "INVALID": 0,
        "MALICIOUS": 0,
        "SANE": 0,
        "VALID": 0,
        "total": 100.0052454305662
    }
}