{
    "counter": {
        "ACTIVE": 15423,
        "INACTIVE": 1,
        "INVALID": 0,
        "MALICIOUS": 0,
        "SANE": 0,
        "VALID": 0,
        "total": 15424
    },
    "percentage": {
        "ACTIVE": 99.99351659751038,
        "INACTIVE": 0.012289541600098316,
        "INVALID": 0,
        "MALICIOUS": 0,
        "SANE": 0,
        "VALID": 0,
        "total": 100.00580613911048
    }
}