{
    "counter": {
        "ACTIVE": 17494,
        "INACTIVE": 1,
        "INVALID": 0,
        "MALICIOUS": 0,
        "SANE": 0,
        "VALID": 0,
        "total": 17495
    },
    "percentage": {
        "ACTIVE": 99.99428408116604,
        "INACTIVE": 0.01440299582313121,
        "INVALID": 0,
        "MALICIOUS": 0,
        "SANE": 0,
        "VALID": 0,
        "total": 100.00868707698918
    }
}