{
    "counter": {
        "ACTIVE": 16774,
        "INACTIVE": 49,
        "INVALID": 0,
        "MALICIOUS": 0,
        "SANE": 0,
        "VALID": 0,
        "total": 16823
    },
    "percentage": {
        "ACTIVE": 99.70873209296796,
        "INACTIVE": 0.2921535893155259,
        "INVALID": 0,
        "MALICIOUS": 0,
        "SANE": 0,
        "VALID": 0,
        "total": 100.0008856822835
    }
}