{
    "counter": {
        "ACTIVE": 17704,
        "INACTIVE": 5,
        "INVALID": 0,
        "MALICIOUS": 0,
        "SANE": 0,
        "VALID": 0,
        "total": 17709
    },
    "percentage": {
        "ACTIVE": 99.97176576881812,
        "INACTIVE": 0.02881180131381814,
        "INVALID": 0,
        "MALICIOUS": 0,
        "SANE": 0,
        "VALID": 0,
        "total": 100.00057757013194
    }
}