{
    "counter": {
        "ACTIVE": 44614,
        "INACTIVE": 5,
        "INVALID": 0,
        "MALICIOUS": 0,
        "SANE": 0,
        "VALID": 0,
        "total": 44619
    },
    "percentage": {
        "ACTIVE": 99.98879401151976,
        "INACTIVE": 0.011205988480243843,
        "INVALID": 0.0,
        "MALICIOUS": 0.0,
        "SANE": 0.0,
        "VALID": 0.0,
        "total": 100.0
    }
}