{
    "counter": {
        "ACTIVE": 17419,
        "INACTIVE": 1,
        "INVALID": 0,
        "MALICIOUS": 0,
        "SANE": 0,
        "VALID": 0,
        "total": 17420
    },
    "percentage": {
        "ACTIVE": 99.99425947187142,
        "INACTIVE": 0.012289541600098316,
        "INVALID": 0,
        "MALICIOUS": 0,
        "SANE": 0,
        "VALID": 0,
        "total": 100.00654901347151
    }
}