{
    "counter": {
        "ACTIVE": 41823,
        "INACTIVE": 24,
        "INVALID": 0,
        "MALICIOUS": 0,
        "SANE": 0,
        "VALID": 0,
        "total": 41847
    },
    "percentage": {
        "ACTIVE": 99.94264821851029,
        "INACTIVE": 0.057351781489712525,
        "INVALID": 0.0,
        "MALICIOUS": 0.0,
        "SANE": 0.0,
        "VALID": 0.0,
        "total": 100.0
    }
}