{
    "counter": {
        "ACTIVE": 17703,
        "INACTIVE": 5,
        "INVALID": 0,
        "MALICIOUS": 0,
        "SANE": 0,
        "VALID": 0,
        "total": 17708
    },
    "percentage": {
        "ACTIVE": 99.97176417438446,
        "INACTIVE": 0.02881180131381814,
        "INVALID": 0,
        "MALICIOUS": 0,
        "SANE": 0,
        "VALID": 0,
        "total": 100.00057597569828
    }
}