{
    "counter": {
        "ACTIVE": 15451,
        "INACTIVE": 3,
        "INVALID": 0,
        "MALICIOUS": 0,
        "SANE": 0,
        "VALID": 0,
        "total": 15454
    },
    "percentage": {
        "ACTIVE": 99.98058755014883,
        "INACTIVE": 0.026162030173541465,
        "INVALID": 0,
        "MALICIOUS": 0,
        "SANE": 0,
        "VALID": 0,
        "total": 100.00674958032236
    }
}