{
    "counter": {
        "ACTIVE": 10453,
        "INACTIVE": 80,
        "INVALID": 0,
        "MALICIOUS": 0,
        "SANE": 0,
        "VALID": 0,
        "total": 10533
    },
    "percentage": {
        "ACTIVE": 99.24048229374347,
        "INACTIVE": 0.8089796743856811,
        "INVALID": 0,
        "MALICIOUS": 0,
        "SANE": 0,
        "VALID": 0,
        "total": 100.04946196812915
    }
}