{
    "counter": {
        "ACTIVE": 17487,
        "INACTIVE": 1,
        "INVALID": 0,
        "MALICIOUS": 0,
        "SANE": 0,
        "VALID": 0,
        "total": 17488
    },
    "percentage": {
        "ACTIVE": 99.99428179322965,
        "INACTIVE": 0.006250390649415589,
        "INVALID": 0,
        "MALICIOUS": 0,
        "SANE": 0,
        "VALID": 0,
        "total": 100.00053218387906
    }
}