{
    "counter": {
        "ACTIVE": 15466,
        "INACTIVE": 30,
        "INVALID": 0,
        "MALICIOUS": 0,
        "SANE": 0,
        "VALID": 0,
        "total": 15496
    },
    "percentage": {
        "ACTIVE": 99.80640165203924,
        "INACTIVE": 0.2044711014176663,
        "INVALID": 0,
        "MALICIOUS": 0,
        "SANE": 0,
        "VALID": 0,
        "total": 100.01087275345691
    }
}