{
    "counter": {
        "ACTIVE": 31584,
        "INACTIVE": 18,
        "INVALID": 0,
        "MALICIOUS": 0,
        "SANE": 0,
        "VALID": 0,
        "total": 31602
    },
    "percentage": {
        "ACTIVE": 99.94304157964686,
        "INACTIVE": 0.056958420353142206,
        "INVALID": 0.0,
        "MALICIOUS": 0.0,
        "SANE": 0.0,
        "VALID": 0.0,
        "total": 100.0
    }
}