{
    "counter": {
        "ACTIVE": 12155,
        "INACTIVE": 1,
        "INVALID": 0,
        "MALICIOUS": 0,
        "SANE": 0,
        "VALID": 0,
        "total": 12156
    },
    "percentage": {
        "ACTIVE": 99.99177360974005,
        "INACTIVE": 0.014553922282055013,
        "INVALID": 0,
        "MALICIOUS": 0,
        "SANE": 0,
        "VALID": 0,
        "total": 100.00632753202211
    }
}