{
    "counter": {
        "ACTIVE": 9922,
        "INACTIVE": 6,
        "INVALID": 0,
        "MALICIOUS": 0,
        "SANE": 0,
        "VALID": 0,
        "total": 9928
    },
    "percentage": {
        "ACTIVE": 99.9395648670427,
        "INACTIVE": 0.20512820512820512,
        "INVALID": 0,
        "MALICIOUS": 0,
        "SANE": 0,
        "VALID": 0,
        "total": 100.14469307217091
    }
}