{
    "counter": {
        "ACTIVE": 29629,
        "INACTIVE": 13,
        "INVALID": 0,
        "MALICIOUS": 0,
        "SANE": 0,
        "VALID": 0,
        "total": 29642
    },
    "percentage": {
        "ACTIVE": 99.956143310168,
        "INACTIVE": 0.043856689831995144,
        "INVALID": 0.0,
        "MALICIOUS": 0.0,
        "SANE": 0.0,
        "VALID": 0.0,
        "total": 100.0
    }
}