{
    "counter": {
        "ACTIVE": 18061,
        "INACTIVE": 197,
        "INVALID": 0,
        "MALICIOUS": 0,
        "SANE": 0,
        "VALID": 0,
        "total": 18258
    },
    "percentage": {
        "ACTIVE": 98.92102092233542,
        "INACTIVE": 1.0806363137685135,
        "INVALID": 0,
        "MALICIOUS": 0,
        "SANE": 0,
        "VALID": 0,
        "total": 100.00165723610392
    }
}