{
    "counter": {
        "ACTIVE": 17602,
        "INACTIVE": 2,
        "INVALID": 0,
        "MALICIOUS": 0,
        "SANE": 0,
        "VALID": 0,
        "total": 17604
    },
    "percentage": {
        "ACTIVE": 99.98863894569416,
        "INACTIVE": 0.02247191011235955,
        "INVALID": 0,
        "MALICIOUS": 0,
        "SANE": 0,
        "VALID": 0,
        "total": 100.01111085580652
    }
}