{
    "counter": {
        "ACTIVE": 17606,
        "INACTIVE": 3,
        "INVALID": 0,
        "MALICIOUS": 0,
        "SANE": 0,
        "VALID": 0,
        "total": 17609
    },
    "percentage": {
        "ACTIVE": 99.98296325742518,
        "INACTIVE": 0.017036742574819696,
        "INVALID": 0.0,
        "MALICIOUS": 0.0,
        "SANE": 0.0,
        "VALID": 0.0,
        "total": 100.0
    }
}