{
    "counter": {
        "ACTIVE": 28389,
        "INACTIVE": 18,
        "INVALID": 0,
        "MALICIOUS": 0,
        "SANE": 0,
        "VALID": 0,
        "total": 28407
    },
    "percentage": {
        "ACTIVE": 99.93663533636075,
        "INACTIVE": 0.06336466363924385,
        "INVALID": 0.0,
        "MALICIOUS": 0.0,
        "SANE": 0.0,
        "VALID": 0.0,
        "total": 100.0
    }
}