{
    "counter": {
        "ACTIVE": 17370,
        "INACTIVE": 2,
        "INVALID": 0,
        "MALICIOUS": 0,
        "SANE": 0,
        "VALID": 0,
        "total": 17372
    },
    "percentage": {
        "ACTIVE": 99.9884872208151,
        "INACTIVE": 0.02247191011235955,
        "INVALID": 0,
        "MALICIOUS": 0,
        "SANE": 0,
        "VALID": 0,
        "total": 100.01095913092746
    }
}