{
    "counter": {
        "ACTIVE": 13647,
        "INACTIVE": 1114,
        "INVALID": 0,
        "MALICIOUS": 0,
        "SANE": 0,
        "VALID": 0,
        "total": 14761
    },
    "percentage": {
        "ACTIVE": 92.45308583429306,
        "INACTIVE": 7.54691416570693,
        "INVALID": 0.0,
        "MALICIOUS": 0.0,
        "SANE": 0.0,
        "VALID": 0.0,
        "total": 100.0
    }
}