{
    "counter": {
        "ACTIVE": 41336,
        "INACTIVE": 1,
        "INVALID": 0,
        "MALICIOUS": 0,
        "SANE": 0,
        "VALID": 0,
        "total": 41337
    },
    "percentage": {
        "ACTIVE": 99.99758085976244,
        "INACTIVE": 0.002419140237559571,
        "INVALID": 0.0,
        "MALICIOUS": 0.0,
        "SANE": 0.0,
        "VALID": 0.0,
        "total": 100.0
    }
}