{
    "counter": {
        "ACTIVE": 44510,
        "INACTIVE": 6,
        "INVALID": 0,
        "MALICIOUS": 0,
        "SANE": 0,
        "VALID": 0,
        "total": 44516
    },
    "percentage": {
        "ACTIVE": 99.9865217000629,
        "INACTIVE": 0.013478299937101267,
        "INVALID": 0.0,
        "MALICIOUS": 0.0,
        "SANE": 0.0,
        "VALID": 0.0,
        "total": 100.0
    }
}