{
    "counter": {
        "ACTIVE": 10629,
        "INACTIVE": 2,
        "INVALID": 0,
        "MALICIOUS": 0,
        "SANE": 0,
        "VALID": 0,
        "total": 10631
    },
    "percentage": {
        "ACTIVE": 99.98118709434672,
        "INACTIVE": 0.02247191011235955,
        "INVALID": 0,
        "MALICIOUS": 0,
        "SANE": 0,
        "VALID": 0,
        "total": 100.00365900445908
    }
}