{
    "counter": {
        "ACTIVE": 17671,
        "INACTIVE": 3,
        "INVALID": 0,
        "MALICIOUS": 0,
        "SANE": 0,
        "VALID": 0,
        "total": 17674
    },
    "percentage": {
        "ACTIVE": 99.98302591377164,
        "INACTIVE": 0.01697408622835804,
        "INVALID": 0.0,
        "MALICIOUS": 0.0,
        "SANE": 0.0,
        "VALID": 0.0,
        "total": 100.0
    }
}