{
    "counter": {
        "ACTIVE": 24245,
        "INACTIVE": 4,
        "INVALID": 0,
        "MALICIOUS": 0,
        "SANE": 0,
        "VALID": 0,
        "total": 24249
    },
    "percentage": {
        "ACTIVE": 99.98350447441132,
        "INACTIVE": 0.06720430107526881,
        "INVALID": 0,
        "MALICIOUS": 0,
        "SANE": 0,
        "VALID": 0,
        "total": 100.05070877548658
    }
}