{
    "counter": {
        "ACTIVE": 17660,
        "INACTIVE": 2,
        "INVALID": 0,
        "MALICIOUS": 0,
        "SANE": 0,
        "VALID": 0,
        "total": 17662
    },
    "percentage": {
        "ACTIVE": 99.98867625410486,
        "INACTIVE": 0.013089861901956934,
        "INVALID": 0,
        "MALICIOUS": 0,
        "SANE": 0,
        "VALID": 0,
        "total": 100.00176611600682
    }
}