{
    "counter": {
        "ACTIVE": 23151,
        "INACTIVE": 4,
        "INVALID": 0,
        "MALICIOUS": 0,
        "SANE": 0,
        "VALID": 0,
        "total": 23155
    },
    "percentage": {
        "ACTIVE": 99.98272511336644,
        "INACTIVE": 0.023850694651481725,
        "INVALID": 0,
        "MALICIOUS": 0,
        "SANE": 0,
        "VALID": 0,
        "total": 100.00657580801793
    }
}