{
    "counter": {
        "ACTIVE": 14008,
        "INACTIVE": 6,
        "INVALID": 0,
        "MALICIOUS": 0,
        "SANE": 0,
        "VALID": 0,
        "total": 14014
    },
    "percentage": {
        "ACTIVE": 99.95718567147138,
        "INACTIVE": 0.20512820512820512,
        "INVALID": 0,
        "MALICIOUS": 0,
        "SANE": 0,
        "VALID": 0,
        "total": 100.16231387659958
    }
}