{
    "counter": {
        "ACTIVE": 16946,
        "INACTIVE": 3,
        "INVALID": 0,
        "MALICIOUS": 0,
        "SANE": 0,
        "VALID": 0,
        "total": 16949
    },
    "percentage": {
        "ACTIVE": 99.98229984069857,
        "INACTIVE": 0.01770015930143371,
        "INVALID": 0.0,
        "MALICIOUS": 0.0,
        "SANE": 0.0,
        "VALID": 0.0,
        "total": 100.0
    }
}