{
    "counter": {
        "ACTIVE": 11635,
        "INACTIVE": 1,
        "INVALID": 0,
        "MALICIOUS": 0,
        "SANE": 0,
        "VALID": 0,
        "total": 11636
    },
    "percentage": {
        "ACTIVE": 99.99140598143693,
        "INACTIVE": 0.009317927692881103,
        "INVALID": 0,
        "MALICIOUS": 0,
        "SANE": 0,
        "VALID": 0,
        "total": 100.0007239091298
    }
}