{
    "counter": {
        "ACTIVE": 14682,
        "INACTIVE": 1,
        "INVALID": 0,
        "MALICIOUS": 0,
        "SANE": 0,
        "VALID": 0,
        "total": 14683
    },
    "percentage": {
        "ACTIVE": 99.99318940271061,
        "INACTIVE": 0.01110494169905608,
        "INVALID": 0,
        "MALICIOUS": 0,
        "SANE": 0,
        "VALID": 0,
        "total": 100.00429434440967
    }
}