{
    "counter": {
        "ACTIVE": 16525,
        "INACTIVE": 3,
        "INVALID": 0,
        "MALICIOUS": 0,
        "SANE": 0,
        "VALID": 0,
        "total": 16528
    },
    "percentage": {
        "ACTIVE": 99.98184898354307,
        "INACTIVE": 0.018151016456921586,
        "INVALID": 0.0,
        "MALICIOUS": 0.0,
        "SANE": 0.0,
        "VALID": 0.0,
        "total": 100.0
    }
}