{
    "counter": {
        "ACTIVE": 23550,
        "INACTIVE": 5,
        "INVALID": 0,
        "MALICIOUS": 0,
        "SANE": 0,
        "VALID": 0,
        "total": 23555
    },
    "percentage": {
        "ACTIVE": 99.97877308427086,
        "INACTIVE": 0.0213620439203623,
        "INVALID": 0,
        "MALICIOUS": 0,
        "SANE": 0,
        "VALID": 0,
        "total": 100.00013512819122
    }
}