{
    "counter": {
        "ACTIVE": 44583,
        "INACTIVE": 2,
        "INVALID": 0,
        "MALICIOUS": 0,
        "SANE": 0,
        "VALID": 0,
        "total": 44585
    },
    "percentage": {
        "ACTIVE": 99.99551418638555,
        "INACTIVE": 0.00448581361444432,
        "INVALID": 0.0,
        "MALICIOUS": 0.0,
        "SANE": 0.0,
        "VALID": 0.0,
        "total": 100.0
    }
}