{
    "counter": {
        "ACTIVE": 16383,
        "INACTIVE": 149,
        "INVALID": 0,
        "MALICIOUS": 0,
        "SANE": 0,
        "VALID": 0,
        "total": 16532
    },
    "percentage": {
        "ACTIVE": 99.09871763851923,
        "INACTIVE": 0.901827865875802,
        "INVALID": 0,
        "MALICIOUS": 0,
        "SANE": 0,
        "VALID": 0,
        "total": 100.00054550439503
    }
}