{
    "counter": {
        "ACTIVE": 16462,
        "INACTIVE": 3,
        "INVALID": 0,
        "MALICIOUS": 0,
        "SANE": 0,
        "VALID": 0,
        "total": 16465
    },
    "percentage": {
        "ACTIVE": 99.98177953234133,
        "INACTIVE": 0.020800110933924983,
        "INVALID": 0,
        "MALICIOUS": 0,
        "SANE": 0,
        "VALID": 0,
        "total": 100.00257964327525
    }
}