{
    "counter": {
        "ACTIVE": 17559,
        "INACTIVE": 1,
        "INVALID": 0,
        "MALICIOUS": 0,
        "SANE": 0,
        "VALID": 0,
        "total": 17560
    },
    "percentage": {
        "ACTIVE": 99.99430523917995,
        "INACTIVE": 0.006250390649415589,
        "INVALID": 0,
        "MALICIOUS": 0,
        "SANE": 0,
        "VALID": 0,
        "total": 100.00055562982936
    }
}