{
    "counter": {
        "ACTIVE": 15665,
        "INACTIVE": 1627,
        "INVALID": 0,
        "MALICIOUS": 0,
        "SANE": 0,
        "VALID": 0,
        "total": 17292
    },
    "percentage": {
        "ACTIVE": 90.5910247513301,
        "INACTIVE": 9.408975248669906,
        "INVALID": 0.0,
        "MALICIOUS": 0.0,
        "SANE": 0.0,
        "VALID": 0.0,
        "total": 100.0
    }
}