{
    "counter": {
        "ACTIVE": 33823,
        "INACTIVE": 1,
        "INVALID": 0,
        "MALICIOUS": 0,
        "SANE": 0,
        "VALID": 0,
        "total": 33824
    },
    "percentage": {
        "ACTIVE": 99.99704351939451,
        "INACTIVE": 0.002956480605487228,
        "INVALID": 0.0,
        "MALICIOUS": 0.0,
        "SANE": 0.0,
        "VALID": 0.0,
        "total": 100.0
    }
}