{
    "counter": {
        "ACTIVE": 33708,
        "INACTIVE": 11,
        "INVALID": 0,
        "MALICIOUS": 0,
        "SANE": 0,
        "VALID": 0,
        "total": 33719
    },
    "percentage": {
        "ACTIVE": 99.96737744298467,
        "INACTIVE": 0.0326225570153326,
        "INVALID": 0.0,
        "MALICIOUS": 0.0,
        "SANE": 0.0,
        "VALID": 0.0,
        "total": 100.0
    }
}