{
    "counter": {
        "ACTIVE": 16663,
        "INACTIVE": 33,
        "INVALID": 0,
        "MALICIOUS": 0,
        "SANE": 0,
        "VALID": 0,
        "total": 16696
    },
    "percentage": {
        "ACTIVE": 99.80234786775276,
        "INACTIVE": 0.20153902528398682,
        "INVALID": 0,
        "MALICIOUS": 0,
        "SANE": 0,
        "VALID": 0,
        "total": 100.00388689303675
    }
}