{
    "counter": {
        "ACTIVE": 42200,
        "INACTIVE": 16,
        "INVALID": 0,
        "MALICIOUS": 0,
        "SANE": 0,
        "VALID": 0,
        "total": 42216
    },
    "percentage": {
        "ACTIVE": 99.96209967784726,
        "INACTIVE": 0.0379003221527383,
        "INVALID": 0.0,
        "MALICIOUS": 0.0,
        "SANE": 0.0,
        "VALID": 0.0,
        "total": 100.0
    }
}