{
    "counter": {
        "ACTIVE": 17013,
        "INACTIVE": 50,
        "INVALID": 0,
        "MALICIOUS": 0,
        "SANE": 0,
        "VALID": 0,
        "total": 17063
    },
    "percentage": {
        "ACTIVE": 99.70696829396941,
        "INACTIVE": 0.2963841138114997,
        "INVALID": 0,
        "MALICIOUS": 0,
        "SANE": 0,
        "VALID": 0,
        "total": 100.00335240778091
    }
}