{
    "counter": {
        "ACTIVE": 10044,
        "INACTIVE": 80,
        "INVALID": 0,
        "MALICIOUS": 0,
        "SANE": 0,
        "VALID": 0,
        "total": 10124
    },
    "percentage": {
        "ACTIVE": 99.20979849861715,
        "INACTIVE": 0.8089796743856811,
        "INVALID": 0,
        "MALICIOUS": 0,
        "SANE": 0,
        "VALID": 0,
        "total": 100.01877817300283
    }
}