{
    "counter": {
        "ACTIVE": 44598,
        "INACTIVE": 3,
        "INVALID": 0,
        "MALICIOUS": 0,
        "SANE": 0,
        "VALID": 0,
        "total": 44601
    },
    "percentage": {
        "ACTIVE": 99.99327369341495,
        "INACTIVE": 0.006726306585054147,
        "INVALID": 0.0,
        "MALICIOUS": 0.0,
        "SANE": 0.0,
        "VALID": 0.0,
        "total": 100.0
    }
}