{
    "counter": {
        "ACTIVE": 26699,
        "INACTIVE": 6,
        "INVALID": 0,
        "MALICIOUS": 0,
        "SANE": 0,
        "VALID": 0,
        "total": 26705
    },
    "percentage": {
        "ACTIVE": 99.9775322973226,
        "INACTIVE": 0.025296176061385386,
        "INVALID": 0,
        "MALICIOUS": 0,
        "SANE": 0,
        "VALID": 0,
        "total": 100.00282847338399
    }
}