{
    "counter": {
        "ACTIVE": 1011,
        "INACTIVE": 238,
        "INVALID": 0,
        "MALICIOUS": 0,
        "SANE": 0,
        "VALID": 0,
        "total": 1249
    },
    "percentage": {
        "ACTIVE": 80.94475580464372,
        "INACTIVE": 19.055244195356284,
        "INVALID": 0.0,
        "MALICIOUS": 0.0,
        "SANE": 0.0,
        "VALID": 0.0,
        "total": 100.0
    }
}