{
    "counter": {
        "ACTIVE": 17529,
        "INACTIVE": 1,
        "INVALID": 0,
        "MALICIOUS": 0,
        "SANE": 0,
        "VALID": 0,
        "total": 17530
    },
    "percentage": {
        "ACTIVE": 99.99429549343982,
        "INACTIVE": 0.014553922282055013,
        "INVALID": 0,
        "MALICIOUS": 0,
        "SANE": 0,
        "VALID": 0,
        "total": 100.00884941572188
    }
}