{
    "counter": {
        "ACTIVE": 14911,
        "INACTIVE": 45,
        "INVALID": 0,
        "MALICIOUS": 0,
        "SANE": 0,
        "VALID": 0,
        "total": 14956
    },
    "percentage": {
        "ACTIVE": 99.69911741107248,
        "INACTIVE": 0.30201342281879195,
        "INVALID": 0,
        "MALICIOUS": 0,
        "SANE": 0,
        "VALID": 0,
        "total": 100.00113083389127
    }
}