{
    "counter": {
        "ACTIVE": 15907,
        "INACTIVE": 2,
        "INVALID": 0,
        "MALICIOUS": 0,
        "SANE": 0,
        "VALID": 0,
        "total": 15909
    },
    "percentage": {
        "ACTIVE": 99.98742849959143,
        "INACTIVE": 0.013331555792560993,
        "INVALID": 0,
        "MALICIOUS": 0,
        "SANE": 0,
        "VALID": 0,
        "total": 100.00076005538399
    }
}