{
    "counter": {
        "ACTIVE": 12423,
        "INACTIVE": 6,
        "INVALID": 0,
        "MALICIOUS": 0,
        "SANE": 0,
        "VALID": 0,
        "total": 12429
    },
    "percentage": {
        "ACTIVE": 99.95172580255853,
        "INACTIVE": 0.20512820512820512,
        "INVALID": 0,
        "MALICIOUS": 0,
        "SANE": 0,
        "VALID": 0,
        "total": 100.15685400768673
    }
}