{
    "counter": {
        "ACTIVE": 44670,
        "INACTIVE": 4,
        "INVALID": 0,
        "MALICIOUS": 0,
        "SANE": 0,
        "VALID": 0,
        "total": 44674
    },
    "percentage": {
        "ACTIVE": 99.9910462461387,
        "INACTIVE": 0.008953753861306353,
        "INVALID": 0.0,
        "MALICIOUS": 0.0,
        "SANE": 0.0,
        "VALID": 0.0,
        "total": 100.0
    }
}