{
    "counter": {
        "ACTIVE": 18431,
        "INACTIVE": 4,
        "INVALID": 0,
        "MALICIOUS": 0,
        "SANE": 0,
        "VALID": 0,
        "total": 18435
    },
    "percentage": {
        "ACTIVE": 99.97830214266341,
        "INACTIVE": 0.06720430107526881,
        "INVALID": 0,
        "MALICIOUS": 0,
        "SANE": 0,
        "VALID": 0,
        "total": 100.04550644373867
    }
}