{
    "counter": {
        "ACTIVE": 17716,
        "INACTIVE": 29,
        "INVALID": 0,
        "MALICIOUS": 0,
        "SANE": 0,
        "VALID": 0,
        "total": 17745
    },
    "percentage": {
        "ACTIVE": 99.83657368272753,
        "INACTIVE": 0.1659513590844063,
        "INVALID": 0,
        "MALICIOUS": 0,
        "SANE": 0,
        "VALID": 0,
        "total": 100.00252504181194
    }
}