{
    "counter": {
        "ACTIVE": 12237,
        "INACTIVE": 1,
        "INVALID": 0,
        "MALICIOUS": 0,
        "SANE": 0,
        "VALID": 0,
        "total": 12238
    },
    "percentage": {
        "ACTIVE": 99.99182873018466,
        "INACTIVE": 0.01440299582313121,
        "INVALID": 0,
        "MALICIOUS": 0,
        "SANE": 0,
        "VALID": 0,
        "total": 100.0062317260078
    }
}