{
    "counter": {
        "ACTIVE": 17171,
        "INACTIVE": 181,
        "INVALID": 0,
        "MALICIOUS": 0,
        "SANE": 0,
        "VALID": 0,
        "total": 17352
    },
    "percentage": {
        "ACTIVE": 98.95689257722452,
        "INACTIVE": 1.0444918922038202,
        "INVALID": 0,
        "MALICIOUS": 0,
        "SANE": 0,
        "VALID": 0,
        "total": 100.00138446942834
    }
}