{
    "counter": {
        "ACTIVE": 17818,
        "INACTIVE": 4,
        "INVALID": 0,
        "MALICIOUS": 0,
        "SANE": 0,
        "VALID": 0,
        "total": 17822
    },
    "percentage": {
        "ACTIVE": 99.9775558298732,
        "INACTIVE": 0.06720430107526881,
        "INVALID": 0,
        "MALICIOUS": 0,
        "SANE": 0,
        "VALID": 0,
        "total": 100.04476013094846
    }
}