{
    "counter": {
        "ACTIVE": 19704,
        "INACTIVE": 4,
        "INVALID": 0,
        "MALICIOUS": 0,
        "SANE": 0,
        "VALID": 0,
        "total": 19708
    },
    "percentage": {
        "ACTIVE": 99.97970367363507,
        "INACTIVE": 0.06720430107526881,
        "INVALID": 0,
        "MALICIOUS": 0,
        "SANE": 0,
        "VALID": 0,
        "total": 100.04690797471034
    }
}