{
    "counter": {
        "ACTIVE": 13628,
        "INACTIVE": 4,
        "INVALID": 0,
        "MALICIOUS": 0,
        "SANE": 0,
        "VALID": 0,
        "total": 13632
    },
    "percentage": {
        "ACTIVE": 99.97065727699531,
        "INACTIVE": 0.06720430107526881,
        "INVALID": 0,
        "MALICIOUS": 0,
        "SANE": 0,
        "VALID": 0,
        "total": 100.03786157807058
    }
}