{
    "counter": {
        "ACTIVE": 17113,
        "INACTIVE": 3,
        "INVALID": 0,
        "MALICIOUS": 0,
        "SANE": 0,
        "VALID": 0,
        "total": 17116
    },
    "percentage": {
        "ACTIVE": 99.98247254031315,
        "INACTIVE": 0.017763041032624785,
        "INVALID": 0,
        "MALICIOUS": 0,
        "SANE": 0,
        "VALID": 0,
        "total": 100.00023558134578
    }
}