{
    "counter": {
        "ACTIVE": 13786,
        "INACTIVE": 2,
        "INVALID": 0,
        "MALICIOUS": 0,
        "SANE": 0,
        "VALID": 0,
        "total": 13788
    },
    "percentage": {
        "ACTIVE": 99.98549463301421,
        "INACTIVE": 0.02247191011235955,
        "INVALID": 0,
        "MALICIOUS": 0,
        "SANE": 0,
        "VALID": 0,
        "total": 100.00796654312657
    }
}