{
    "counter": {
        "ACTIVE": 17938,
        "INACTIVE": 4,
        "INVALID": 0,
        "MALICIOUS": 0,
        "SANE": 0,
        "VALID": 0,
        "total": 17942
    },
    "percentage": {
        "ACTIVE": 99.97770594136662,
        "INACTIVE": 0.06720430107526881,
        "INVALID": 0,
        "MALICIOUS": 0,
        "SANE": 0,
        "VALID": 0,
        "total": 100.04491024244189
    }
}