{
    "counter": {
        "ACTIVE": 17486,
        "INACTIVE": 185,
        "INVALID": 0,
        "MALICIOUS": 0,
        "SANE": 0,
        "VALID": 0,
        "total": 17671
    },
    "percentage": {
        "ACTIVE": 98.95308697866561,
        "INACTIVE": 1.0543713666932635,
        "INVALID": 0,
        "MALICIOUS": 0,
        "SANE": 0,
        "VALID": 0,
        "total": 100.00745834535887
    }
}