{
    "counter": {
        "ACTIVE": 16870,
        "INACTIVE": 26,
        "INVALID": 0,
        "MALICIOUS": 0,
        "SANE": 0,
        "VALID": 0,
        "total": 16896
    },
    "percentage": {
        "ACTIVE": 99.84611742424242,
        "INACTIVE": 0.15399194503672115,
        "INVALID": 0,
        "MALICIOUS": 0,
        "SANE": 0,
        "VALID": 0,
        "total": 100.00010936927914
    }
}