{
    "counter": {
        "ACTIVE": 17406,
        "INACTIVE": 2,
        "INVALID": 0,
        "MALICIOUS": 0,
        "SANE": 0,
        "VALID": 0,
        "total": 17408
    },
    "percentage": {
        "ACTIVE": 99.98851102941177,
        "INACTIVE": 0.02247191011235955,
        "INVALID": 0,
        "MALICIOUS": 0,
        "SANE": 0,
        "VALID": 0,
        "total": 100.01098293952413
    }
}