{
    "counter": {
        "ACTIVE": 17448,
        "INACTIVE": 185,
        "INVALID": 0,
        "MALICIOUS": 0,
        "SANE": 0,
        "VALID": 0,
        "total": 17633
    },
    "percentage": {
        "ACTIVE": 98.95083082856009,
        "INACTIVE": 1.0491691714399138,
        "INVALID": 0.0,
        "MALICIOUS": 0.0,
        "SANE": 0.0,
        "VALID": 0.0,
        "total": 100.0
    }
}