{
    "counter": {
        "ACTIVE": 17611,
        "INACTIVE": 1,
        "INVALID": 0,
        "MALICIOUS": 0,
        "SANE": 0,
        "VALID": 0,
        "total": 17612
    },
    "percentage": {
        "ACTIVE": 99.99432205314558,
        "INACTIVE": 0.014553922282055013,
        "INVALID": 0,
        "MALICIOUS": 0,
        "SANE": 0,
        "VALID": 0,
        "total": 100.00887597542764
    }
}