{
    "counter": {
        "ACTIVE": 6669,
        "INACTIVE": 841,
        "INVALID": 0,
        "MALICIOUS": 0,
        "SANE": 0,
        "VALID": 0,
        "total": 7510
    },
    "percentage": {
        "ACTIVE": 88.80159786950732,
        "INACTIVE": 11.198402130492676,
        "INVALID": 0.0,
        "MALICIOUS": 0.0,
        "SANE": 0.0,
        "VALID": 0.0,
        "total": 100.0
    }
}