{
    "counter": {
        "ACTIVE": 15652,
        "INACTIVE": 32,
        "INVALID": 0,
        "MALICIOUS": 0,
        "SANE": 0,
        "VALID": 0,
        "total": 15684
    },
    "percentage": {
        "ACTIVE": 99.79597041571027,
        "INACTIVE": 0.204029584289722,
        "INVALID": 0.0,
        "MALICIOUS": 0.0,
        "SANE": 0.0,
        "VALID": 0.0,
        "total": 100.0
    }
}