{
    "counter": {
        "ACTIVE": 35675,
        "INACTIVE": 13,
        "INVALID": 0,
        "MALICIOUS": 0,
        "SANE": 0,
        "VALID": 0,
        "total": 35688
    },
    "percentage": {
        "ACTIVE": 99.96357318986774,
        "INACTIVE": 0.03642681013225734,
        "INVALID": 0.0,
        "MALICIOUS": 0.0,
        "SANE": 0.0,
        "VALID": 0.0,
        "total": 100.0
    }
}