{
    "counter": {
        "ACTIVE": 16798,
        "INACTIVE": 3,
        "INVALID": 0,
        "MALICIOUS": 0,
        "SANE": 0,
        "VALID": 0,
        "total": 16801
    },
    "percentage": {
        "ACTIVE": 99.98214392000476,
        "INACTIVE": 0.018037518037518036,
        "INVALID": 0,
        "MALICIOUS": 0,
        "SANE": 0,
        "VALID": 0,
        "total": 100.00018143804228
    }
}