{
    "counter": {
        "ACTIVE": 16398,
        "INACTIVE": 1,
        "INVALID": 0,
        "MALICIOUS": 0,
        "SANE": 0,
        "VALID": 0,
        "total": 16399
    },
    "percentage": {
        "ACTIVE": 99.99390206719922,
        "INACTIVE": 0.014553922282055013,
        "INVALID": 0,
        "MALICIOUS": 0,
        "SANE": 0,
        "VALID": 0,
        "total": 100.00845598948128
    }
}