{
    "counter": {
        "ACTIVE": 17664,
        "INACTIVE": 29,
        "INVALID": 0,
        "MALICIOUS": 0,
        "SANE": 0,
        "VALID": 0,
        "total": 17693
    },
    "percentage": {
        "ACTIVE": 99.83609337025942,
        "INACTIVE": 0.1659513590844063,
        "INVALID": 0,
        "MALICIOUS": 0,
        "SANE": 0,
        "VALID": 0,
        "total": 100.00204472934382
    }
}