{
    "counter": {
        "ACTIVE": 44523,
        "INACTIVE": 1,
        "INVALID": 0,
        "MALICIOUS": 0,
        "SANE": 0,
        "VALID": 0,
        "total": 44524
    },
    "percentage": {
        "ACTIVE": 99.99775402030366,
        "INACTIVE": 0.0022459796963435453,
        "INVALID": 0.0,
        "MALICIOUS": 0.0,
        "SANE": 0.0,
        "VALID": 0.0,
        "total": 100.0
    }
}