{
    "counter": {
        "ACTIVE": 44548,
        "INACTIVE": 16,
        "INVALID": 0,
        "MALICIOUS": 0,
        "SANE": 0,
        "VALID": 0,
        "total": 44564
    },
    "percentage": {
        "ACTIVE": 99.96409658019927,
        "INACTIVE": 0.03590341980073602,
        "INVALID": 0.0,
        "MALICIOUS": 0.0,
        "SANE": 0.0,
        "VALID": 0.0,
        "total": 100.0
    }
}