{
    "counter": {
        "ACTIVE": 44514,
        "INACTIVE": 1,
        "INVALID": 0,
        "MALICIOUS": 0,
        "SANE": 0,
        "VALID": 0,
        "total": 44515
    },
    "percentage": {
        "ACTIVE": 99.99775356621363,
        "INACTIVE": 0.002246433786364147,
        "INVALID": 0.0,
        "MALICIOUS": 0.0,
        "SANE": 0.0,
        "VALID": 0.0,
        "total": 100.0
    }
}