{
    "counter": {
        "ACTIVE": 12936,
        "INACTIVE": 2,
        "INVALID": 0,
        "MALICIOUS": 0,
        "SANE": 0,
        "VALID": 0,
        "total": 12938
    },
    "percentage": {
        "ACTIVE": 99.98454166022569,
        "INACTIVE": 0.02247191011235955,
        "INVALID": 0,
        "MALICIOUS": 0,
        "SANE": 0,
        "VALID": 0,
        "total": 100.00701357033805
    }
}