{
    "counter": {
        "ACTIVE": 17423,
        "INACTIVE": 184,
        "INVALID": 0,
        "MALICIOUS": 0,
        "SANE": 0,
        "VALID": 0,
        "total": 17607
    },
    "percentage": {
        "ACTIVE": 98.95496109501903,
        "INACTIVE": 1.0450389049809734,
        "INVALID": 0.0,
        "MALICIOUS": 0.0,
        "SANE": 0.0,
        "VALID": 0.0,
        "total": 100.0
    }
}