{
    "counter": {
        "ACTIVE": 17884,
        "INACTIVE": 6,
        "INVALID": 0,
        "MALICIOUS": 0,
        "SANE": 0,
        "VALID": 0,
        "total": 17890
    },
    "percentage": {
        "ACTIVE": 99.96646171045276,
        "INACTIVE": 0.033818058843422386,
        "INVALID": 0,
        "MALICIOUS": 0,
        "SANE": 0,
        "VALID": 0,
        "total": 100.00027976929618
    }
}