{
    "counter": {
        "ACTIVE": 361,
        "INACTIVE": 2239,
        "INVALID": 0,
        "MALICIOUS": 0,
        "SANE": 0,
        "VALID": 0,
        "total": 2600
    },
    "percentage": {
        "ACTIVE": 13.884615384615385,
        "INACTIVE": 86.11538461538461,
        "INVALID": 0.0,
        "MALICIOUS": 0.0,
        "SANE": 0.0,
        "VALID": 0.0,
        "total": 100.0
    }
}