{
    "counter": {
        "ACTIVE": 10296,
        "INACTIVE": 55,
        "INVALID": 0,
        "MALICIOUS": 0,
        "SANE": 0,
        "VALID": 0,
        "total": 10351
    },
    "percentage": {
        "ACTIVE": 99.46865037194473,
        "INACTIVE": 0.5338769171034751,
        "INVALID": 0,
        "MALICIOUS": 0,
        "SANE": 0,
        "VALID": 0,
        "total": 100.0025272890482
    }
}