{
    "counter": {
        "ACTIVE": 11082,
        "INACTIVE": 6,
        "INVALID": 0,
        "MALICIOUS": 0,
        "SANE": 0,
        "VALID": 0,
        "total": 11088
    },
    "percentage": {
        "ACTIVE": 99.94588744588745,
        "INACTIVE": 0.20512820512820512,
        "INVALID": 0,
        "MALICIOUS": 0,
        "SANE": 0,
        "VALID": 0,
        "total": 100.15101565101565
    }
}