{
    "counter": {
        "ACTIVE": 17471,
        "INACTIVE": 185,
        "INVALID": 0,
        "MALICIOUS": 0,
        "SANE": 0,
        "VALID": 0,
        "total": 17656
    },
    "percentage": {
        "ACTIVE": 98.95219755323969,
        "INACTIVE": 1.0478024467603082,
        "INVALID": 0.0,
        "MALICIOUS": 0.0,
        "SANE": 0.0,
        "VALID": 0.0,
        "total": 100.0
    }
}