{
    "counter": {
        "ACTIVE": 17284,
        "INACTIVE": 179,
        "INVALID": 0,
        "MALICIOUS": 0,
        "SANE": 0,
        "VALID": 0,
        "total": 17463
    },
    "percentage": {
        "ACTIVE": 98.97497566282998,
        "INACTIVE": 1.0250243371700165,
        "INVALID": 0.0,
        "MALICIOUS": 0.0,
        "SANE": 0.0,
        "VALID": 0.0,
        "total": 100.0
    }
}