{
    "counter": {
        "ACTIVE": 17259,
        "INACTIVE": 112,
        "INVALID": 0,
        "MALICIOUS": 0,
        "SANE": 0,
        "VALID": 0,
        "total": 17371
    },
    "percentage": {
        "ACTIVE": 99.35524725116574,
        "INACTIVE": 0.687707233206435,
        "INVALID": 0,
        "MALICIOUS": 0,
        "SANE": 0,
        "VALID": 0,
        "total": 100.04295448437217
    }
}