{
    "counter": {
        "ACTIVE": 15960,
        "INACTIVE": 1718,
        "INVALID": 0,
        "MALICIOUS": 0,
        "SANE": 0,
        "VALID": 0,
        "total": 17678
    },
    "percentage": {
        "ACTIVE": 90.28170607534788,
        "INACTIVE": 9.71829392465211,
        "INVALID": 0.0,
        "MALICIOUS": 0.0,
        "SANE": 0.0,
        "VALID": 0.0,
        "total": 100.0
    }
}