{
    "counter": {
        "ACTIVE": 23039,
        "INACTIVE": 4,
        "INVALID": 0,
        "MALICIOUS": 0,
        "SANE": 0,
        "VALID": 0,
        "total": 23043
    },
    "percentage": {
        "ACTIVE": 99.98264114915592,
        "INACTIVE": 0.06720430107526881,
        "INVALID": 0,
        "MALICIOUS": 0,
        "SANE": 0,
        "VALID": 0,
        "total": 100.04984545023119
    }
}