{
    "counter": {
        "ACTIVE": 17557,
        "INACTIVE": 112,
        "INVALID": 0,
        "MALICIOUS": 0,
        "SANE": 0,
        "VALID": 0,
        "total": 17669
    },
    "percentage": {
        "ACTIVE": 99.3661214556568,
        "INACTIVE": 0.687707233206435,
        "INVALID": 0,
        "MALICIOUS": 0,
        "SANE": 0,
        "VALID": 0,
        "total": 100.05382868886323
    }
}