{
    "counter": {
        "ACTIVE": 17158,
        "INACTIVE": 1,
        "INVALID": 0,
        "MALICIOUS": 0,
        "SANE": 0,
        "VALID": 0,
        "total": 17159
    },
    "percentage": {
        "ACTIVE": 99.99417215455446,
        "INACTIVE": 0.014553922282055013,
        "INVALID": 0,
        "MALICIOUS": 0,
        "SANE": 0,
        "VALID": 0,
        "total": 100.00872607683652
    }
}