{
    "counter": {
        "ACTIVE": 17564,
        "INACTIVE": 6,
        "INVALID": 0,
        "MALICIOUS": 0,
        "SANE": 0,
        "VALID": 0,
        "total": 17570
    },
    "percentage": {
        "ACTIVE": 99.96585088218555,
        "INACTIVE": 0.20512820512820512,
        "INVALID": 0,
        "MALICIOUS": 0,
        "SANE": 0,
        "VALID": 0,
        "total": 100.17097908731375
    }
}