{
    "counter": {
        "ACTIVE": 14867,
        "INACTIVE": 1,
        "INVALID": 0,
        "MALICIOUS": 0,
        "SANE": 0,
        "VALID": 0,
        "total": 14868
    },
    "percentage": {
        "ACTIVE": 99.99327414581651,
        "INACTIVE": 0.014553922282055013,
        "INVALID": 0,
        "MALICIOUS": 0,
        "SANE": 0,
        "VALID": 0,
        "total": 100.00782806809858
    }
}