{
    "counter": {
        "ACTIVE": 11093,
        "INACTIVE": 16,
        "INVALID": 0,
        "MALICIOUS": 0,
        "SANE": 0,
        "VALID": 0,
        "total": 11109
    },
    "percentage": {
        "ACTIVE": 99.85597263480061,
        "INACTIVE": 0.14404033129276198,
        "INVALID": 0,
        "MALICIOUS": 0,
        "SANE": 0,
        "VALID": 0,
        "total": 100.00001296609337
    }
}