{
    "counter": {
        "ACTIVE": 24266,
        "INACTIVE": 4,
        "INVALID": 0,
        "MALICIOUS": 0,
        "SANE": 0,
        "VALID": 0,
        "total": 24270
    },
    "percentage": {
        "ACTIVE": 99.98351874742481,
        "INACTIVE": 0.06720430107526881,
        "INVALID": 0,
        "MALICIOUS": 0,
        "SANE": 0,
        "VALID": 0,
        "total": 100.05072304850007
    }
}