{
    "counter": {
        "ACTIVE": 17594,
        "INACTIVE": 3,
        "INVALID": 0,
        "MALICIOUS": 0,
        "SANE": 0,
        "VALID": 0,
        "total": 17597
    },
    "percentage": {
        "ACTIVE": 99.982951639484,
        "INACTIVE": 0.017048360515997046,
        "INVALID": 0.0,
        "MALICIOUS": 0.0,
        "SANE": 0.0,
        "VALID": 0.0,
        "total": 100.0
    }
}