{
    "counter": {
        "ACTIVE": 13494,
        "INACTIVE": 107,
        "INVALID": 0,
        "MALICIOUS": 0,
        "SANE": 0,
        "VALID": 0,
        "total": 13601
    },
    "percentage": {
        "ACTIVE": 99.21329314021028,
        "INACTIVE": 0.9132809832707409,
        "INVALID": 0,
        "MALICIOUS": 0,
        "SANE": 0,
        "VALID": 0,
        "total": 100.12657412348102
    }
}