{
    "counter": {
        "ACTIVE": 17357,
        "INACTIVE": 28,
        "INVALID": 0,
        "MALICIOUS": 0,
        "SANE": 0,
        "VALID": 0,
        "total": 17385
    },
    "percentage": {
        "ACTIVE": 99.83894161633592,
        "INACTIVE": 0.1637905820415326,
        "INVALID": 0,
        "MALICIOUS": 0,
        "SANE": 0,
        "VALID": 0,
        "total": 100.00273219837744
    }
}