{
    "counter": {
        "ACTIVE": 17496,
        "INACTIVE": 1,
        "INVALID": 0,
        "MALICIOUS": 0,
        "SANE": 0,
        "VALID": 0,
        "total": 17497
    },
    "percentage": {
        "ACTIVE": 99.99428473452592,
        "INACTIVE": 0.006535520554212143,
        "INVALID": 0,
        "MALICIOUS": 0,
        "SANE": 0,
        "VALID": 0,
        "total": 100.00082025508013
    }
}