{
    "counter": {
        "ACTIVE": 17094,
        "INACTIVE": 51,
        "INVALID": 0,
        "MALICIOUS": 0,
        "SANE": 0,
        "VALID": 0,
        "total": 17145
    },
    "percentage": {
        "ACTIVE": 99.70253718285214,
        "INACTIVE": 0.29876977152899825,
        "INVALID": 0,
        "MALICIOUS": 0,
        "SANE": 0,
        "VALID": 0,
        "total": 100.00130695438114
    }
}