{
    "counter": {
        "ACTIVE": 41338,
        "INACTIVE": 2,
        "INVALID": 0,
        "MALICIOUS": 0,
        "SANE": 0,
        "VALID": 0,
        "total": 41340
    },
    "percentage": {
        "ACTIVE": 99.99516207063377,
        "INACTIVE": 0.004837929366231253,
        "INVALID": 0.0,
        "MALICIOUS": 0.0,
        "SANE": 0.0,
        "VALID": 0.0,
        "total": 100.0
    }
}