{
    "counter": {
        "ACTIVE": 16991,
        "INACTIVE": 25,
        "INVALID": 0,
        "MALICIOUS": 0,
        "SANE": 0,
        "VALID": 0,
        "total": 17016
    },
    "percentage": {
        "ACTIVE": 99.85307945463093,
        "INACTIVE": 0.1469205453690644,
        "INVALID": 0.0,
        "MALICIOUS": 0.0,
        "SANE": 0.0,
        "VALID": 0.0,
        "total": 100.0
    }
}