{
    "counter": {
        "ACTIVE": 16808,
        "INACTIVE": 1,
        "INVALID": 0,
        "MALICIOUS": 0,
        "SANE": 0,
        "VALID": 0,
        "total": 16809
    },
    "percentage": {
        "ACTIVE": 99.99405080611577,
        "INACTIVE": 0.014553922282055013,
        "INVALID": 0,
        "MALICIOUS": 0,
        "SANE": 0,
        "VALID": 0,
        "total": 100.00860472839783
    }
}