{
    "counter": {
        "ACTIVE": 17998,
        "INACTIVE": 4,
        "INVALID": 0,
        "MALICIOUS": 0,
        "SANE": 0,
        "VALID": 0,
        "total": 18002
    },
    "percentage": {
        "ACTIVE": 99.97778024663926,
        "INACTIVE": 0.023850694651481725,
        "INVALID": 0,
        "MALICIOUS": 0,
        "SANE": 0,
        "VALID": 0,
        "total": 100.00163094129074
    }
}