{
    "counter": {
        "ACTIVE": 16110,
        "INACTIVE": 145,
        "INVALID": 0,
        "MALICIOUS": 0,
        "SANE": 0,
        "VALID": 0,
        "total": 16255
    },
    "percentage": {
        "ACTIVE": 99.10796677945248,
        "INACTIVE": 0.8976104989476291,
        "INVALID": 0,
        "MALICIOUS": 0,
        "SANE": 0,
        "VALID": 0,
        "total": 100.00557727840011
    }
}