{
    "counter": {
        "ACTIVE": 15013,
        "INACTIVE": 1,
        "INVALID": 0,
        "MALICIOUS": 0,
        "SANE": 0,
        "VALID": 0,
        "total": 15014
    },
    "percentage": {
        "ACTIVE": 99.99333954975356,
        "INACTIVE": 0.01440299582313121,
        "INVALID": 0,
        "MALICIOUS": 0,
        "SANE": 0,
        "VALID": 0,
        "total": 100.00774254557669
    }
}