{
    "counter": {
        "ACTIVE": 10943,
        "INACTIVE": 10,
        "INVALID": 0,
        "MALICIOUS": 0,
        "SANE": 0,
        "VALID": 0,
        "total": 10953
    },
    "percentage": {
        "ACTIVE": 99.90870081256277,
        "INACTIVE": 0.09129918743723181,
        "INVALID": 0.0,
        "MALICIOUS": 0.0,
        "SANE": 0.0,
        "VALID": 0.0,
        "total": 100.0
    }
}