{
    "counter": {
        "ACTIVE": 11066,
        "INACTIVE": 14,
        "INVALID": 0,
        "MALICIOUS": 0,
        "SANE": 0,
        "VALID": 0,
        "total": 11080
    },
    "percentage": {
        "ACTIVE": 99.87364620938628,
        "INACTIVE": 0.12669683257918551,
        "INVALID": 0,
        "MALICIOUS": 0,
        "SANE": 0,
        "VALID": 0,
        "total": 100.00034304196546
    }
}