{
    "counter": {
        "ACTIVE": 17913,
        "INACTIVE": 4,
        "INVALID": 0,
        "MALICIOUS": 0,
        "SANE": 0,
        "VALID": 0,
        "total": 17917
    },
    "percentage": {
        "ACTIVE": 99.97767483395658,
        "INACTIVE": 0.06720430107526881,
        "INVALID": 0,
        "MALICIOUS": 0,
        "SANE": 0,
        "VALID": 0,
        "total": 100.04487913503185
    }
}