{
    "counter": {
        "ACTIVE": 17308,
        "INACTIVE": 2,
        "INVALID": 0,
        "MALICIOUS": 0,
        "SANE": 0,
        "VALID": 0,
        "total": 17310
    },
    "percentage": {
        "ACTIVE": 99.98844598497978,
        "INACTIVE": 0.02247191011235955,
        "INVALID": 0,
        "MALICIOUS": 0,
        "SANE": 0,
        "VALID": 0,
        "total": 100.01091789509213
    }
}