{
    "counter": {
        "ACTIVE": 15672,
        "INACTIVE": 4,
        "INVALID": 0,
        "MALICIOUS": 0,
        "SANE": 0,
        "VALID": 0,
        "total": 15676
    },
    "percentage": {
        "ACTIVE": 99.9744832865527,
        "INACTIVE": 0.06720430107526881,
        "INVALID": 0,
        "MALICIOUS": 0,
        "SANE": 0,
        "VALID": 0,
        "total": 100.04168758762796
    }
}