{
    "counter": {
        "ACTIVE": 15959,
        "INACTIVE": 1718,
        "INVALID": 0,
        "MALICIOUS": 0,
        "SANE": 0,
        "VALID": 0,
        "total": 17677
    },
    "percentage": {
        "ACTIVE": 90.28115630480285,
        "INACTIVE": 9.71884369519715,
        "INVALID": 0.0,
        "MALICIOUS": 0.0,
        "SANE": 0.0,
        "VALID": 0.0,
        "total": 100.0
    }
}