{
    "counter": {
        "ACTIVE": 13857,
        "INACTIVE": 107,
        "INVALID": 0,
        "MALICIOUS": 0,
        "SANE": 0,
        "VALID": 0,
        "total": 13964
    },
    "percentage": {
        "ACTIVE": 99.23374391291894,
        "INACTIVE": 0.9132809832707409,
        "INVALID": 0,
        "MALICIOUS": 0,
        "SANE": 0,
        "VALID": 0,
        "total": 100.14702489618968
    }
}