{
    "counter": {
        "ACTIVE": 14823,
        "INACTIVE": 23,
        "INVALID": 0,
        "MALICIOUS": 0,
        "SANE": 0,
        "VALID": 0,
        "total": 14846
    },
    "percentage": {
        "ACTIVE": 99.8450761147784,
        "INACTIVE": 0.15519568151147098,
        "INVALID": 0,
        "MALICIOUS": 0,
        "SANE": 0,
        "VALID": 0,
        "total": 100.00027179628987
    }
}