{
    "counter": {
        "ACTIVE": 17465,
        "INACTIVE": 1,
        "INVALID": 0,
        "MALICIOUS": 0,
        "SANE": 0,
        "VALID": 0,
        "total": 17466
    },
    "percentage": {
        "ACTIVE": 99.99427459063322,
        "INACTIVE": 0.01440299582313121,
        "INVALID": 0,
        "MALICIOUS": 0,
        "SANE": 0,
        "VALID": 0,
        "total": 100.00867758645636
    }
}