{
    "counter": {
        "ACTIVE": 17181,
        "INACTIVE": 179,
        "INVALID": 0,
        "MALICIOUS": 0,
        "SANE": 0,
        "VALID": 0,
        "total": 17360
    },
    "percentage": {
        "ACTIVE": 98.96889400921658,
        "INACTIVE": 1.0311059907834101,
        "INVALID": 0.0,
        "MALICIOUS": 0.0,
        "SANE": 0.0,
        "VALID": 0.0,
        "total": 100.0
    }
}