{
    "counter": {
        "ACTIVE": 16018,
        "INACTIVE": 1718,
        "INVALID": 0,
        "MALICIOUS": 0,
        "SANE": 0,
        "VALID": 0,
        "total": 17736
    },
    "percentage": {
        "ACTIVE": 90.31348669373027,
        "INACTIVE": 9.686513306269735,
        "INVALID": 0.0,
        "MALICIOUS": 0.0,
        "SANE": 0.0,
        "VALID": 0.0,
        "total": 100.0
    }
}