{
    "counter": {
        "ACTIVE": 17719,
        "INACTIVE": 114,
        "INVALID": 0,
        "MALICIOUS": 0,
        "SANE": 0,
        "VALID": 0,
        "total": 17833
    },
    "percentage": {
        "ACTIVE": 99.36073571468626,
        "INACTIVE": 0.6436677770876856,
        "INVALID": 0,
        "MALICIOUS": 0,
        "SANE": 0,
        "VALID": 0,
        "total": 100.00440349177394
    }
}