{
    "counter": {
        "ACTIVE": 17437,
        "INACTIVE": 1,
        "INVALID": 0,
        "MALICIOUS": 0,
        "SANE": 0,
        "VALID": 0,
        "total": 17438
    },
    "percentage": {
        "ACTIVE": 99.99426539740796,
        "INACTIVE": 0.012289541600098316,
        "INVALID": 0,
        "MALICIOUS": 0,
        "SANE": 0,
        "VALID": 0,
        "total": 100.00655493900805
    }
}