{
    "counter": {
        "ACTIVE": 258,
        "INACTIVE": 1810,
        "INVALID": 0,
        "MALICIOUS": 0,
        "SANE": 0,
        "VALID": 0,
        "total": 2068
    },
    "percentage": {
        "ACTIVE": 12.475822050290136,
        "INACTIVE": 87.52417794970987,
        "INVALID": 0.0,
        "MALICIOUS": 0.0,
        "SANE": 0.0,
        "VALID": 0.0,
        "total": 100.0
    }
}