{
    "counter": {
        "ACTIVE": 9535,
        "INACTIVE": 76,
        "INVALID": 0,
        "MALICIOUS": 0,
        "SANE": 0,
        "VALID": 0,
        "total": 9611
    },
    "percentage": {
        "ACTIVE": 99.20923941317241,
        "INACTIVE": 0.7932366141321365,
        "INVALID": 0,
        "MALICIOUS": 0,
        "SANE": 0,
        "VALID": 0,
        "total": 100.00247602730455
    }
}