{
    "counter": {
        "ACTIVE": 14079,
        "INACTIVE": 4,
        "INVALID": 0,
        "MALICIOUS": 0,
        "SANE": 0,
        "VALID": 0,
        "total": 14083
    },
    "percentage": {
        "ACTIVE": 99.97159696087482,
        "INACTIVE": 0.06720430107526881,
        "INVALID": 0,
        "MALICIOUS": 0,
        "SANE": 0,
        "VALID": 0,
        "total": 100.03880126195008
    }
}