{
    "counter": {
        "ACTIVE": 14860,
        "INACTIVE": 1,
        "INVALID": 0,
        "MALICIOUS": 0,
        "SANE": 0,
        "VALID": 0,
        "total": 14861
    },
    "percentage": {
        "ACTIVE": 99.99327097772694,
        "INACTIVE": 0.01110494169905608,
        "INVALID": 0,
        "MALICIOUS": 0,
        "SANE": 0,
        "VALID": 0,
        "total": 100.004375919426
    }
}