{
    "counter": {
        "ACTIVE": 14487,
        "INACTIVE": 107,
        "INVALID": 0,
        "MALICIOUS": 0,
        "SANE": 0,
        "VALID": 0,
        "total": 14594
    },
    "percentage": {
        "ACTIVE": 99.26682198163628,
        "INACTIVE": 0.9132809832707409,
        "INVALID": 0,
        "MALICIOUS": 0,
        "SANE": 0,
        "VALID": 0,
        "total": 100.18010296490702
    }
}