{
    "counter": {
        "ACTIVE": 30127,
        "INACTIVE": 18,
        "INVALID": 0,
        "MALICIOUS": 0,
        "SANE": 0,
        "VALID": 0,
        "total": 30145
    },
    "percentage": {
        "ACTIVE": 99.94028860507547,
        "INACTIVE": 0.05971139492453143,
        "INVALID": 0.0,
        "MALICIOUS": 0.0,
        "SANE": 0.0,
        "VALID": 0.0,
        "total": 100.0
    }
}