{
    "counter": {
        "ACTIVE": 44638,
        "INACTIVE": 5,
        "INVALID": 0,
        "MALICIOUS": 0,
        "SANE": 0,
        "VALID": 0,
        "total": 44643
    },
    "percentage": {
        "ACTIVE": 99.98880003583989,
        "INACTIVE": 0.011199964160114687,
        "INVALID": 0.0,
        "MALICIOUS": 0.0,
        "SANE": 0.0,
        "VALID": 0.0,
        "total": 100.0
    }
}