{
    "counter": {
        "ACTIVE": 17471,
        "INACTIVE": 1,
        "INVALID": 0,
        "MALICIOUS": 0,
        "SANE": 0,
        "VALID": 0,
        "total": 17472
    },
    "percentage": {
        "ACTIVE": 99.99427655677655,
        "INACTIVE": 0.006250390649415589,
        "INVALID": 0,
        "MALICIOUS": 0,
        "SANE": 0,
        "VALID": 0,
        "total": 100.00052694742597
    }
}