{
    "counter": {
        "ACTIVE": 11815,
        "INACTIVE": 4,
        "INVALID": 0,
        "MALICIOUS": 0,
        "SANE": 0,
        "VALID": 0,
        "total": 11819
    },
    "percentage": {
        "ACTIVE": 99.9661561891869,
        "INACTIVE": 0.06720430107526881,
        "INVALID": 0,
        "MALICIOUS": 0,
        "SANE": 0,
        "VALID": 0,
        "total": 100.03336049026217
    }
}