{
    "counter": {
        "ACTIVE": 16239,
        "INACTIVE": 24,
        "INVALID": 0,
        "MALICIOUS": 0,
        "SANE": 0,
        "VALID": 0,
        "total": 16263
    },
    "percentage": {
        "ACTIVE": 99.85242575170632,
        "INACTIVE": 0.1583949313621964,
        "INVALID": 0,
        "MALICIOUS": 0,
        "SANE": 0,
        "VALID": 0,
        "total": 100.01082068306852
    }
}