{
    "counter": {
        "ACTIVE": 33621,
        "INACTIVE": 1,
        "INVALID": 0,
        "MALICIOUS": 0,
        "SANE": 0,
        "VALID": 0,
        "total": 33622
    },
    "percentage": {
        "ACTIVE": 99.99702575694485,
        "INACTIVE": 0.0029742430551424662,
        "INVALID": 0.0,
        "MALICIOUS": 0.0,
        "SANE": 0.0,
        "VALID": 0.0,
        "total": 100.0
    }
}