{
    "counter": {
        "ACTIVE": 16708,
        "INACTIVE": 1,
        "INVALID": 0,
        "MALICIOUS": 0,
        "SANE": 0,
        "VALID": 0,
        "total": 16709
    },
    "percentage": {
        "ACTIVE": 99.99401520138848,
        "INACTIVE": 0.006250390649415589,
        "INVALID": 0,
        "MALICIOUS": 0,
        "SANE": 0,
        "VALID": 0,
        "total": 100.00026559203789
    }
}