{
    "counter": {
        "ACTIVE": 17327,
        "INACTIVE": 6,
        "INVALID": 0,
        "MALICIOUS": 0,
        "SANE": 0,
        "VALID": 0,
        "total": 17333
    },
    "percentage": {
        "ACTIVE": 99.96538394969134,
        "INACTIVE": 0.20512820512820512,
        "INVALID": 0,
        "MALICIOUS": 0,
        "SANE": 0,
        "VALID": 0,
        "total": 100.17051215481955
    }
}