{
    "counter": {
        "ACTIVE": 51663,
        "INACTIVE": 1001,
        "INVALID": 0,
        "MALICIOUS": 0,
        "SANE": 0,
        "VALID": 0,
        "total": 52664
    },
    "percentage": {
        "ACTIVE": 98.09927084915692,
        "INACTIVE": 1.9007291508430806,
        "INVALID": 0.0,
        "MALICIOUS": 0.0,
        "SANE": 0.0,
        "VALID": 0.0,
        "total": 100.0
    }
}