{
    "counter": {
        "ACTIVE": 17907,
        "INACTIVE": 4,
        "INVALID": 0,
        "MALICIOUS": 0,
        "SANE": 0,
        "VALID": 0,
        "total": 17911
    },
    "percentage": {
        "ACTIVE": 99.97766735525654,
        "INACTIVE": 0.023850694651481725,
        "INVALID": 0,
        "MALICIOUS": 0,
        "SANE": 0,
        "VALID": 0,
        "total": 100.00151804990803
    }
}