{
    "counter": {
        "ACTIVE": 17556,
        "INACTIVE": 25,
        "INVALID": 0,
        "MALICIOUS": 0,
        "SANE": 0,
        "VALID": 0,
        "total": 17581
    },
    "percentage": {
        "ACTIVE": 99.85780103520847,
        "INACTIVE": 0.14219896479153632,
        "INVALID": 0.0,
        "MALICIOUS": 0.0,
        "SANE": 0.0,
        "VALID": 0.0,
        "total": 100.0
    }
}