{
    "counter": {
        "ACTIVE": 17339,
        "INACTIVE": 1,
        "INVALID": 0,
        "MALICIOUS": 0,
        "SANE": 0,
        "VALID": 0,
        "total": 17340
    },
    "percentage": {
        "ACTIVE": 99.99423298731257,
        "INACTIVE": 0.012289541600098316,
        "INVALID": 0,
        "MALICIOUS": 0,
        "SANE": 0,
        "VALID": 0,
        "total": 100.00652252891267
    }
}