{
    "counter": {
        "ACTIVE": 17523,
        "INACTIVE": 25,
        "INVALID": 0,
        "MALICIOUS": 0,
        "SANE": 0,
        "VALID": 0,
        "total": 17548
    },
    "percentage": {
        "ACTIVE": 99.85753362206519,
        "INACTIVE": 0.14246637793480738,
        "INVALID": 0.0,
        "MALICIOUS": 0.0,
        "SANE": 0.0,
        "VALID": 0.0,
        "total": 100.0
    }
}