{
    "counter": {
        "ACTIVE": 3950,
        "INACTIVE": 7,
        "INVALID": 0,
        "MALICIOUS": 0,
        "SANE": 0,
        "VALID": 0,
        "total": 3957
    },
    "percentage": {
        "ACTIVE": 99.82309830679807,
        "INACTIVE": 0.2113526570048309,
        "INVALID": 0,
        "MALICIOUS": 0,
        "SANE": 0,
        "VALID": 0,
        "total": 100.03445096380291
    }
}