{
    "counter": {
        "ACTIVE": 10466,
        "INACTIVE": 1,
        "INVALID": 0,
        "MALICIOUS": 0,
        "SANE": 0,
        "VALID": 0,
        "total": 10467
    },
    "percentage": {
        "ACTIVE": 99.9904461641349,
        "INACTIVE": 0.014553922282055013,
        "INVALID": 0,
        "MALICIOUS": 0,
        "SANE": 0,
        "VALID": 0,
        "total": 100.00500008641696
    }
}