{
    "counter": {
        "ACTIVE": 5083,
        "INACTIVE": 1,
        "INVALID": 0,
        "MALICIOUS": 0,
        "SANE": 0,
        "VALID": 0,
        "total": 5084
    },
    "percentage": {
        "ACTIVE": 99.98033044846578,
        "INACTIVE": 0.07304601899196493,
        "INVALID": 0,
        "MALICIOUS": 0,
        "SANE": 0,
        "VALID": 0,
        "total": 100.05337646745774
    }
}