{
    "counter": {
        "ACTIVE": 31682,
        "INACTIVE": 1538,
        "INVALID": 0,
        "MALICIOUS": 0,
        "SANE": 0,
        "VALID": 0,
        "total": 33220
    },
    "percentage": {
        "ACTIVE": 95.37025888019265,
        "INACTIVE": 4.629741119807345,
        "INVALID": 0.0,
        "MALICIOUS": 0.0,
        "SANE": 0.0,
        "VALID": 0.0,
        "total": 100.0
    }
}