{
    "counter": {
        "ACTIVE": 41666,
        "INACTIVE": 36,
        "INVALID": 0,
        "MALICIOUS": 0,
        "SANE": 0,
        "VALID": 0,
        "total": 41702
    },
    "percentage": {
        "ACTIVE": 99.91367320512205,
        "INACTIVE": 0.08632679487794351,
        "INVALID": 0.0,
        "MALICIOUS": 0.0,
        "SANE": 0.0,
        "VALID": 0.0,
        "total": 100.0
    }
}