{
    "counter": {
        "ACTIVE": 17685,
        "INACTIVE": 3,
        "INVALID": 0,
        "MALICIOUS": 0,
        "SANE": 0,
        "VALID": 0,
        "total": 17688
    },
    "percentage": {
        "ACTIVE": 99.98303934871099,
        "INACTIVE": 0.016960651289009497,
        "INVALID": 0.0,
        "MALICIOUS": 0.0,
        "SANE": 0.0,
        "VALID": 0.0,
        "total": 100.0
    }
}