{
    "counter": {
        "ACTIVE": 29315,
        "INACTIVE": 6,
        "INVALID": 0,
        "MALICIOUS": 0,
        "SANE": 0,
        "VALID": 0,
        "total": 29321
    },
    "percentage": {
        "ACTIVE": 99.97953685072133,
        "INACTIVE": 0.025296176061385386,
        "INVALID": 0,
        "MALICIOUS": 0,
        "SANE": 0,
        "VALID": 0,
        "total": 100.00483302678272
    }
}