{
    "counter": {
        "ACTIVE": 15657,
        "INACTIVE": 1708,
        "INVALID": 0,
        "MALICIOUS": 0,
        "SANE": 0,
        "VALID": 0,
        "total": 17365
    },
    "percentage": {
        "ACTIVE": 90.16412323639504,
        "INACTIVE": 9.835876763604952,
        "INVALID": 0.0,
        "MALICIOUS": 0.0,
        "SANE": 0.0,
        "VALID": 0.0,
        "total": 100.0
    }
}