{
    "counter": {
        "ACTIVE": 17844,
        "INACTIVE": 4,
        "INVALID": 0,
        "MALICIOUS": 0,
        "SANE": 0,
        "VALID": 0,
        "total": 17848
    },
    "percentage": {
        "ACTIVE": 99.97758852532496,
        "INACTIVE": 0.023850694651481725,
        "INVALID": 0,
        "MALICIOUS": 0,
        "SANE": 0,
        "VALID": 0,
        "total": 100.00143921997645
    }
}