{
    "counter": {
        "ACTIVE": 10757,
        "INACTIVE": 2,
        "INVALID": 0,
        "MALICIOUS": 0,
        "SANE": 0,
        "VALID": 0,
        "total": 10759
    },
    "percentage": {
        "ACTIVE": 99.98141091179478,
        "INACTIVE": 0.018589088205223533,
        "INVALID": 0.0,
        "MALICIOUS": 0.0,
        "SANE": 0.0,
        "VALID": 0.0,
        "total": 100.0
    }
}