{
    "counter": {
        "ACTIVE": 17701,
        "INACTIVE": 25,
        "INVALID": 0,
        "MALICIOUS": 0,
        "SANE": 0,
        "VALID": 0,
        "total": 17726
    },
    "percentage": {
        "ACTIVE": 99.85896423332957,
        "INACTIVE": 0.1410357666704276,
        "INVALID": 0.0,
        "MALICIOUS": 0.0,
        "SANE": 0.0,
        "VALID": 0.0,
        "total": 100.0
    }
}