{
    "counter": {
        "ACTIVE": 17681,
        "INACTIVE": 5,
        "INVALID": 0,
        "MALICIOUS": 0,
        "SANE": 0,
        "VALID": 0,
        "total": 17686
    },
    "percentage": {
        "ACTIVE": 99.97172905122696,
        "INACTIVE": 0.02881180131381814,
        "INVALID": 0,
        "MALICIOUS": 0,
        "SANE": 0,
        "VALID": 0,
        "total": 100.00054085254078
    }
}