{
    "counter": {
        "ACTIVE": 16567,
        "INACTIVE": 2,
        "INVALID": 0,
        "MALICIOUS": 0,
        "SANE": 0,
        "VALID": 0,
        "total": 16569
    },
    "percentage": {
        "ACTIVE": 99.98792926549581,
        "INACTIVE": 0.012212994626282364,
        "INVALID": 0,
        "MALICIOUS": 0,
        "SANE": 0,
        "VALID": 0,
        "total": 100.00014226012209
    }
}