{
    "counter": {
        "ACTIVE": 17440,
        "INACTIVE": 4,
        "INVALID": 0,
        "MALICIOUS": 0,
        "SANE": 0,
        "VALID": 0,
        "total": 17444
    },
    "percentage": {
        "ACTIVE": 99.97706947947718,
        "INACTIVE": 0.023144130070010992,
        "INVALID": 0,
        "MALICIOUS": 0,
        "SANE": 0,
        "VALID": 0,
        "total": 100.00021360954719
    }
}