{
    "counter": {
        "ACTIVE": 42031,
        "INACTIVE": 24,
        "INVALID": 0,
        "MALICIOUS": 0,
        "SANE": 0,
        "VALID": 0,
        "total": 42055
    },
    "percentage": {
        "ACTIVE": 99.94293187492569,
        "INACTIVE": 0.05706812507430745,
        "INVALID": 0.0,
        "MALICIOUS": 0.0,
        "SANE": 0.0,
        "VALID": 0.0,
        "total": 100.0
    }
}