{
    "counter": {
        "ACTIVE": 17421,
        "INACTIVE": 184,
        "INVALID": 0,
        "MALICIOUS": 0,
        "SANE": 0,
        "VALID": 0,
        "total": 17605
    },
    "percentage": {
        "ACTIVE": 98.95484237432548,
        "INACTIVE": 1.0451576256745243,
        "INVALID": 0.0,
        "MALICIOUS": 0.0,
        "SANE": 0.0,
        "VALID": 0.0,
        "total": 100.0
    }
}