{
    "counter": {
        "ACTIVE": 16089,
        "INACTIVE": 47,
        "INVALID": 0,
        "MALICIOUS": 0,
        "SANE": 0,
        "VALID": 0,
        "total": 16136
    },
    "percentage": {
        "ACTIVE": 99.70872583044125,
        "INACTIVE": 0.3061490359562272,
        "INVALID": 0,
        "MALICIOUS": 0,
        "SANE": 0,
        "VALID": 0,
        "total": 100.01487486639748
    }
}