{
    "counter": {
        "ACTIVE": 17480,
        "INACTIVE": 1,
        "INVALID": 0,
        "MALICIOUS": 0,
        "SANE": 0,
        "VALID": 0,
        "total": 17481
    },
    "percentage": {
        "ACTIVE": 99.9942795034609,
        "INACTIVE": 0.012289541600098316,
        "INVALID": 0,
        "MALICIOUS": 0,
        "SANE": 0,
        "VALID": 0,
        "total": 100.006569045061
    }
}