{
    "counter": {
        "ACTIVE": 15035,
        "INACTIVE": 20,
        "INVALID": 0,
        "MALICIOUS": 0,
        "SANE": 0,
        "VALID": 0,
        "total": 15055
    },
    "percentage": {
        "ACTIVE": 99.86715376951179,
        "INACTIVE": 0.1328462304882099,
        "INVALID": 0.0,
        "MALICIOUS": 0.0,
        "SANE": 0.0,
        "VALID": 0.0,
        "total": 100.0
    }
}