{
    "counter": {
        "ACTIVE": 17671,
        "INACTIVE": 25,
        "INVALID": 0,
        "MALICIOUS": 0,
        "SANE": 0,
        "VALID": 0,
        "total": 17696
    },
    "percentage": {
        "ACTIVE": 99.85872513562387,
        "INACTIVE": 0.1412748643761302,
        "INVALID": 0.0,
        "MALICIOUS": 0.0,
        "SANE": 0.0,
        "VALID": 0.0,
        "total": 100.0
    }
}