{
    "counter": {
        "ACTIVE": 17671,
        "INACTIVE": 2,
        "INVALID": 0,
        "MALICIOUS": 0,
        "SANE": 0,
        "VALID": 0,
        "total": 17673
    },
    "percentage": {
        "ACTIVE": 99.98868330221241,
        "INACTIVE": 0.013089861901956934,
        "INVALID": 0,
        "MALICIOUS": 0,
        "SANE": 0,
        "VALID": 0,
        "total": 100.00177316411437
    }
}