{
    "counter": {
        "ACTIVE": 20908,
        "INACTIVE": 376,
        "INVALID": 0,
        "MALICIOUS": 0,
        "SANE": 0,
        "VALID": 0,
        "total": 21284
    },
    "percentage": {
        "ACTIVE": 98.23341477165947,
        "INACTIVE": 1.7665852283405374,
        "INVALID": 0.0,
        "MALICIOUS": 0.0,
        "SANE": 0.0,
        "VALID": 0.0,
        "total": 100.0
    }
}