{
    "counter": {
        "ACTIVE": 13258,
        "INACTIVE": 1,
        "INVALID": 0,
        "MALICIOUS": 0,
        "SANE": 0,
        "VALID": 0,
        "total": 13259
    },
    "percentage": {
        "ACTIVE": 99.99245795308846,
        "INACTIVE": 0.01440299582313121,
        "INVALID": 0,
        "MALICIOUS": 0,
        "SANE": 0,
        "VALID": 0,
        "total": 100.0068609489116
    }
}