{
    "counter": {
        "ACTIVE": 5079,
        "INACTIVE": 1,
        "INVALID": 0,
        "MALICIOUS": 0,
        "SANE": 0,
        "VALID": 0,
        "total": 5080
    },
    "percentage": {
        "ACTIVE": 99.98031496062993,
        "INACTIVE": 0.048828125,
        "INVALID": 0,
        "MALICIOUS": 0,
        "SANE": 0,
        "VALID": 0,
        "total": 100.02914308562993
    }
}