{
    "counter": {
        "ACTIVE": 16203,
        "INACTIVE": 1,
        "INVALID": 0,
        "MALICIOUS": 0,
        "SANE": 0,
        "VALID": 0,
        "total": 16204
    },
    "percentage": {
        "ACTIVE": 99.99382868427548,
        "INACTIVE": 0.01110494169905608,
        "INVALID": 0,
        "MALICIOUS": 0,
        "SANE": 0,
        "VALID": 0,
        "total": 100.00493362597454
    }
}