{
    "counter": {
        "ACTIVE": 44221,
        "INACTIVE": 2,
        "INVALID": 0,
        "MALICIOUS": 0,
        "SANE": 0,
        "VALID": 0,
        "total": 44223
    },
    "percentage": {
        "ACTIVE": 99.99547746647671,
        "INACTIVE": 0.004522533523279741,
        "INVALID": 0.0,
        "MALICIOUS": 0.0,
        "SANE": 0.0,
        "VALID": 0.0,
        "total": 100.0
    }
}