{
    "counter": {
        "ACTIVE": 23946,
        "INACTIVE": 1095,
        "INVALID": 0,
        "MALICIOUS": 0,
        "SANE": 0,
        "VALID": 0,
        "total": 25041
    },
    "percentage": {
        "ACTIVE": 95.6271714388403,
        "INACTIVE": 4.372828561159698,
        "INVALID": 0.0,
        "MALICIOUS": 0.0,
        "SANE": 0.0,
        "VALID": 0.0,
        "total": 100.0
    }
}