{
    "counter": {
        "ACTIVE": 15435,
        "INACTIVE": 31,
        "INVALID": 0,
        "MALICIOUS": 0,
        "SANE": 0,
        "VALID": 0,
        "total": 15466
    },
    "percentage": {
        "ACTIVE": 99.79956032587612,
        "INACTIVE": 0.20043967412388464,
        "INVALID": 0.0,
        "MALICIOUS": 0.0,
        "SANE": 0.0,
        "VALID": 0.0,
        "total": 100.0
    }
}