{
    "counter": {
        "ACTIVE": 18603,
        "INACTIVE": 5,
        "INVALID": 0,
        "MALICIOUS": 0,
        "SANE": 0,
        "VALID": 0,
        "total": 18608
    },
    "percentage": {
        "ACTIVE": 99.97312983662941,
        "INACTIVE": 0.02796733415370847,
        "INVALID": 0,
        "MALICIOUS": 0,
        "SANE": 0,
        "VALID": 0,
        "total": 100.00109717078313
    }
}