{
    "counter": {
        "ACTIVE": 41414,
        "INACTIVE": 4,
        "INVALID": 0,
        "MALICIOUS": 0,
        "SANE": 0,
        "VALID": 0,
        "total": 41418
    },
    "percentage": {
        "ACTIVE": 99.99034236322372,
        "INACTIVE": 0.009657636776280844,
        "INVALID": 0.0,
        "MALICIOUS": 0.0,
        "SANE": 0.0,
        "VALID": 0.0,
        "total": 100.0
    }
}