{
    "counter": {
        "ACTIVE": 9367,
        "INACTIVE": 784,
        "INVALID": 0,
        "MALICIOUS": 0,
        "SANE": 0,
        "VALID": 0,
        "total": 10151
    },
    "percentage": {
        "ACTIVE": 92.27662299280858,
        "INACTIVE": 7.723377007191409,
        "INVALID": 0.0,
        "MALICIOUS": 0.0,
        "SANE": 0.0,
        "VALID": 0.0,
        "total": 100.0
    }
}