{
    "counter": {
        "ACTIVE": 4140,
        "INACTIVE": 16,
        "INVALID": 0,
        "MALICIOUS": 0,
        "SANE": 0,
        "VALID": 0,
        "total": 4156
    },
    "percentage": {
        "ACTIVE": 99.61501443695862,
        "INACTIVE": 0.3877847794474067,
        "INVALID": 0,
        "MALICIOUS": 0,
        "SANE": 0,
        "VALID": 0,
        "total": 100.00279921640602
    }
}