{
    "counter": {
        "ACTIVE": 17240,
        "INACTIVE": 4,
        "INVALID": 0,
        "MALICIOUS": 0,
        "SANE": 0,
        "VALID": 0,
        "total": 17244
    },
    "percentage": {
        "ACTIVE": 99.97680352586407,
        "INACTIVE": 0.025050100200400802,
        "INVALID": 0,
        "MALICIOUS": 0,
        "SANE": 0,
        "VALID": 0,
        "total": 100.00185362606447
    }
}