{
    "counter": {
        "ACTIVE": 23022,
        "INACTIVE": 4,
        "INVALID": 0,
        "MALICIOUS": 0,
        "SANE": 0,
        "VALID": 0,
        "total": 23026
    },
    "percentage": {
        "ACTIVE": 99.98262833318857,
        "INACTIVE": 0.06720430107526881,
        "INVALID": 0,
        "MALICIOUS": 0,
        "SANE": 0,
        "VALID": 0,
        "total": 100.04983263426384
    }
}