{
    "counter": {
        "ACTIVE": 16216,
        "INACTIVE": 31,
        "INVALID": 0,
        "MALICIOUS": 0,
        "SANE": 0,
        "VALID": 0,
        "total": 16247
    },
    "percentage": {
        "ACTIVE": 99.8091955437927,
        "INACTIVE": 0.1909572502155969,
        "INVALID": 0,
        "MALICIOUS": 0,
        "SANE": 0,
        "VALID": 0,
        "total": 100.0001527940083
    }
}