{
    "counter": {
        "ACTIVE": 26541,
        "INACTIVE": 6,
        "INVALID": 0,
        "MALICIOUS": 0,
        "SANE": 0,
        "VALID": 0,
        "total": 26547
    },
    "percentage": {
        "ACTIVE": 99.97739857611029,
        "INACTIVE": 0.025296176061385386,
        "INVALID": 0,
        "MALICIOUS": 0,
        "SANE": 0,
        "VALID": 0,
        "total": 100.00269475217168
    }
}