{
    "counter": {
        "ACTIVE": 15270,
        "INACTIVE": 46,
        "INVALID": 0,
        "MALICIOUS": 0,
        "SANE": 0,
        "VALID": 0,
        "total": 15316
    },
    "percentage": {
        "ACTIVE": 99.69966048576651,
        "INACTIVE": 0.30379078061022324,
        "INVALID": 0,
        "MALICIOUS": 0,
        "SANE": 0,
        "VALID": 0,
        "total": 100.00345126637674
    }
}