{
    "counter": {
        "ACTIVE": 17623,
        "INACTIVE": 4,
        "INVALID": 0,
        "MALICIOUS": 0,
        "SANE": 0,
        "VALID": 0,
        "total": 17627
    },
    "percentage": {
        "ACTIVE": 99.97730753956998,
        "INACTIVE": 0.023850694651481725,
        "INVALID": 0,
        "MALICIOUS": 0,
        "SANE": 0,
        "VALID": 0,
        "total": 100.00115823422146
    }
}