{
    "counter": {
        "ACTIVE": 7917,
        "INACTIVE": 1,
        "INVALID": 0,
        "MALICIOUS": 0,
        "SANE": 0,
        "VALID": 0,
        "total": 7918
    },
    "percentage": {
        "ACTIVE": 99.98737054811821,
        "INACTIVE": 0.014194464158977998,
        "INVALID": 0,
        "MALICIOUS": 0,
        "SANE": 0,
        "VALID": 0,
        "total": 100.00156501227718
    }
}