{
    "counter": {
        "ACTIVE": 15838,
        "INACTIVE": 1,
        "INVALID": 0,
        "MALICIOUS": 0,
        "SANE": 0,
        "VALID": 0,
        "total": 15839
    },
    "percentage": {
        "ACTIVE": 99.99368647010543,
        "INACTIVE": 0.014553922282055013,
        "INVALID": 0,
        "MALICIOUS": 0,
        "SANE": 0,
        "VALID": 0,
        "total": 100.00824039238749
    }
}