{
    "counter": {
        "ACTIVE": 8486,
        "INACTIVE": 8,
        "INVALID": 0,
        "MALICIOUS": 0,
        "SANE": 0,
        "VALID": 0,
        "total": 8494
    },
    "percentage": {
        "ACTIVE": 99.9058158700259,
        "INACTIVE": 0.1052493093014077,
        "INVALID": 0,
        "MALICIOUS": 0,
        "SANE": 0,
        "VALID": 0,
        "total": 100.01106517932732
    }
}