{
    "counter": {
        "ACTIVE": 7924,
        "INACTIVE": 21,
        "INVALID": 0,
        "MALICIOUS": 0,
        "SANE": 0,
        "VALID": 0,
        "total": 7945
    },
    "percentage": {
        "ACTIVE": 99.73568281938326,
        "INACTIVE": 0.26626093571700266,
        "INVALID": 0,
        "MALICIOUS": 0,
        "SANE": 0,
        "VALID": 0,
        "total": 100.00194375510026
    }
}