{
    "counter": {
        "ACTIVE": 23055,
        "INACTIVE": 4,
        "INVALID": 0,
        "MALICIOUS": 0,
        "SANE": 0,
        "VALID": 0,
        "total": 23059
    },
    "percentage": {
        "ACTIVE": 99.98265319398065,
        "INACTIVE": 0.06720430107526881,
        "INVALID": 0,
        "MALICIOUS": 0,
        "SANE": 0,
        "VALID": 0,
        "total": 100.04985749505592
    }
}