{
    "counter": {
        "ACTIVE": 17752,
        "INACTIVE": 4,
        "INVALID": 0,
        "MALICIOUS": 0,
        "SANE": 0,
        "VALID": 0,
        "total": 17756
    },
    "percentage": {
        "ACTIVE": 99.97747240369452,
        "INACTIVE": 0.023144130070010992,
        "INVALID": 0,
        "MALICIOUS": 0,
        "SANE": 0,
        "VALID": 0,
        "total": 100.00061653376453
    }
}