{
    "counter": {
        "ACTIVE": 12748,
        "INACTIVE": 3,
        "INVALID": 0,
        "MALICIOUS": 0,
        "SANE": 0,
        "VALID": 0,
        "total": 12751
    },
    "percentage": {
        "ACTIVE": 99.97647243353462,
        "INACTIVE": 0.026162030173541465,
        "INVALID": 0,
        "MALICIOUS": 0,
        "SANE": 0,
        "VALID": 0,
        "total": 100.00263446370816
    }
}