{
    "counter": {
        "ACTIVE": 17424,
        "INACTIVE": 2,
        "INVALID": 0,
        "MALICIOUS": 0,
        "SANE": 0,
        "VALID": 0,
        "total": 17426
    },
    "percentage": {
        "ACTIVE": 99.98852289682084,
        "INACTIVE": 0.02247191011235955,
        "INVALID": 0,
        "MALICIOUS": 0,
        "SANE": 0,
        "VALID": 0,
        "total": 100.0109948069332
    }
}