{
    "counter": {
        "ACTIVE": 16976,
        "INACTIVE": 178,
        "INVALID": 0,
        "MALICIOUS": 0,
        "SANE": 0,
        "VALID": 0,
        "total": 17154
    },
    "percentage": {
        "ACTIVE": 98.96234114492246,
        "INACTIVE": 1.0425207918472532,
        "INVALID": 0,
        "MALICIOUS": 0,
        "SANE": 0,
        "VALID": 0,
        "total": 100.00486193676971
    }
}