{
    "counter": {
        "ACTIVE": 15112,
        "INACTIVE": 1,
        "INVALID": 0,
        "MALICIOUS": 0,
        "SANE": 0,
        "VALID": 0,
        "total": 15113
    },
    "percentage": {
        "ACTIVE": 99.99338318004366,
        "INACTIVE": 0.01110494169905608,
        "INVALID": 0,
        "MALICIOUS": 0,
        "SANE": 0,
        "VALID": 0,
        "total": 100.00448812174272
    }
}