{
    "counter": {
        "ACTIVE": 11928,
        "INACTIVE": 14,
        "INVALID": 0,
        "MALICIOUS": 0,
        "SANE": 0,
        "VALID": 0,
        "total": 11942
    },
    "percentage": {
        "ACTIVE": 99.88276670574443,
        "INACTIVE": 0.12669683257918551,
        "INVALID": 0,
        "MALICIOUS": 0,
        "SANE": 0,
        "VALID": 0,
        "total": 100.00946353832362
    }
}