{
    "counter": {
        "ACTIVE": 10593,
        "INACTIVE": 1,
        "INVALID": 0,
        "MALICIOUS": 0,
        "SANE": 0,
        "VALID": 0,
        "total": 10594
    },
    "percentage": {
        "ACTIVE": 99.99056069473286,
        "INACTIVE": 0.048828125,
        "INVALID": 0,
        "MALICIOUS": 0,
        "SANE": 0,
        "VALID": 0,
        "total": 100.03938881973286
    }
}