{
    "counter": {
        "ACTIVE": 17280,
        "INACTIVE": 4,
        "INVALID": 0,
        "MALICIOUS": 0,
        "SANE": 0,
        "VALID": 0,
        "total": 17284
    },
    "percentage": {
        "ACTIVE": 99.9768572089794,
        "INACTIVE": 0.023850694651481725,
        "INVALID": 0,
        "MALICIOUS": 0,
        "SANE": 0,
        "VALID": 0,
        "total": 100.00070790363088
    }
}