{
    "counter": {
        "ACTIVE": 16970,
        "INACTIVE": 34,
        "INVALID": 0,
        "MALICIOUS": 0,
        "SANE": 0,
        "VALID": 0,
        "total": 17004
    },
    "percentage": {
        "ACTIVE": 99.80004704775347,
        "INACTIVE": 0.20175646807500594,
        "INVALID": 0,
        "MALICIOUS": 0,
        "SANE": 0,
        "VALID": 0,
        "total": 100.00180351582847
    }
}