{
    "counter": {
        "ACTIVE": 11559,
        "INACTIVE": 4,
        "INVALID": 0,
        "MALICIOUS": 0,
        "SANE": 0,
        "VALID": 0,
        "total": 11563
    },
    "percentage": {
        "ACTIVE": 99.96540690132319,
        "INACTIVE": 0.06720430107526881,
        "INVALID": 0,
        "MALICIOUS": 0,
        "SANE": 0,
        "VALID": 0,
        "total": 100.03261120239846
    }
}