{
    "counter": {
        "ACTIVE": 33672,
        "INACTIVE": 6,
        "INVALID": 0,
        "MALICIOUS": 0,
        "SANE": 0,
        "VALID": 0,
        "total": 33678
    },
    "percentage": {
        "ACTIVE": 99.98218421521469,
        "INACTIVE": 0.017815784785319793,
        "INVALID": 0.0,
        "MALICIOUS": 0.0,
        "SANE": 0.0,
        "VALID": 0.0,
        "total": 100.0
    }
}