{
    "counter": {
        "ACTIVE": 17412,
        "INACTIVE": 1,
        "INVALID": 0,
        "MALICIOUS": 0,
        "SANE": 0,
        "VALID": 0,
        "total": 17413
    },
    "percentage": {
        "ACTIVE": 99.99425716418767,
        "INACTIVE": 0.012289541600098316,
        "INVALID": 0,
        "MALICIOUS": 0,
        "SANE": 0,
        "VALID": 0,
        "total": 100.00654670578777
    }
}