{
    "counter": {
        "ACTIVE": 15261,
        "INACTIVE": 2,
        "INVALID": 0,
        "MALICIOUS": 0,
        "SANE": 0,
        "VALID": 0,
        "total": 15263
    },
    "percentage": {
        "ACTIVE": 99.98689641616983,
        "INACTIVE": 0.013331555792560993,
        "INVALID": 0,
        "MALICIOUS": 0,
        "SANE": 0,
        "VALID": 0,
        "total": 100.00022797196239
    }
}