{
    "counter": {
        "ACTIVE": 16668,
        "INACTIVE": 1,
        "INVALID": 0,
        "MALICIOUS": 0,
        "SANE": 0,
        "VALID": 0,
        "total": 16669
    },
    "percentage": {
        "ACTIVE": 99.99400083988242,
        "INACTIVE": 0.006181615874389566,
        "INVALID": 0,
        "MALICIOUS": 0,
        "SANE": 0,
        "VALID": 0,
        "total": 100.00018245575681
    }
}