{
    "counter": {
        "ACTIVE": 17125,
        "INACTIVE": 180,
        "INVALID": 0,
        "MALICIOUS": 0,
        "SANE": 0,
        "VALID": 0,
        "total": 17305
    },
    "percentage": {
        "ACTIVE": 98.95983819705287,
        "INACTIVE": 1.0480349344978166,
        "INVALID": 0,
        "MALICIOUS": 0,
        "SANE": 0,
        "VALID": 0,
        "total": 100.0078731315507
    }
}