{
    "counter": {
        "ACTIVE": 17502,
        "INACTIVE": 3,
        "INVALID": 0,
        "MALICIOUS": 0,
        "SANE": 0,
        "VALID": 0,
        "total": 17505
    },
    "percentage": {
        "ACTIVE": 99.98286203941731,
        "INACTIVE": 0.01713796058269066,
        "INVALID": 0.0,
        "MALICIOUS": 0.0,
        "SANE": 0.0,
        "VALID": 0.0,
        "total": 100.0
    }
}