{
    "counter": {
        "ACTIVE": 17563,
        "INACTIVE": 53,
        "INVALID": 0,
        "MALICIOUS": 0,
        "SANE": 0,
        "VALID": 0,
        "total": 17616
    },
    "percentage": {
        "ACTIVE": 99.69913714804723,
        "INACTIVE": 0.3036553225621634,
        "INVALID": 0,
        "MALICIOUS": 0,
        "SANE": 0,
        "VALID": 0,
        "total": 100.00279247060939
    }
}