{
    "counter": {
        "ACTIVE": 16899,
        "INACTIVE": 1,
        "INVALID": 0,
        "MALICIOUS": 0,
        "SANE": 0,
        "VALID": 0,
        "total": 16900
    },
    "percentage": {
        "ACTIVE": 99.99408284023669,
        "INACTIVE": 0.01440299582313121,
        "INVALID": 0,
        "MALICIOUS": 0,
        "SANE": 0,
        "VALID": 0,
        "total": 100.00848583605982
    }
}