{
    "counter": {
        "ACTIVE": 17392,
        "INACTIVE": 52,
        "INVALID": 0,
        "MALICIOUS": 0,
        "SANE": 0,
        "VALID": 0,
        "total": 17444
    },
    "percentage": {
        "ACTIVE": 99.7019032332034,
        "INACTIVE": 0.3013269977400475,
        "INVALID": 0,
        "MALICIOUS": 0,
        "SANE": 0,
        "VALID": 0,
        "total": 100.00323023094344
    }
}