{
    "counter": {
        "ACTIVE": 17671,
        "INACTIVE": 54,
        "INVALID": 0,
        "MALICIOUS": 0,
        "SANE": 0,
        "VALID": 0,
        "total": 17725
    },
    "percentage": {
        "ACTIVE": 99.6953455571227,
        "INACTIVE": 0.3064177495318618,
        "INVALID": 0,
        "MALICIOUS": 0,
        "SANE": 0,
        "VALID": 0,
        "total": 100.00176330665457
    }
}