{
    "counter": {
        "ACTIVE": 17610,
        "INACTIVE": 1,
        "INVALID": 0,
        "MALICIOUS": 0,
        "SANE": 0,
        "VALID": 0,
        "total": 17611
    },
    "percentage": {
        "ACTIVE": 99.99432173073647,
        "INACTIVE": 0.014553922282055013,
        "INVALID": 0,
        "MALICIOUS": 0,
        "SANE": 0,
        "VALID": 0,
        "total": 100.00887565301853
    }
}