{
    "counter": {
        "ACTIVE": 10957,
        "INACTIVE": 104,
        "INVALID": 0,
        "MALICIOUS": 0,
        "SANE": 0,
        "VALID": 0,
        "total": 11061
    },
    "percentage": {
        "ACTIVE": 99.05975951541451,
        "INACTIVE": 0.9402404845854805,
        "INVALID": 0.0,
        "MALICIOUS": 0.0,
        "SANE": 0.0,
        "VALID": 0.0,
        "total": 100.0
    }
}