{
    "counter": {
        "ACTIVE": 44585,
        "INACTIVE": 15,
        "INVALID": 0,
        "MALICIOUS": 0,
        "SANE": 0,
        "VALID": 0,
        "total": 44600
    },
    "percentage": {
        "ACTIVE": 99.96636771300449,
        "INACTIVE": 0.033632286995515695,
        "INVALID": 0.0,
        "MALICIOUS": 0.0,
        "SANE": 0.0,
        "VALID": 0.0,
        "total": 100.0
    }
}