{
    "counter": {
        "ACTIVE": 15452,
        "INACTIVE": 3,
        "INVALID": 0,
        "MALICIOUS": 0,
        "SANE": 0,
        "VALID": 0,
        "total": 15455
    },
    "percentage": {
        "ACTIVE": 99.98058880621159,
        "INACTIVE": 0.020800110933924983,
        "INVALID": 0,
        "MALICIOUS": 0,
        "SANE": 0,
        "VALID": 0,
        "total": 100.0013889171455
    }
}