{
    "counter": {
        "ACTIVE": 10603,
        "INACTIVE": 2,
        "INVALID": 0,
        "MALICIOUS": 0,
        "SANE": 0,
        "VALID": 0,
        "total": 10605
    },
    "percentage": {
        "ACTIVE": 99.98114097123998,
        "INACTIVE": 0.021287919105907396,
        "INVALID": 0,
        "MALICIOUS": 0,
        "SANE": 0,
        "VALID": 0,
        "total": 100.00242889034588
    }
}