{
    "counter": {
        "ACTIVE": 19409,
        "INACTIVE": 4,
        "INVALID": 0,
        "MALICIOUS": 0,
        "SANE": 0,
        "VALID": 0,
        "total": 19413
    },
    "percentage": {
        "ACTIVE": 99.97939525060526,
        "INACTIVE": 0.06720430107526881,
        "INVALID": 0,
        "MALICIOUS": 0,
        "SANE": 0,
        "VALID": 0,
        "total": 100.04659955168053
    }
}