{
    "counter": {
        "ACTIVE": 15739,
        "INACTIVE": 1,
        "INVALID": 0,
        "MALICIOUS": 0,
        "SANE": 0,
        "VALID": 0,
        "total": 15740
    },
    "percentage": {
        "ACTIVE": 99.99364675984752,
        "INACTIVE": 0.01440299582313121,
        "INVALID": 0,
        "MALICIOUS": 0,
        "SANE": 0,
        "VALID": 0,
        "total": 100.00804975567065
    }
}