{
    "counter": {
        "ACTIVE": 17612,
        "INACTIVE": 2,
        "INVALID": 0,
        "MALICIOUS": 0,
        "SANE": 0,
        "VALID": 0,
        "total": 17614
    },
    "percentage": {
        "ACTIVE": 99.98864539570796,
        "INACTIVE": 0.02247191011235955,
        "INVALID": 0,
        "MALICIOUS": 0,
        "SANE": 0,
        "VALID": 0,
        "total": 100.01111730582032
    }
}