{
    "counter": {
        "ACTIVE": 17750,
        "INACTIVE": 1,
        "INVALID": 0,
        "MALICIOUS": 0,
        "SANE": 0,
        "VALID": 0,
        "total": 17751
    },
    "percentage": {
        "ACTIVE": 99.99436651456256,
        "INACTIVE": 0.014553922282055013,
        "INVALID": 0,
        "MALICIOUS": 0,
        "SANE": 0,
        "VALID": 0,
        "total": 100.00892043684462
    }
}