{
    "counter": {
        "ACTIVE": 16772,
        "INACTIVE": 3,
        "INVALID": 0,
        "MALICIOUS": 0,
        "SANE": 0,
        "VALID": 0,
        "total": 16775
    },
    "percentage": {
        "ACTIVE": 99.98211624441133,
        "INACTIVE": 0.01788375558867362,
        "INVALID": 0.0,
        "MALICIOUS": 0.0,
        "SANE": 0.0,
        "VALID": 0.0,
        "total": 100.0
    }
}