{
    "counter": {
        "ACTIVE": 17578,
        "INACTIVE": 2,
        "INVALID": 0,
        "MALICIOUS": 0,
        "SANE": 0,
        "VALID": 0,
        "total": 17580
    },
    "percentage": {
        "ACTIVE": 99.98862343572242,
        "INACTIVE": 0.02247191011235955,
        "INVALID": 0,
        "MALICIOUS": 0,
        "SANE": 0,
        "VALID": 0,
        "total": 100.01109534583478
    }
}