{
    "counter": {
        "ACTIVE": 16547,
        "INACTIVE": 1,
        "INVALID": 0,
        "MALICIOUS": 0,
        "SANE": 0,
        "VALID": 0,
        "total": 16548
    },
    "percentage": {
        "ACTIVE": 99.9939569736524,
        "INACTIVE": 0.006250390649415589,
        "INVALID": 0,
        "MALICIOUS": 0,
        "SANE": 0,
        "VALID": 0,
        "total": 100.00020736430182
    }
}