{
    "counter": {
        "ACTIVE": 9002,
        "INACTIVE": 1,
        "INVALID": 0,
        "MALICIOUS": 0,
        "SANE": 0,
        "VALID": 0,
        "total": 9003
    },
    "percentage": {
        "ACTIVE": 99.98889259135844,
        "INACTIVE": 0.014448779078167894,
        "INVALID": 0,
        "MALICIOUS": 0,
        "SANE": 0,
        "VALID": 0,
        "total": 100.0033413704366
    }
}