{
    "counter": {
        "ACTIVE": 17532,
        "INACTIVE": 2,
        "INVALID": 0,
        "MALICIOUS": 0,
        "SANE": 0,
        "VALID": 0,
        "total": 17534
    },
    "percentage": {
        "ACTIVE": 99.98859358959736,
        "INACTIVE": 0.011429224527115835,
        "INVALID": 0,
        "MALICIOUS": 0,
        "SANE": 0,
        "VALID": 0,
        "total": 100.00002281412448
    }
}