{
    "counter": {
        "ACTIVE": 17614,
        "INACTIVE": 114,
        "INVALID": 0,
        "MALICIOUS": 0,
        "SANE": 0,
        "VALID": 0,
        "total": 17728
    },
    "percentage": {
        "ACTIVE": 99.35694945848375,
        "INACTIVE": 0.6436677770876856,
        "INVALID": 0,
        "MALICIOUS": 0,
        "SANE": 0,
        "VALID": 0,
        "total": 100.00061723557144
    }
}