{
    "counter": {
        "ACTIVE": 16401,
        "INACTIVE": 25,
        "INVALID": 0,
        "MALICIOUS": 0,
        "SANE": 0,
        "VALID": 0,
        "total": 16426
    },
    "percentage": {
        "ACTIVE": 99.8478022647023,
        "INACTIVE": 0.15219773529769878,
        "INVALID": 0.0,
        "MALICIOUS": 0.0,
        "SANE": 0.0,
        "VALID": 0.0,
        "total": 100.0
    }
}