{
    "counter": {
        "ACTIVE": 7072,
        "INACTIVE": 1,
        "INVALID": 0,
        "MALICIOUS": 0,
        "SANE": 0,
        "VALID": 0,
        "total": 7073
    },
    "percentage": {
        "ACTIVE": 99.98586172769687,
        "INACTIVE": 0.014194464158977998,
        "INVALID": 0,
        "MALICIOUS": 0,
        "SANE": 0,
        "VALID": 0,
        "total": 100.00005619185585
    }
}