{
    "counter": {
        "ACTIVE": 1500,
        "INACTIVE": 6,
        "INVALID": 0,
        "MALICIOUS": 0,
        "SANE": 0,
        "VALID": 0,
        "total": 1506
    },
    "percentage": {
        "ACTIVE": 99.60159362549801,
        "INACTIVE": 0.39893617021276595,
        "INVALID": 0,
        "MALICIOUS": 0,
        "SANE": 0,
        "VALID": 0,
        "total": 100.00052979571078
    }
}