{
    "counter": {
        "ACTIVE": 15480,
        "INACTIVE": 1697,
        "INVALID": 0,
        "MALICIOUS": 0,
        "SANE": 0,
        "VALID": 0,
        "total": 17177
    },
    "percentage": {
        "ACTIVE": 90.12050998428131,
        "INACTIVE": 9.879490015718694,
        "INVALID": 0.0,
        "MALICIOUS": 0.0,
        "SANE": 0.0,
        "VALID": 0.0,
        "total": 100.0
    }
}