{
    "counter": {
        "ACTIVE": 17885,
        "INACTIVE": 25,
        "INVALID": 0,
        "MALICIOUS": 0,
        "SANE": 0,
        "VALID": 0,
        "total": 17910
    },
    "percentage": {
        "ACTIVE": 99.86041317699609,
        "INACTIVE": 0.13958682300390843,
        "INVALID": 0.0,
        "MALICIOUS": 0.0,
        "SANE": 0.0,
        "VALID": 0.0,
        "total": 100.0
    }
}