{
    "counter": {
        "ACTIVE": 20838,
        "INACTIVE": 372,
        "INVALID": 0,
        "MALICIOUS": 0,
        "SANE": 0,
        "VALID": 0,
        "total": 21210
    },
    "percentage": {
        "ACTIVE": 98.24611032531824,
        "INACTIVE": 1.756788665879575,
        "INVALID": 0,
        "MALICIOUS": 0,
        "SANE": 0,
        "VALID": 0,
        "total": 100.00289899119781
    }
}