{
    "counter": {
        "ACTIVE": 17750,
        "INACTIVE": 54,
        "INVALID": 0,
        "MALICIOUS": 0,
        "SANE": 0,
        "VALID": 0,
        "total": 17804
    },
    "percentage": {
        "ACTIVE": 99.69669737137721,
        "INACTIVE": 0.3064177495318618,
        "INVALID": 0,
        "MALICIOUS": 0,
        "SANE": 0,
        "VALID": 0,
        "total": 100.00311512090907
    }
}