{
    "counter": {
        "ACTIVE": 17317,
        "INACTIVE": 183,
        "INVALID": 0,
        "MALICIOUS": 0,
        "SANE": 0,
        "VALID": 0,
        "total": 17500
    },
    "percentage": {
        "ACTIVE": 98.95428571428572,
        "INACTIVE": 1.0516032639926445,
        "INVALID": 0,
        "MALICIOUS": 0,
        "SANE": 0,
        "VALID": 0,
        "total": 100.00588897827836
    }
}