{
    "counter": {
        "ACTIVE": 31586,
        "INACTIVE": 46,
        "INVALID": 0,
        "MALICIOUS": 0,
        "SANE": 0,
        "VALID": 0,
        "total": 31632
    },
    "percentage": {
        "ACTIVE": 99.85457764289328,
        "INACTIVE": 0.14542235710672735,
        "INVALID": 0.0,
        "MALICIOUS": 0.0,
        "SANE": 0.0,
        "VALID": 0.0,
        "total": 100.0
    }
}