{
    "counter": {
        "ACTIVE": 17908,
        "INACTIVE": 4,
        "INVALID": 0,
        "MALICIOUS": 0,
        "SANE": 0,
        "VALID": 0,
        "total": 17912
    },
    "percentage": {
        "ACTIVE": 99.9776686020545,
        "INACTIVE": 0.023850694651481725,
        "INVALID": 0,
        "MALICIOUS": 0,
        "SANE": 0,
        "VALID": 0,
        "total": 100.00151929670598
    }
}