{
    "counter": {
        "ACTIVE": 15738,
        "INACTIVE": 133,
        "INVALID": 0,
        "MALICIOUS": 0,
        "SANE": 0,
        "VALID": 0,
        "total": 15871
    },
    "percentage": {
        "ACTIVE": 99.16199357318379,
        "INACTIVE": 0.8598952608779983,
        "INVALID": 0,
        "MALICIOUS": 0,
        "SANE": 0,
        "VALID": 0,
        "total": 100.0218888340618
    }
}