{
    "counter": {
        "ACTIVE": 17718,
        "INACTIVE": 2,
        "INVALID": 0,
        "MALICIOUS": 0,
        "SANE": 0,
        "VALID": 0,
        "total": 17720
    },
    "percentage": {
        "ACTIVE": 99.98871331828443,
        "INACTIVE": 0.013089861901956934,
        "INVALID": 0,
        "MALICIOUS": 0,
        "SANE": 0,
        "VALID": 0,
        "total": 100.00180318018639
    }
}