{
    "counter": {
        "ACTIVE": 17241,
        "INACTIVE": 4,
        "INVALID": 0,
        "MALICIOUS": 0,
        "SANE": 0,
        "VALID": 0,
        "total": 17245
    },
    "percentage": {
        "ACTIVE": 99.97680487097709,
        "INACTIVE": 0.02374309966166083,
        "INVALID": 0,
        "MALICIOUS": 0,
        "SANE": 0,
        "VALID": 0,
        "total": 100.00054797063875
    }
}