{
    "counter": {
        "ACTIVE": 14344,
        "INACTIVE": 43,
        "INVALID": 0,
        "MALICIOUS": 0,
        "SANE": 0,
        "VALID": 0,
        "total": 14387
    },
    "percentage": {
        "ACTIVE": 99.7011190658233,
        "INACTIVE": 0.32602926681325345,
        "INVALID": 0,
        "MALICIOUS": 0,
        "SANE": 0,
        "VALID": 0,
        "total": 100.02714833263656
    }
}