{
    "counter": {
        "ACTIVE": 11956,
        "INACTIVE": 6,
        "INVALID": 0,
        "MALICIOUS": 0,
        "SANE": 0,
        "VALID": 0,
        "total": 11962
    },
    "percentage": {
        "ACTIVE": 99.94984116368501,
        "INACTIVE": 0.20512820512820512,
        "INVALID": 0,
        "MALICIOUS": 0,
        "SANE": 0,
        "VALID": 0,
        "total": 100.15496936881321
    }
}