{
    "counter": {
        "ACTIVE": 16681,
        "INACTIVE": 3,
        "INVALID": 0,
        "MALICIOUS": 0,
        "SANE": 0,
        "VALID": 0,
        "total": 16684
    },
    "percentage": {
        "ACTIVE": 99.98201870055142,
        "INACTIVE": 0.018037518037518036,
        "INVALID": 0,
        "MALICIOUS": 0,
        "SANE": 0,
        "VALID": 0,
        "total": 100.00005621858894
    }
}