{
    "counter": {
        "ACTIVE": 18047,
        "INACTIVE": 197,
        "INVALID": 0,
        "MALICIOUS": 0,
        "SANE": 0,
        "VALID": 0,
        "total": 18244
    },
    "percentage": {
        "ACTIVE": 98.9201929401447,
        "INACTIVE": 1.0806363137685135,
        "INVALID": 0,
        "MALICIOUS": 0,
        "SANE": 0,
        "VALID": 0,
        "total": 100.00082925391321
    }
}