{
    "counter": {
        "ACTIVE": 295,
        "INACTIVE": 2029,
        "INVALID": 0,
        "MALICIOUS": 0,
        "SANE": 0,
        "VALID": 0,
        "total": 2324
    },
    "percentage": {
        "ACTIVE": 12.693631669535284,
        "INACTIVE": 87.30636833046472,
        "INVALID": 0.0,
        "MALICIOUS": 0.0,
        "SANE": 0.0,
        "VALID": 0.0,
        "total": 100.0
    }
}