{
    "counter": {
        "ACTIVE": 23944,
        "INACTIVE": 1095,
        "INVALID": 0,
        "MALICIOUS": 0,
        "SANE": 0,
        "VALID": 0,
        "total": 25039
    },
    "percentage": {
        "ACTIVE": 95.6268221574344,
        "INACTIVE": 4.373177842565598,
        "INVALID": 0.0,
        "MALICIOUS": 0.0,
        "SANE": 0.0,
        "VALID": 0.0,
        "total": 100.0
    }
}