{
    "counter": {
        "ACTIVE": 20922,
        "INACTIVE": 376,
        "INVALID": 0,
        "MALICIOUS": 0,
        "SANE": 0,
        "VALID": 0,
        "total": 21298
    },
    "percentage": {
        "ACTIVE": 98.23457601652737,
        "INACTIVE": 1.7654239834726266,
        "INVALID": 0.0,
        "MALICIOUS": 0.0,
        "SANE": 0.0,
        "VALID": 0.0,
        "total": 100.0
    }
}