{
    "counter": {
        "ACTIVE": 17271,
        "INACTIVE": 1,
        "INVALID": 0,
        "MALICIOUS": 0,
        "SANE": 0,
        "VALID": 0,
        "total": 17272
    },
    "percentage": {
        "ACTIVE": 99.9942102825382,
        "INACTIVE": 0.006250390649415589,
        "INVALID": 0,
        "MALICIOUS": 0,
        "SANE": 0,
        "VALID": 0,
        "total": 100.00046067318762
    }
}