{
    "counter": {
        "ACTIVE": 17265,
        "INACTIVE": 4,
        "INVALID": 0,
        "MALICIOUS": 0,
        "SANE": 0,
        "VALID": 0,
        "total": 17269
    },
    "percentage": {
        "ACTIVE": 99.97683710695466,
        "INACTIVE": 0.06720430107526881,
        "INVALID": 0,
        "MALICIOUS": 0,
        "SANE": 0,
        "VALID": 0,
        "total": 100.04404140802993
    }
}