{
    "counter": {
        "ACTIVE": 9297,
        "INACTIVE": 44,
        "INVALID": 0,
        "MALICIOUS": 0,
        "SANE": 0,
        "VALID": 0,
        "total": 9341
    },
    "percentage": {
        "ACTIVE": 99.52895835563645,
        "INACTIVE": 0.4882379050155348,
        "INVALID": 0,
        "MALICIOUS": 0,
        "SANE": 0,
        "VALID": 0,
        "total": 100.01719626065199
    }
}