{
    "counter": {
        "ACTIVE": 22894,
        "INACTIVE": 4,
        "INVALID": 0,
        "MALICIOUS": 0,
        "SANE": 0,
        "VALID": 0,
        "total": 22898
    },
    "percentage": {
        "ACTIVE": 99.98253122543454,
        "INACTIVE": 0.06720430107526881,
        "INVALID": 0,
        "MALICIOUS": 0,
        "SANE": 0,
        "VALID": 0,
        "total": 100.0497355265098
    }
}