{
    "counter": {
        "ACTIVE": 17410,
        "INACTIVE": 35,
        "INVALID": 0,
        "MALICIOUS": 0,
        "SANE": 0,
        "VALID": 0,
        "total": 17445
    },
    "percentage": {
        "ACTIVE": 99.7993694468329,
        "INACTIVE": 0.20549553781117896,
        "INVALID": 0,
        "MALICIOUS": 0,
        "SANE": 0,
        "VALID": 0,
        "total": 100.00486498464407
    }
}