{
    "counter": {
        "ACTIVE": 22980,
        "INACTIVE": 4,
        "INVALID": 0,
        "MALICIOUS": 0,
        "SANE": 0,
        "VALID": 0,
        "total": 22984
    },
    "percentage": {
        "ACTIVE": 99.98259658893143,
        "INACTIVE": 0.023850694651481725,
        "INVALID": 0,
        "MALICIOUS": 0,
        "SANE": 0,
        "VALID": 0,
        "total": 100.00644728358292
    }
}