{
    "counter": {
        "ACTIVE": 18569,
        "INACTIVE": 5,
        "INVALID": 0,
        "MALICIOUS": 0,
        "SANE": 0,
        "VALID": 0,
        "total": 18574
    },
    "percentage": {
        "ACTIVE": 99.97308065037149,
        "INACTIVE": 0.02796733415370847,
        "INVALID": 0,
        "MALICIOUS": 0,
        "SANE": 0,
        "VALID": 0,
        "total": 100.0010479845252
    }
}