{
    "counter": {
        "ACTIVE": 17174,
        "INACTIVE": 4,
        "INVALID": 0,
        "MALICIOUS": 0,
        "SANE": 0,
        "VALID": 0,
        "total": 17178
    },
    "percentage": {
        "ACTIVE": 99.97671440214228,
        "INACTIVE": 0.025050100200400802,
        "INVALID": 0,
        "MALICIOUS": 0,
        "SANE": 0,
        "VALID": 0,
        "total": 100.00176450234268
    }
}