{
    "counter": {
        "ACTIVE": 20934,
        "INACTIVE": 376,
        "INVALID": 0,
        "MALICIOUS": 0,
        "SANE": 0,
        "VALID": 0,
        "total": 21310
    },
    "percentage": {
        "ACTIVE": 98.23557015485687,
        "INACTIVE": 1.7644298451431253,
        "INVALID": 0.0,
        "MALICIOUS": 0.0,
        "SANE": 0.0,
        "VALID": 0.0,
        "total": 100.0
    }
}