{
    "counter": {
        "ACTIVE": 13832,
        "INACTIVE": 2,
        "INVALID": 0,
        "MALICIOUS": 0,
        "SANE": 0,
        "VALID": 0,
        "total": 13834
    },
    "percentage": {
        "ACTIVE": 99.98554286540407,
        "INACTIVE": 0.017146776406035666,
        "INVALID": 0,
        "MALICIOUS": 0,
        "SANE": 0,
        "VALID": 0,
        "total": 100.00268964181011
    }
}