{
    "counter": {
        "ACTIVE": 12845,
        "INACTIVE": 4,
        "INVALID": 0,
        "MALICIOUS": 0,
        "SANE": 0,
        "VALID": 0,
        "total": 12849
    },
    "percentage": {
        "ACTIVE": 99.96886917269826,
        "INACTIVE": 0.06720430107526881,
        "INVALID": 0,
        "MALICIOUS": 0,
        "SANE": 0,
        "VALID": 0,
        "total": 100.03607347377353
    }
}