{
    "counter": {
        "ACTIVE": 14192,
        "INACTIVE": 1647,
        "INVALID": 0,
        "MALICIOUS": 0,
        "SANE": 0,
        "VALID": 0,
        "total": 15839
    },
    "percentage": {
        "ACTIVE": 89.60161626365301,
        "INACTIVE": 10.398383736346991,
        "INVALID": 0.0,
        "MALICIOUS": 0.0,
        "SANE": 0.0,
        "VALID": 0.0,
        "total": 100.0
    }
}