{
    "counter": {
        "ACTIVE": 16910,
        "INACTIVE": 1,
        "INVALID": 0,
        "MALICIOUS": 0,
        "SANE": 0,
        "VALID": 0,
        "total": 16911
    },
    "percentage": {
        "ACTIVE": 99.99408668913725,
        "INACTIVE": 0.014553922282055013,
        "INVALID": 0,
        "MALICIOUS": 0,
        "SANE": 0,
        "VALID": 0,
        "total": 100.00864061141931
    }
}