{
    "counter": {
        "ACTIVE": 33159,
        "INACTIVE": 2,
        "INVALID": 0,
        "MALICIOUS": 0,
        "SANE": 0,
        "VALID": 0,
        "total": 33161
    },
    "percentage": {
        "ACTIVE": 99.99396881879316,
        "INACTIVE": 0.00603118120683936,
        "INVALID": 0.0,
        "MALICIOUS": 0.0,
        "SANE": 0.0,
        "VALID": 0.0,
        "total": 100.0
    }
}