{
    "counter": {
        "ACTIVE": 16318,
        "INACTIVE": 24,
        "INVALID": 0,
        "MALICIOUS": 0,
        "SANE": 0,
        "VALID": 0,
        "total": 16342
    },
    "percentage": {
        "ACTIVE": 99.85313915065475,
        "INACTIVE": 0.1583949313621964,
        "INVALID": 0,
        "MALICIOUS": 0,
        "SANE": 0,
        "VALID": 0,
        "total": 100.01153408201695
    }
}