{
    "counter": {
        "ACTIVE": 19910,
        "INACTIVE": 4,
        "INVALID": 0,
        "MALICIOUS": 0,
        "SANE": 0,
        "VALID": 0,
        "total": 19914
    },
    "percentage": {
        "ACTIVE": 99.97991362860299,
        "INACTIVE": 0.06720430107526881,
        "INVALID": 0,
        "MALICIOUS": 0,
        "SANE": 0,
        "VALID": 0,
        "total": 100.04711792967825
    }
}