{
    "counter": {
        "ACTIVE": 17528,
        "INACTIVE": 6,
        "INVALID": 0,
        "MALICIOUS": 0,
        "SANE": 0,
        "VALID": 0,
        "total": 17534
    },
    "percentage": {
        "ACTIVE": 99.96578076879206,
        "INACTIVE": 0.20512820512820512,
        "INVALID": 0,
        "MALICIOUS": 0,
        "SANE": 0,
        "VALID": 0,
        "total": 100.17090897392026
    }
}