{
    "counter": {
        "ACTIVE": 24318,
        "INACTIVE": 4,
        "INVALID": 0,
        "MALICIOUS": 0,
        "SANE": 0,
        "VALID": 0,
        "total": 24322
    },
    "percentage": {
        "ACTIVE": 99.98355398404736,
        "INACTIVE": 0.06720430107526881,
        "INVALID": 0,
        "MALICIOUS": 0,
        "SANE": 0,
        "VALID": 0,
        "total": 100.05075828512263
    }
}