{
    "counter": {
        "ACTIVE": 17416,
        "INACTIVE": 3,
        "INVALID": 0,
        "MALICIOUS": 0,
        "SANE": 0,
        "VALID": 0,
        "total": 17419
    },
    "percentage": {
        "ACTIVE": 99.98277742694759,
        "INACTIVE": 0.01722257305241403,
        "INVALID": 0.0,
        "MALICIOUS": 0.0,
        "SANE": 0.0,
        "VALID": 0.0,
        "total": 100.0
    }
}