{
    "counter": {
        "ACTIVE": 1354,
        "INACTIVE": 1,
        "INVALID": 0,
        "MALICIOUS": 0,
        "SANE": 0,
        "VALID": 0,
        "total": 1355
    },
    "percentage": {
        "ACTIVE": 99.92619926199262,
        "INACTIVE": 0.1037344398340249,
        "INVALID": 0,
        "MALICIOUS": 0,
        "SANE": 0,
        "VALID": 0,
        "total": 100.02993370182665
    }
}