{
    "counter": {
        "ACTIVE": 23879,
        "INACTIVE": 6,
        "INVALID": 0,
        "MALICIOUS": 0,
        "SANE": 0,
        "VALID": 0,
        "total": 23885
    },
    "percentage": {
        "ACTIVE": 99.97487963156793,
        "INACTIVE": 0.025296176061385386,
        "INVALID": 0,
        "MALICIOUS": 0,
        "SANE": 0,
        "VALID": 0,
        "total": 100.00017580762932
    }
}