{
    "counter": {
        "ACTIVE": 22977,
        "INACTIVE": 4,
        "INVALID": 0,
        "MALICIOUS": 0,
        "SANE": 0,
        "VALID": 0,
        "total": 22981
    },
    "percentage": {
        "ACTIVE": 99.98259431704452,
        "INACTIVE": 0.06720430107526881,
        "INVALID": 0,
        "MALICIOUS": 0,
        "SANE": 0,
        "VALID": 0,
        "total": 100.04979861811978
    }
}