{
    "counter": {
        "ACTIVE": 7298,
        "INACTIVE": 4,
        "INVALID": 0,
        "MALICIOUS": 0,
        "SANE": 0,
        "VALID": 0,
        "total": 7302
    },
    "percentage": {
        "ACTIVE": 99.94522048753767,
        "INACTIVE": 0.05685048322910745,
        "INVALID": 0,
        "MALICIOUS": 0,
        "SANE": 0,
        "VALID": 0,
        "total": 100.00207097076678
    }
}