{
    "counter": {
        "ACTIVE": 16402,
        "INACTIVE": 4,
        "INVALID": 0,
        "MALICIOUS": 0,
        "SANE": 0,
        "VALID": 0,
        "total": 16406
    },
    "percentage": {
        "ACTIVE": 99.97561867609411,
        "INACTIVE": 0.06720430107526881,
        "INVALID": 0,
        "MALICIOUS": 0,
        "SANE": 0,
        "VALID": 0,
        "total": 100.04282297716938
    }
}