{
    "counter": {
        "ACTIVE": 17609,
        "INACTIVE": 2,
        "INVALID": 0,
        "MALICIOUS": 0,
        "SANE": 0,
        "VALID": 0,
        "total": 17611
    },
    "percentage": {
        "ACTIVE": 99.98864346147295,
        "INACTIVE": 0.02247191011235955,
        "INVALID": 0,
        "MALICIOUS": 0,
        "SANE": 0,
        "VALID": 0,
        "total": 100.0111153715853
    }
}