{
    "counter": {
        "ACTIVE": 44609,
        "INACTIVE": 1,
        "INVALID": 0,
        "MALICIOUS": 0,
        "SANE": 0,
        "VALID": 0,
        "total": 44610
    },
    "percentage": {
        "ACTIVE": 99.9977583501457,
        "INACTIVE": 0.0022416498542927594,
        "INVALID": 0.0,
        "MALICIOUS": 0.0,
        "SANE": 0.0,
        "VALID": 0.0,
        "total": 100.0
    }
}