{
    "counter": {
        "ACTIVE": 17535,
        "INACTIVE": 112,
        "INVALID": 0,
        "MALICIOUS": 0,
        "SANE": 0,
        "VALID": 0,
        "total": 17647
    },
    "percentage": {
        "ACTIVE": 99.36533121777073,
        "INACTIVE": 0.687707233206435,
        "INVALID": 0,
        "MALICIOUS": 0,
        "SANE": 0,
        "VALID": 0,
        "total": 100.05303845097717
    }
}