{
    "counter": {
        "ACTIVE": 34105,
        "INACTIVE": 26,
        "INVALID": 0,
        "MALICIOUS": 0,
        "SANE": 0,
        "VALID": 0,
        "total": 34131
    },
    "percentage": {
        "ACTIVE": 99.92382291758226,
        "INACTIVE": 0.0761770824177434,
        "INVALID": 0.0,
        "MALICIOUS": 0.0,
        "SANE": 0.0,
        "VALID": 0.0,
        "total": 100.0
    }
}