{
    "counter": {
        "ACTIVE": 31135,
        "INACTIVE": 22,
        "INVALID": 0,
        "MALICIOUS": 0,
        "SANE": 0,
        "VALID": 0,
        "total": 31157
    },
    "percentage": {
        "ACTIVE": 99.92938986423597,
        "INACTIVE": 0.07061013576403377,
        "INVALID": 0.0,
        "MALICIOUS": 0.0,
        "SANE": 0.0,
        "VALID": 0.0,
        "total": 100.0
    }
}