{
    "counter": {
        "ACTIVE": 17643,
        "INACTIVE": 25,
        "INVALID": 0,
        "MALICIOUS": 0,
        "SANE": 0,
        "VALID": 0,
        "total": 17668
    },
    "percentage": {
        "ACTIVE": 99.85850124518905,
        "INACTIVE": 0.14149875481095767,
        "INVALID": 0.0,
        "MALICIOUS": 0.0,
        "SANE": 0.0,
        "VALID": 0.0,
        "total": 100.0
    }
}