{
    "counter": {
        "ACTIVE": 15901,
        "INACTIVE": 30,
        "INVALID": 0,
        "MALICIOUS": 0,
        "SANE": 0,
        "VALID": 0,
        "total": 15931
    },
    "percentage": {
        "ACTIVE": 99.81168790408637,
        "INACTIVE": 0.2044711014176663,
        "INVALID": 0,
        "MALICIOUS": 0,
        "SANE": 0,
        "VALID": 0,
        "total": 100.01615900550404
    }
}