{
    "counter": {
        "ACTIVE": 8750,
        "INACTIVE": 43,
        "INVALID": 0,
        "MALICIOUS": 0,
        "SANE": 0,
        "VALID": 0,
        "total": 8793
    },
    "percentage": {
        "ACTIVE": 99.51097463891732,
        "INACTIVE": 0.5046948356807511,
        "INVALID": 0,
        "MALICIOUS": 0,
        "SANE": 0,
        "VALID": 0,
        "total": 100.01566947459807
    }
}