{
    "counter": {
        "ACTIVE": 19002,
        "INACTIVE": 16,
        "INVALID": 1,
        "MALICIOUS": 0,
        "SANE": 0,
        "VALID": 0,
        "total": 19019
    },
    "percentage": {
        "ACTIVE": 99.91061570008938,
        "INACTIVE": 0.08558895902428587,
        "INVALID": 0.005279831045406547,
        "MALICIOUS": 0,
        "SANE": 0,
        "VALID": 0,
        "total": 100.00148449015909
    }
}