{
    "counter": {
        "ACTIVE": 23634,
        "INACTIVE": 5,
        "INVALID": 0,
        "MALICIOUS": 0,
        "SANE": 0,
        "VALID": 0,
        "total": 23639
    },
    "percentage": {
        "ACTIVE": 99.97884851305047,
        "INACTIVE": 0.0213620439203623,
        "INVALID": 0,
        "MALICIOUS": 0,
        "SANE": 0,
        "VALID": 0,
        "total": 100.00021055697083
    }
}