{
    "counter": {
        "ACTIVE": 11697,
        "INACTIVE": 72,
        "INVALID": 0,
        "MALICIOUS": 0,
        "SANE": 0,
        "VALID": 0,
        "total": 11769
    },
    "percentage": {
        "ACTIVE": 99.38822329849604,
        "INACTIVE": 0.6145442130419938,
        "INVALID": 0,
        "MALICIOUS": 0,
        "SANE": 0,
        "VALID": 0,
        "total": 100.00276751153804
    }
}