{
    "counter": {
        "ACTIVE": 14983,
        "INACTIVE": 1,
        "INVALID": 0,
        "MALICIOUS": 0,
        "SANE": 0,
        "VALID": 0,
        "total": 14984
    },
    "percentage": {
        "ACTIVE": 99.99332621462894,
        "INACTIVE": 0.009317927692881103,
        "INVALID": 0,
        "MALICIOUS": 0,
        "SANE": 0,
        "VALID": 0,
        "total": 100.00264414232181
    }
}