{
    "counter": {
        "ACTIVE": 17210,
        "INACTIVE": 52,
        "INVALID": 0,
        "MALICIOUS": 0,
        "SANE": 0,
        "VALID": 0,
        "total": 17262
    },
    "percentage": {
        "ACTIVE": 99.69876028270188,
        "INACTIVE": 0.3013269977400475,
        "INVALID": 0,
        "MALICIOUS": 0,
        "SANE": 0,
        "VALID": 0,
        "total": 100.00008728044193
    }
}