{
    "counter": {
        "ACTIVE": 17588,
        "INACTIVE": 4,
        "INVALID": 0,
        "MALICIOUS": 0,
        "SANE": 0,
        "VALID": 0,
        "total": 17592
    },
    "percentage": {
        "ACTIVE": 99.97726239199636,
        "INACTIVE": 0.023144130070010992,
        "INVALID": 0,
        "MALICIOUS": 0,
        "SANE": 0,
        "VALID": 0,
        "total": 100.00040652206637
    }
}