{
    "counter": {
        "ACTIVE": 16777,
        "INACTIVE": 2,
        "INVALID": 0,
        "MALICIOUS": 0,
        "SANE": 0,
        "VALID": 0,
        "total": 16779
    },
    "percentage": {
        "ACTIVE": 99.98808033851839,
        "INACTIVE": 0.013331555792560993,
        "INVALID": 0,
        "MALICIOUS": 0,
        "SANE": 0,
        "VALID": 0,
        "total": 100.00141189431095
    }
}