{
    "counter": {
        "ACTIVE": 14213,
        "INACTIVE": 28,
        "INVALID": 0,
        "MALICIOUS": 0,
        "SANE": 0,
        "VALID": 0,
        "total": 14241
    },
    "percentage": {
        "ACTIVE": 99.80338459377853,
        "INACTIVE": 0.2121855107608366,
        "INVALID": 0,
        "MALICIOUS": 0,
        "SANE": 0,
        "VALID": 0,
        "total": 100.01557010453936
    }
}