{
    "counter": {
        "ACTIVE": 23973,
        "INACTIVE": 1095,
        "INVALID": 0,
        "MALICIOUS": 0,
        "SANE": 0,
        "VALID": 0,
        "total": 25068
    },
    "percentage": {
        "ACTIVE": 95.63188128291048,
        "INACTIVE": 4.368118717089517,
        "INVALID": 0.0,
        "MALICIOUS": 0.0,
        "SANE": 0.0,
        "VALID": 0.0,
        "total": 100.0
    }
}