{
    "counter": {
        "ACTIVE": 33698,
        "INACTIVE": 3,
        "INVALID": 0,
        "MALICIOUS": 0,
        "SANE": 0,
        "VALID": 0,
        "total": 33701
    },
    "percentage": {
        "ACTIVE": 99.99109818699742,
        "INACTIVE": 0.008901813002581525,
        "INVALID": 0.0,
        "MALICIOUS": 0.0,
        "SANE": 0.0,
        "VALID": 0.0,
        "total": 100.0
    }
}