{
    "counter": {
        "ACTIVE": 16683,
        "INACTIVE": 4,
        "INVALID": 0,
        "MALICIOUS": 0,
        "SANE": 0,
        "VALID": 0,
        "total": 16687
    },
    "percentage": {
        "ACTIVE": 99.97602924432192,
        "INACTIVE": 0.06720430107526881,
        "INVALID": 0,
        "MALICIOUS": 0,
        "SANE": 0,
        "VALID": 0,
        "total": 100.04323354539719
    }
}