{
    "counter": {
        "ACTIVE": 18562,
        "INACTIVE": 5,
        "INVALID": 0,
        "MALICIOUS": 0,
        "SANE": 0,
        "VALID": 0,
        "total": 18567
    },
    "percentage": {
        "ACTIVE": 99.97307050142726,
        "INACTIVE": 0.02796733415370847,
        "INVALID": 0,
        "MALICIOUS": 0,
        "SANE": 0,
        "VALID": 0,
        "total": 100.00103783558097
    }
}