{
    "counter": {
        "ACTIVE": 17639,
        "INACTIVE": 1,
        "INVALID": 0,
        "MALICIOUS": 0,
        "SANE": 0,
        "VALID": 0,
        "total": 17640
    },
    "percentage": {
        "ACTIVE": 99.99433106575964,
        "INACTIVE": 0.014553922282055013,
        "INVALID": 0,
        "MALICIOUS": 0,
        "SANE": 0,
        "VALID": 0,
        "total": 100.0088849880417
    }
}