{
    "counter": {
        "ACTIVE": 10116,
        "INACTIVE": 971,
        "INVALID": 0,
        "MALICIOUS": 0,
        "SANE": 0,
        "VALID": 0,
        "total": 11087
    },
    "percentage": {
        "ACTIVE": 91.24199512943086,
        "INACTIVE": 8.758004870569135,
        "INVALID": 0.0,
        "MALICIOUS": 0.0,
        "SANE": 0.0,
        "VALID": 0.0,
        "total": 100.0
    }
}