{
    "counter": {
        "ACTIVE": 17366,
        "INACTIVE": 185,
        "INVALID": 0,
        "MALICIOUS": 0,
        "SANE": 0,
        "VALID": 0,
        "total": 17551
    },
    "percentage": {
        "ACTIVE": 98.94592900689419,
        "INACTIVE": 1.0543713666932635,
        "INVALID": 0,
        "MALICIOUS": 0,
        "SANE": 0,
        "VALID": 0,
        "total": 100.00030037358745
    }
}