{
    "counter": {
        "ACTIVE": 13916,
        "INACTIVE": 3,
        "INVALID": 0,
        "MALICIOUS": 0,
        "SANE": 0,
        "VALID": 0,
        "total": 13919
    },
    "percentage": {
        "ACTIVE": 99.97844672749478,
        "INACTIVE": 0.021553272505208707,
        "INVALID": 0.0,
        "MALICIOUS": 0.0,
        "SANE": 0.0,
        "VALID": 0.0,
        "total": 100.0
    }
}