{
    "counter": {
        "ACTIVE": 24031,
        "INACTIVE": 1095,
        "INVALID": 0,
        "MALICIOUS": 0,
        "SANE": 0,
        "VALID": 0,
        "total": 25126
    },
    "percentage": {
        "ACTIVE": 95.64196449892542,
        "INACTIVE": 4.358035501074584,
        "INVALID": 0.0,
        "MALICIOUS": 0.0,
        "SANE": 0.0,
        "VALID": 0.0,
        "total": 100.0
    }
}