{
    "counter": {
        "ACTIVE": 29301,
        "INACTIVE": 6,
        "INVALID": 0,
        "MALICIOUS": 0,
        "SANE": 0,
        "VALID": 0,
        "total": 29307
    },
    "percentage": {
        "ACTIVE": 99.97952707544273,
        "INACTIVE": 0.025296176061385386,
        "INVALID": 0,
        "MALICIOUS": 0,
        "SANE": 0,
        "VALID": 0,
        "total": 100.00482325150412
    }
}