{
    "counter": {
        "ACTIVE": 44502,
        "INACTIVE": 1,
        "INVALID": 0,
        "MALICIOUS": 0,
        "SANE": 0,
        "VALID": 0,
        "total": 44503
    },
    "percentage": {
        "ACTIVE": 99.99775296047457,
        "INACTIVE": 0.002247039525425252,
        "INVALID": 0.0,
        "MALICIOUS": 0.0,
        "SANE": 0.0,
        "VALID": 0.0,
        "total": 100.0
    }
}