{
    "counter": {
        "ACTIVE": 42589,
        "INACTIVE": 28,
        "INVALID": 0,
        "MALICIOUS": 0,
        "SANE": 0,
        "VALID": 0,
        "total": 42617
    },
    "percentage": {
        "ACTIVE": 99.9342985193702,
        "INACTIVE": 0.06570148062979562,
        "INVALID": 0.0,
        "MALICIOUS": 0.0,
        "SANE": 0.0,
        "VALID": 0.0,
        "total": 100.0
    }
}