{
    "counter": {
        "ACTIVE": 13246,
        "INACTIVE": 3,
        "INVALID": 0,
        "MALICIOUS": 0,
        "SANE": 0,
        "VALID": 0,
        "total": 13249
    },
    "percentage": {
        "ACTIVE": 99.97735678164389,
        "INACTIVE": 0.026162030173541465,
        "INVALID": 0,
        "MALICIOUS": 0,
        "SANE": 0,
        "VALID": 0,
        "total": 100.00351881181743
    }
}