{
    "counter": {
        "ACTIVE": 14664,
        "INACTIVE": 3,
        "INVALID": 0,
        "MALICIOUS": 0,
        "SANE": 0,
        "VALID": 0,
        "total": 14667
    },
    "percentage": {
        "ACTIVE": 99.97954591941092,
        "INACTIVE": 0.026162030173541465,
        "INVALID": 0,
        "MALICIOUS": 0,
        "SANE": 0,
        "VALID": 0,
        "total": 100.00570794958446
    }
}