{
    "counter": {
        "ACTIVE": 23945,
        "INACTIVE": 1095,
        "INVALID": 0,
        "MALICIOUS": 0,
        "SANE": 0,
        "VALID": 0,
        "total": 25040
    },
    "percentage": {
        "ACTIVE": 95.62699680511182,
        "INACTIVE": 4.373003194888179,
        "INVALID": 0.0,
        "MALICIOUS": 0.0,
        "SANE": 0.0,
        "VALID": 0.0,
        "total": 100.0
    }
}