{
    "counter": {
        "ACTIVE": 12701,
        "INACTIVE": 1485,
        "INVALID": 0,
        "MALICIOUS": 0,
        "SANE": 0,
        "VALID": 0,
        "total": 14186
    },
    "percentage": {
        "ACTIVE": 89.53193289158325,
        "INACTIVE": 10.468067108416749,
        "INVALID": 0.0,
        "MALICIOUS": 0.0,
        "SANE": 0.0,
        "VALID": 0.0,
        "total": 100.0
    }
}