{
    "counter": {
        "ACTIVE": 17597,
        "INACTIVE": 6,
        "INVALID": 0,
        "MALICIOUS": 0,
        "SANE": 0,
        "VALID": 0,
        "total": 17603
    },
    "percentage": {
        "ACTIVE": 99.96591490086917,
        "INACTIVE": 0.20512820512820512,
        "INVALID": 0,
        "MALICIOUS": 0,
        "SANE": 0,
        "VALID": 0,
        "total": 100.17104310599737
    }
}