{
    "counter": {
        "ACTIVE": 14527,
        "INACTIVE": 3,
        "INVALID": 0,
        "MALICIOUS": 0,
        "SANE": 0,
        "VALID": 0,
        "total": 14530
    },
    "percentage": {
        "ACTIVE": 99.97935306262904,
        "INACTIVE": 0.02064693737095664,
        "INVALID": 0.0,
        "MALICIOUS": 0.0,
        "SANE": 0.0,
        "VALID": 0.0,
        "total": 100.0
    }
}