{
    "counter": {
        "ACTIVE": 13436,
        "INACTIVE": 1108,
        "INVALID": 0,
        "MALICIOUS": 0,
        "SANE": 0,
        "VALID": 0,
        "total": 14544
    },
    "percentage": {
        "ACTIVE": 92.38173817381738,
        "INACTIVE": 7.618261826182618,
        "INVALID": 0.0,
        "MALICIOUS": 0.0,
        "SANE": 0.0,
        "VALID": 0.0,
        "total": 100.0
    }
}