{
    "counter": {
        "ACTIVE": 17789,
        "INACTIVE": 2,
        "INVALID": 0,
        "MALICIOUS": 0,
        "SANE": 0,
        "VALID": 0,
        "total": 17791
    },
    "percentage": {
        "ACTIVE": 99.98875836096903,
        "INACTIVE": 0.02247191011235955,
        "INVALID": 0,
        "MALICIOUS": 0,
        "SANE": 0,
        "VALID": 0,
        "total": 100.01123027108139
    }
}