{
    "counter": {
        "ACTIVE": 24268,
        "INACTIVE": 4,
        "INVALID": 0,
        "MALICIOUS": 0,
        "SANE": 0,
        "VALID": 0,
        "total": 24272
    },
    "percentage": {
        "ACTIVE": 99.98352010547133,
        "INACTIVE": 0.06720430107526881,
        "INVALID": 0,
        "MALICIOUS": 0,
        "SANE": 0,
        "VALID": 0,
        "total": 100.05072440654659
    }
}