{
    "counter": {
        "ACTIVE": 17534,
        "INACTIVE": 1,
        "INVALID": 0,
        "MALICIOUS": 0,
        "SANE": 0,
        "VALID": 0,
        "total": 17535
    },
    "percentage": {
        "ACTIVE": 99.99429712004563,
        "INACTIVE": 0.014553922282055013,
        "INVALID": 0,
        "MALICIOUS": 0,
        "SANE": 0,
        "VALID": 0,
        "total": 100.00885104232769
    }
}