{
    "counter": {
        "ACTIVE": 16917,
        "INACTIVE": 1719,
        "INVALID": 0,
        "MALICIOUS": 0,
        "SANE": 0,
        "VALID": 0,
        "total": 18636
    },
    "percentage": {
        "ACTIVE": 90.77591757887959,
        "INACTIVE": 9.224082421120412,
        "INVALID": 0.0,
        "MALICIOUS": 0.0,
        "SANE": 0.0,
        "VALID": 0.0,
        "total": 100.0
    }
}