{
    "counter": {
        "ACTIVE": 5396,
        "INACTIVE": 17,
        "INVALID": 0,
        "MALICIOUS": 0,
        "SANE": 0,
        "VALID": 0,
        "total": 5413
    },
    "percentage": {
        "ACTIVE": 99.68594125254018,
        "INACTIVE": 0.3417085427135678,
        "INVALID": 0,
        "MALICIOUS": 0,
        "SANE": 0,
        "VALID": 0,
        "total": 100.02764979525374
    }
}