{
    "counter": {
        "ACTIVE": 21956,
        "INACTIVE": 4,
        "INVALID": 0,
        "MALICIOUS": 0,
        "SANE": 0,
        "VALID": 0,
        "total": 21960
    },
    "percentage": {
        "ACTIVE": 99.98178506375228,
        "INACTIVE": 0.023850694651481725,
        "INVALID": 0,
        "MALICIOUS": 0,
        "SANE": 0,
        "VALID": 0,
        "total": 100.00563575840377
    }
}