{
    "counter": {
        "ACTIVE": 14097,
        "INACTIVE": 2,
        "INVALID": 0,
        "MALICIOUS": 0,
        "SANE": 0,
        "VALID": 0,
        "total": 14099
    },
    "percentage": {
        "ACTIVE": 99.98581459677992,
        "INACTIVE": 0.02247191011235955,
        "INVALID": 0,
        "MALICIOUS": 0,
        "SANE": 0,
        "VALID": 0,
        "total": 100.00828650689228
    }
}