{
    "counter": {
        "ACTIVE": 13300,
        "INACTIVE": 4,
        "INVALID": 0,
        "MALICIOUS": 0,
        "SANE": 0,
        "VALID": 0,
        "total": 13304
    },
    "percentage": {
        "ACTIVE": 99.96993385447986,
        "INACTIVE": 0.06720430107526881,
        "INVALID": 0,
        "MALICIOUS": 0,
        "SANE": 0,
        "VALID": 0,
        "total": 100.03713815555513
    }
}