{
    "counter": {
        "ACTIVE": 15699,
        "INACTIVE": 109,
        "INVALID": 0,
        "MALICIOUS": 0,
        "SANE": 0,
        "VALID": 0,
        "total": 15808
    },
    "percentage": {
        "ACTIVE": 99.31047570850203,
        "INACTIVE": 0.7187603033300363,
        "INVALID": 0,
        "MALICIOUS": 0,
        "SANE": 0,
        "VALID": 0,
        "total": 100.02923601183207
    }
}