{
    "counter": {
        "ACTIVE": 11760,
        "INACTIVE": 1,
        "INVALID": 0,
        "MALICIOUS": 0,
        "SANE": 0,
        "VALID": 0,
        "total": 11761
    },
    "percentage": {
        "ACTIVE": 99.99149732165633,
        "INACTIVE": 0.01440299582313121,
        "INVALID": 0,
        "MALICIOUS": 0,
        "SANE": 0,
        "VALID": 0,
        "total": 100.00590031747946
    }
}