{
    "counter": {
        "ACTIVE": 18583,
        "INACTIVE": 5,
        "INVALID": 0,
        "MALICIOUS": 0,
        "SANE": 0,
        "VALID": 0,
        "total": 18588
    },
    "percentage": {
        "ACTIVE": 99.97310092532817,
        "INACTIVE": 0.02796733415370847,
        "INVALID": 0,
        "MALICIOUS": 0,
        "SANE": 0,
        "VALID": 0,
        "total": 100.00106825948188
    }
}