{
    "counter": {
        "ACTIVE": 28783,
        "INACTIVE": 6,
        "INVALID": 0,
        "MALICIOUS": 0,
        "SANE": 0,
        "VALID": 0,
        "total": 28789
    },
    "percentage": {
        "ACTIVE": 99.97915870645038,
        "INACTIVE": 0.025296176061385386,
        "INVALID": 0,
        "MALICIOUS": 0,
        "SANE": 0,
        "VALID": 0,
        "total": 100.00445488251177
    }
}