{
    "counter": {
        "ACTIVE": 16022,
        "INACTIVE": 1718,
        "INVALID": 0,
        "MALICIOUS": 0,
        "SANE": 0,
        "VALID": 0,
        "total": 17740
    },
    "percentage": {
        "ACTIVE": 90.31567080045096,
        "INACTIVE": 9.684329199549042,
        "INVALID": 0.0,
        "MALICIOUS": 0.0,
        "SANE": 0.0,
        "VALID": 0.0,
        "total": 100.0
    }
}