{
    "counter": {
        "ACTIVE": 16661,
        "INACTIVE": 1,
        "INVALID": 0,
        "MALICIOUS": 0,
        "SANE": 0,
        "VALID": 0,
        "total": 16662
    },
    "percentage": {
        "ACTIVE": 99.99399831952947,
        "INACTIVE": 0.006535520554212143,
        "INVALID": 0,
        "MALICIOUS": 0,
        "SANE": 0,
        "VALID": 0,
        "total": 100.00053384008368
    }
}