{
    "counter": {
        "ACTIVE": 17541,
        "INACTIVE": 2,
        "INVALID": 0,
        "MALICIOUS": 0,
        "SANE": 0,
        "VALID": 0,
        "total": 17543
    },
    "percentage": {
        "ACTIVE": 99.98859944137263,
        "INACTIVE": 0.011429224527115835,
        "INVALID": 0,
        "MALICIOUS": 0,
        "SANE": 0,
        "VALID": 0,
        "total": 100.00002866589975
    }
}