{
    "counter": {
        "ACTIVE": 34634,
        "INACTIVE": 37,
        "INVALID": 0,
        "MALICIOUS": 0,
        "SANE": 0,
        "VALID": 0,
        "total": 34671
    },
    "percentage": {
        "ACTIVE": 99.89328257044792,
        "INACTIVE": 0.10671742955207522,
        "INVALID": 0.0,
        "MALICIOUS": 0.0,
        "SANE": 0.0,
        "VALID": 0.0,
        "total": 100.0
    }
}