{
    "counter": {
        "ACTIVE": 12074,
        "INACTIVE": 1,
        "INVALID": 0,
        "MALICIOUS": 0,
        "SANE": 0,
        "VALID": 0,
        "total": 12075
    },
    "percentage": {
        "ACTIVE": 99.99171842650104,
        "INACTIVE": 0.014448779078167894,
        "INVALID": 0,
        "MALICIOUS": 0,
        "SANE": 0,
        "VALID": 0,
        "total": 100.0061672055792
    }
}