{
    "counter": {
        "ACTIVE": 15526,
        "INACTIVE": 133,
        "INVALID": 0,
        "MALICIOUS": 0,
        "SANE": 0,
        "VALID": 0,
        "total": 15659
    },
    "percentage": {
        "ACTIVE": 99.15064818953957,
        "INACTIVE": 0.8598952608779983,
        "INVALID": 0,
        "MALICIOUS": 0,
        "SANE": 0,
        "VALID": 0,
        "total": 100.01054345041757
    }
}