{
    "counter": {
        "ACTIVE": 10589,
        "INACTIVE": 24,
        "INVALID": 0,
        "MALICIOUS": 0,
        "SANE": 0,
        "VALID": 0,
        "total": 10613
    },
    "percentage": {
        "ACTIVE": 99.77386224441723,
        "INACTIVE": 0.24454860403505196,
        "INVALID": 0,
        "MALICIOUS": 0,
        "SANE": 0,
        "VALID": 0,
        "total": 100.01841084845228
    }
}