{
    "counter": {
        "ACTIVE": 16649,
        "INACTIVE": 160,
        "INVALID": 0,
        "MALICIOUS": 0,
        "SANE": 0,
        "VALID": 0,
        "total": 16809
    },
    "percentage": {
        "ACTIVE": 99.04812897852341,
        "INACTIVE": 0.9536865947428026,
        "INVALID": 0,
        "MALICIOUS": 0,
        "SANE": 0,
        "VALID": 0,
        "total": 100.00181557326621
    }
}