{
    "counter": {
        "ACTIVE": 44587,
        "INACTIVE": 2,
        "INVALID": 0,
        "MALICIOUS": 0,
        "SANE": 0,
        "VALID": 0,
        "total": 44589
    },
    "percentage": {
        "ACTIVE": 99.99551458879994,
        "INACTIVE": 0.004485411200071766,
        "INVALID": 0.0,
        "MALICIOUS": 0.0,
        "SANE": 0.0,
        "VALID": 0.0,
        "total": 100.0
    }
}