{
    "counter": {
        "ACTIVE": 32176,
        "INACTIVE": 6,
        "INVALID": 0,
        "MALICIOUS": 0,
        "SANE": 0,
        "VALID": 0,
        "total": 32182
    },
    "percentage": {
        "ACTIVE": 99.98135603753651,
        "INACTIVE": 0.018643962463488907,
        "INVALID": 0.0,
        "MALICIOUS": 0.0,
        "SANE": 0.0,
        "VALID": 0.0,
        "total": 100.0
    }
}