{
    "counter": {
        "ACTIVE": 17492,
        "INACTIVE": 2,
        "INVALID": 0,
        "MALICIOUS": 0,
        "SANE": 0,
        "VALID": 0,
        "total": 17494
    },
    "percentage": {
        "ACTIVE": 99.98856750886019,
        "INACTIVE": 0.02247191011235955,
        "INVALID": 0,
        "MALICIOUS": 0,
        "SANE": 0,
        "VALID": 0,
        "total": 100.01103941897254
    }
}