{
    "counter": {
        "ACTIVE": 1219,
        "INACTIVE": 775,
        "INVALID": 0,
        "MALICIOUS": 0,
        "SANE": 0,
        "VALID": 0,
        "total": 1994
    },
    "percentage": {
        "ACTIVE": 61.133400200601805,
        "INACTIVE": 38.866599799398195,
        "INVALID": 0.0,
        "MALICIOUS": 0.0,
        "SANE": 0.0,
        "VALID": 0.0,
        "total": 100.0
    }
}