{
    "counter": {
        "ACTIVE": 18691,
        "INACTIVE": 16,
        "INVALID": 0,
        "MALICIOUS": 0,
        "SANE": 0,
        "VALID": 0,
        "total": 18707
    },
    "percentage": {
        "ACTIVE": 99.91447051905703,
        "INACTIVE": 0.08558895902428587,
        "INVALID": 0,
        "MALICIOUS": 0,
        "SANE": 0,
        "VALID": 0,
        "total": 100.00005947808133
    }
}