{
    "counter": {
        "ACTIVE": 28844,
        "INACTIVE": 6,
        "INVALID": 0,
        "MALICIOUS": 0,
        "SANE": 0,
        "VALID": 0,
        "total": 28850
    },
    "percentage": {
        "ACTIVE": 99.9792027729636,
        "INACTIVE": 0.025296176061385386,
        "INVALID": 0,
        "MALICIOUS": 0,
        "SANE": 0,
        "VALID": 0,
        "total": 100.00449894902499
    }
}