{
    "counter": {
        "ACTIVE": 17903,
        "INACTIVE": 195,
        "INVALID": 0,
        "MALICIOUS": 0,
        "SANE": 0,
        "VALID": 0,
        "total": 18098
    },
    "percentage": {
        "ACTIVE": 98.92253287656095,
        "INACTIVE": 1.0805718718829658,
        "INVALID": 0,
        "MALICIOUS": 0,
        "SANE": 0,
        "VALID": 0,
        "total": 100.00310474844392
    }
}