{
    "counter": {
        "ACTIVE": 17575,
        "INACTIVE": 4,
        "INVALID": 0,
        "MALICIOUS": 0,
        "SANE": 0,
        "VALID": 0,
        "total": 17579
    },
    "percentage": {
        "ACTIVE": 99.97724557710904,
        "INACTIVE": 0.06720430107526881,
        "INVALID": 0,
        "MALICIOUS": 0,
        "SANE": 0,
        "VALID": 0,
        "total": 100.04444987818431
    }
}