{
    "counter": {
        "ACTIVE": 31389,
        "INACTIVE": 8,
        "INVALID": 0,
        "MALICIOUS": 0,
        "SANE": 0,
        "VALID": 0,
        "total": 31397
    },
    "percentage": {
        "ACTIVE": 99.97451985858521,
        "INACTIVE": 0.025480141414784854,
        "INVALID": 0.0,
        "MALICIOUS": 0.0,
        "SANE": 0.0,
        "VALID": 0.0,
        "total": 100.0
    }
}