{
    "counter": {
        "ACTIVE": 15640,
        "INACTIVE": 1706,
        "INVALID": 0,
        "MALICIOUS": 0,
        "SANE": 0,
        "VALID": 0,
        "total": 17346
    },
    "percentage": {
        "ACTIVE": 90.16487951112649,
        "INACTIVE": 9.835120488873516,
        "INVALID": 0.0,
        "MALICIOUS": 0.0,
        "SANE": 0.0,
        "VALID": 0.0,
        "total": 100.0
    }
}