{
    "counter": {
        "ACTIVE": 17866,
        "INACTIVE": 6,
        "INVALID": 0,
        "MALICIOUS": 0,
        "SANE": 0,
        "VALID": 0,
        "total": 17872
    },
    "percentage": {
        "ACTIVE": 99.96642793196061,
        "INACTIVE": 0.033818058843422386,
        "INVALID": 0,
        "MALICIOUS": 0,
        "SANE": 0,
        "VALID": 0,
        "total": 100.00024599080403
    }
}