{
    "counter": {
        "ACTIVE": 22877,
        "INACTIVE": 4,
        "INVALID": 0,
        "MALICIOUS": 0,
        "SANE": 0,
        "VALID": 0,
        "total": 22881
    },
    "percentage": {
        "ACTIVE": 99.98251824658013,
        "INACTIVE": 0.023850694651481725,
        "INVALID": 0,
        "MALICIOUS": 0,
        "SANE": 0,
        "VALID": 0,
        "total": 100.00636894123161
    }
}