{
    "counter": {
        "ACTIVE": 17303,
        "INACTIVE": 112,
        "INVALID": 0,
        "MALICIOUS": 0,
        "SANE": 0,
        "VALID": 0,
        "total": 17415
    },
    "percentage": {
        "ACTIVE": 99.35687625610106,
        "INACTIVE": 0.687707233206435,
        "INVALID": 0,
        "MALICIOUS": 0,
        "SANE": 0,
        "VALID": 0,
        "total": 100.0445834893075
    }
}