{
    "counter": {
        "ACTIVE": 12707,
        "INACTIVE": 22,
        "INVALID": 0,
        "MALICIOUS": 0,
        "SANE": 0,
        "VALID": 0,
        "total": 12729
    },
    "percentage": {
        "ACTIVE": 99.82716631314321,
        "INACTIVE": 0.1728336868567837,
        "INVALID": 0.0,
        "MALICIOUS": 0.0,
        "SANE": 0.0,
        "VALID": 0.0,
        "total": 100.0
    }
}