{
    "counter": {
        "ACTIVE": 15738,
        "INACTIVE": 24,
        "INVALID": 0,
        "MALICIOUS": 0,
        "SANE": 0,
        "VALID": 0,
        "total": 15762
    },
    "percentage": {
        "ACTIVE": 99.84773505900266,
        "INACTIVE": 0.1583949313621964,
        "INVALID": 0,
        "MALICIOUS": 0,
        "SANE": 0,
        "VALID": 0,
        "total": 100.00612999036485
    }
}