{
    "counter": {
        "ACTIVE": 16566,
        "INACTIVE": 112,
        "INVALID": 0,
        "MALICIOUS": 0,
        "SANE": 0,
        "VALID": 0,
        "total": 16678
    },
    "percentage": {
        "ACTIVE": 99.32845664947835,
        "INACTIVE": 0.687707233206435,
        "INVALID": 0,
        "MALICIOUS": 0,
        "SANE": 0,
        "VALID": 0,
        "total": 100.0161638826848
    }
}