{
    "counter": {
        "ACTIVE": 2902,
        "INACTIVE": 5,
        "INVALID": 0,
        "MALICIOUS": 0,
        "SANE": 0,
        "VALID": 0,
        "total": 2907
    },
    "percentage": {
        "ACTIVE": 99.82800137598899,
        "INACTIVE": 0.19201228878648233,
        "INVALID": 0,
        "MALICIOUS": 0,
        "SANE": 0,
        "VALID": 0,
        "total": 100.02001366477548
    }
}