{
    "counter": {
        "ACTIVE": 17472,
        "INACTIVE": 53,
        "INVALID": 0,
        "MALICIOUS": 0,
        "SANE": 0,
        "VALID": 0,
        "total": 17525
    },
    "percentage": {
        "ACTIVE": 99.69757489300999,
        "INACTIVE": 0.3036553225621634,
        "INVALID": 0,
        "MALICIOUS": 0,
        "SANE": 0,
        "VALID": 0,
        "total": 100.00123021557215
    }
}