{
    "counter": {
        "ACTIVE": 10657,
        "INACTIVE": 6,
        "INVALID": 0,
        "MALICIOUS": 0,
        "SANE": 0,
        "VALID": 0,
        "total": 10663
    },
    "percentage": {
        "ACTIVE": 99.94373065741348,
        "INACTIVE": 0.20512820512820512,
        "INVALID": 0,
        "MALICIOUS": 0,
        "SANE": 0,
        "VALID": 0,
        "total": 100.14885886254169
    }
}