{
    "counter": {
        "ACTIVE": 29741,
        "INACTIVE": 25,
        "INVALID": 0,
        "MALICIOUS": 0,
        "SANE": 0,
        "VALID": 0,
        "total": 29766
    },
    "percentage": {
        "ACTIVE": 99.91601155680978,
        "INACTIVE": 0.08398844319021703,
        "INVALID": 0.0,
        "MALICIOUS": 0.0,
        "SANE": 0.0,
        "VALID": 0.0,
        "total": 100.0
    }
}