{
    "counter": {
        "ACTIVE": 34144,
        "INACTIVE": 50,
        "INVALID": 0,
        "MALICIOUS": 0,
        "SANE": 0,
        "VALID": 0,
        "total": 34194
    },
    "percentage": {
        "ACTIVE": 99.85377551617243,
        "INACTIVE": 0.14622448382757208,
        "INVALID": 0.0,
        "MALICIOUS": 0.0,
        "SANE": 0.0,
        "VALID": 0.0,
        "total": 100.0
    }
}