{
    "counter": {
        "ACTIVE": 17476,
        "INACTIVE": 53,
        "INVALID": 0,
        "MALICIOUS": 0,
        "SANE": 0,
        "VALID": 0,
        "total": 17529
    },
    "percentage": {
        "ACTIVE": 99.69764390438702,
        "INACTIVE": 0.3036553225621634,
        "INVALID": 0,
        "MALICIOUS": 0,
        "SANE": 0,
        "VALID": 0,
        "total": 100.00129922694919
    }
}