{
    "counter": {
        "ACTIVE": 16335,
        "INACTIVE": 2,
        "INVALID": 0,
        "MALICIOUS": 0,
        "SANE": 0,
        "VALID": 0,
        "total": 16337
    },
    "percentage": {
        "ACTIVE": 99.98775785027851,
        "INACTIVE": 0.013089861901956934,
        "INVALID": 0,
        "MALICIOUS": 0,
        "SANE": 0,
        "VALID": 0,
        "total": 100.00084771218047
    }
}