{
    "counter": {
        "ACTIVE": 16295,
        "INACTIVE": 3,
        "INVALID": 0,
        "MALICIOUS": 0,
        "SANE": 0,
        "VALID": 0,
        "total": 16298
    },
    "percentage": {
        "ACTIVE": 99.9815928334765,
        "INACTIVE": 0.020800110933924983,
        "INVALID": 0,
        "MALICIOUS": 0,
        "SANE": 0,
        "VALID": 0,
        "total": 100.00239294441042
    }
}