{
    "counter": {
        "ACTIVE": 26585,
        "INACTIVE": 6,
        "INVALID": 0,
        "MALICIOUS": 0,
        "SANE": 0,
        "VALID": 0,
        "total": 26591
    },
    "percentage": {
        "ACTIVE": 99.97743597457786,
        "INACTIVE": 0.025296176061385386,
        "INVALID": 0,
        "MALICIOUS": 0,
        "SANE": 0,
        "VALID": 0,
        "total": 100.00273215063925
    }
}