{
    "counter": {
        "ACTIVE": 21970,
        "INACTIVE": 2,
        "INVALID": 0,
        "MALICIOUS": 0,
        "SANE": 0,
        "VALID": 0,
        "total": 21972
    },
    "percentage": {
        "ACTIVE": 99.99089750591662,
        "INACTIVE": 0.009262260917890057,
        "INVALID": 0,
        "MALICIOUS": 0,
        "SANE": 0,
        "VALID": 0,
        "total": 100.00015976683451
    }
}