{
    "counter": {
        "ACTIVE": 31767,
        "INACTIVE": 23,
        "INVALID": 0,
        "MALICIOUS": 0,
        "SANE": 0,
        "VALID": 0,
        "total": 31790
    },
    "percentage": {
        "ACTIVE": 99.92765020446681,
        "INACTIVE": 0.07234979553318653,
        "INVALID": 0.0,
        "MALICIOUS": 0.0,
        "SANE": 0.0,
        "VALID": 0.0,
        "total": 100.0
    }
}