{
    "counter": {
        "ACTIVE": 9828,
        "INACTIVE": 1,
        "INVALID": 0,
        "MALICIOUS": 0,
        "SANE": 0,
        "VALID": 0,
        "total": 9829
    },
    "percentage": {
        "ACTIVE": 99.98982602502798,
        "INACTIVE": 0.01440299582313121,
        "INVALID": 0,
        "MALICIOUS": 0,
        "SANE": 0,
        "VALID": 0,
        "total": 100.00422902085111
    }
}