{
    "counter": {
        "ACTIVE": 10973,
        "INACTIVE": 1,
        "INVALID": 0,
        "MALICIOUS": 0,
        "SANE": 0,
        "VALID": 0,
        "total": 10974
    },
    "percentage": {
        "ACTIVE": 99.99088755239657,
        "INACTIVE": 0.048828125,
        "INVALID": 0,
        "MALICIOUS": 0,
        "SANE": 0,
        "VALID": 0,
        "total": 100.03971567739657
    }
}