{
    "counter": {
        "ACTIVE": 17573,
        "INACTIVE": 2,
        "INVALID": 0,
        "MALICIOUS": 0,
        "SANE": 0,
        "VALID": 0,
        "total": 17575
    },
    "percentage": {
        "ACTIVE": 99.98862019914651,
        "INACTIVE": 0.02247191011235955,
        "INVALID": 0,
        "MALICIOUS": 0,
        "SANE": 0,
        "VALID": 0,
        "total": 100.01109210925887
    }
}