{
    "counter": {
        "ACTIVE": 5347,
        "INACTIVE": 3,
        "INVALID": 0,
        "MALICIOUS": 0,
        "SANE": 0,
        "VALID": 0,
        "total": 5350
    },
    "percentage": {
        "ACTIVE": 99.94392523364486,
        "INACTIVE": 0.07765984985762361,
        "INVALID": 0,
        "MALICIOUS": 0,
        "SANE": 0,
        "VALID": 0,
        "total": 100.02158508350249
    }
}