{
    "counter": {
        "ACTIVE": 26234,
        "INACTIVE": 6,
        "INVALID": 0,
        "MALICIOUS": 0,
        "SANE": 0,
        "VALID": 0,
        "total": 26240
    },
    "percentage": {
        "ACTIVE": 99.97713414634147,
        "INACTIVE": 0.025296176061385386,
        "INVALID": 0,
        "MALICIOUS": 0,
        "SANE": 0,
        "VALID": 0,
        "total": 100.00243032240286
    }
}