{
    "counter": {
        "ACTIVE": 4400,
        "INACTIVE": 6,
        "INVALID": 0,
        "MALICIOUS": 0,
        "SANE": 0,
        "VALID": 0,
        "total": 4406
    },
    "percentage": {
        "ACTIVE": 99.86382206082615,
        "INACTIVE": 0.20512820512820512,
        "INVALID": 0,
        "MALICIOUS": 0,
        "SANE": 0,
        "VALID": 0,
        "total": 100.06895026595436
    }
}