{
    "counter": {
        "ACTIVE": 17665,
        "INACTIVE": 1,
        "INVALID": 0,
        "MALICIOUS": 0,
        "SANE": 0,
        "VALID": 0,
        "total": 17666
    },
    "percentage": {
        "ACTIVE": 99.9943394090343,
        "INACTIVE": 0.014553922282055013,
        "INVALID": 0,
        "MALICIOUS": 0,
        "SANE": 0,
        "VALID": 0,
        "total": 100.00889333131636
    }
}