{
    "counter": {
        "ACTIVE": 17779,
        "INACTIVE": 4,
        "INVALID": 0,
        "MALICIOUS": 0,
        "SANE": 0,
        "VALID": 0,
        "total": 17783
    },
    "percentage": {
        "ACTIVE": 99.97750660743407,
        "INACTIVE": 0.06720430107526881,
        "INVALID": 0,
        "MALICIOUS": 0,
        "SANE": 0,
        "VALID": 0,
        "total": 100.04471090850933
    }
}