{
    "counter": {
        "ACTIVE": 17517,
        "INACTIVE": 2,
        "INVALID": 0,
        "MALICIOUS": 0,
        "SANE": 0,
        "VALID": 0,
        "total": 17519
    },
    "percentage": {
        "ACTIVE": 99.98858382327758,
        "INACTIVE": 0.01142791840466259,
        "INVALID": 0,
        "MALICIOUS": 0,
        "SANE": 0,
        "VALID": 0,
        "total": 100.00001174168224
    }
}