{
    "counter": {
        "ACTIVE": 13533,
        "INACTIVE": 1,
        "INVALID": 0,
        "MALICIOUS": 0,
        "SANE": 0,
        "VALID": 0,
        "total": 13534
    },
    "percentage": {
        "ACTIVE": 99.99261120141865,
        "INACTIVE": 0.012289541600098316,
        "INVALID": 0,
        "MALICIOUS": 0,
        "SANE": 0,
        "VALID": 0,
        "total": 100.00490074301875
    }
}