{
    "counter": {
        "ACTIVE": 14802,
        "INACTIVE": 1,
        "INVALID": 0,
        "MALICIOUS": 0,
        "SANE": 0,
        "VALID": 0,
        "total": 14803
    },
    "percentage": {
        "ACTIVE": 99.99324461257854,
        "INACTIVE": 0.009317927692881103,
        "INVALID": 0,
        "MALICIOUS": 0,
        "SANE": 0,
        "VALID": 0,
        "total": 100.00256254027141
    }
}