{
    "counter": {
        "ACTIVE": 32691,
        "INACTIVE": 1,
        "INVALID": 0,
        "MALICIOUS": 0,
        "SANE": 0,
        "VALID": 0,
        "total": 32692
    },
    "percentage": {
        "ACTIVE": 99.99694114768138,
        "INACTIVE": 0.0030588523186100575,
        "INVALID": 0.0,
        "MALICIOUS": 0.0,
        "SANE": 0.0,
        "VALID": 0.0,
        "total": 100.0
    }
}