{
    "counter": {
        "ACTIVE": 17484,
        "INACTIVE": 3,
        "INVALID": 0,
        "MALICIOUS": 0,
        "SANE": 0,
        "VALID": 0,
        "total": 17487
    },
    "percentage": {
        "ACTIVE": 99.98284439869617,
        "INACTIVE": 0.0171556013038257,
        "INVALID": 0.0,
        "MALICIOUS": 0.0,
        "SANE": 0.0,
        "VALID": 0.0,
        "total": 100.0
    }
}