{
    "counter": {
        "ACTIVE": 17603,
        "INACTIVE": 4,
        "INVALID": 0,
        "MALICIOUS": 0,
        "SANE": 0,
        "VALID": 0,
        "total": 17607
    },
    "percentage": {
        "ACTIVE": 99.97728176293519,
        "INACTIVE": 0.023144130070010992,
        "INVALID": 0,
        "MALICIOUS": 0,
        "SANE": 0,
        "VALID": 0,
        "total": 100.0004258930052
    }
}