{
    "counter": {
        "ACTIVE": 22113,
        "INACTIVE": 4,
        "INVALID": 0,
        "MALICIOUS": 0,
        "SANE": 0,
        "VALID": 0,
        "total": 22117
    },
    "percentage": {
        "ACTIVE": 99.98191436451599,
        "INACTIVE": 0.06720430107526881,
        "INVALID": 0,
        "MALICIOUS": 0,
        "SANE": 0,
        "VALID": 0,
        "total": 100.04911866559125
    }
}