{
    "counter": {
        "ACTIVE": 4975,
        "INACTIVE": 606,
        "INVALID": 0,
        "MALICIOUS": 0,
        "SANE": 0,
        "VALID": 0,
        "total": 5581
    },
    "percentage": {
        "ACTIVE": 89.14173087260347,
        "INACTIVE": 10.858269127396524,
        "INVALID": 0.0,
        "MALICIOUS": 0.0,
        "SANE": 0.0,
        "VALID": 0.0,
        "total": 100.0
    }
}