{
    "counter": {
        "ACTIVE": 17779,
        "INACTIVE": 4,
        "INVALID": 0,
        "MALICIOUS": 0,
        "SANE": 0,
        "VALID": 0,
        "total": 17783
    },
    "percentage": {
        "ACTIVE": 99.97750660743407,
        "INACTIVE": 0.023850694651481725,
        "INVALID": 0,
        "MALICIOUS": 0,
        "SANE": 0,
        "VALID": 0,
        "total": 100.00135730208555
    }
}