{
    "counter": {
        "ACTIVE": 44676,
        "INACTIVE": 11,
        "INVALID": 0,
        "MALICIOUS": 0,
        "SANE": 0,
        "VALID": 0,
        "total": 44687
    },
    "percentage": {
        "ACTIVE": 99.97538433996465,
        "INACTIVE": 0.024615660035357038,
        "INVALID": 0.0,
        "MALICIOUS": 0.0,
        "SANE": 0.0,
        "VALID": 0.0,
        "total": 100.0
    }
}