{
    "counter": {
        "ACTIVE": 16272,
        "INACTIVE": 31,
        "INVALID": 0,
        "MALICIOUS": 0,
        "SANE": 0,
        "VALID": 0,
        "total": 16303
    },
    "percentage": {
        "ACTIVE": 99.80985094767834,
        "INACTIVE": 0.1909572502155969,
        "INVALID": 0,
        "MALICIOUS": 0,
        "SANE": 0,
        "VALID": 0,
        "total": 100.00080819789395
    }
}