{
    "counter": {
        "ACTIVE": 18058,
        "INACTIVE": 4,
        "INVALID": 0,
        "MALICIOUS": 0,
        "SANE": 0,
        "VALID": 0,
        "total": 18062
    },
    "percentage": {
        "ACTIVE": 99.97785405824382,
        "INACTIVE": 0.023850694651481725,
        "INVALID": 0,
        "MALICIOUS": 0,
        "SANE": 0,
        "VALID": 0,
        "total": 100.00170475289531
    }
}