{
    "counter": {
        "ACTIVE": 9764,
        "INACTIVE": 1,
        "INVALID": 0,
        "MALICIOUS": 0,
        "SANE": 0,
        "VALID": 0,
        "total": 9765
    },
    "percentage": {
        "ACTIVE": 99.98975934459806,
        "INACTIVE": 0.014448779078167894,
        "INVALID": 0,
        "MALICIOUS": 0,
        "SANE": 0,
        "VALID": 0,
        "total": 100.00420812367622
    }
}