{
    "counter": {
        "ACTIVE": 8671,
        "INACTIVE": 1,
        "INVALID": 0,
        "MALICIOUS": 0,
        "SANE": 0,
        "VALID": 0,
        "total": 8672
    },
    "percentage": {
        "ACTIVE": 99.98846863468634,
        "INACTIVE": 0.048828125,
        "INVALID": 0,
        "MALICIOUS": 0,
        "SANE": 0,
        "VALID": 0,
        "total": 100.03729675968634
    }
}