{
    "counter": {
        "ACTIVE": 16932,
        "INACTIVE": 2,
        "INVALID": 0,
        "MALICIOUS": 0,
        "SANE": 0,
        "VALID": 0,
        "total": 16934
    },
    "percentage": {
        "ACTIVE": 99.98818944136057,
        "INACTIVE": 0.02247191011235955,
        "INVALID": 0,
        "MALICIOUS": 0,
        "SANE": 0,
        "VALID": 0,
        "total": 100.01066135147293
    }
}