{
    "counter": {
        "ACTIVE": 17574,
        "INACTIVE": 29,
        "INVALID": 0,
        "MALICIOUS": 0,
        "SANE": 0,
        "VALID": 0,
        "total": 17603
    },
    "percentage": {
        "ACTIVE": 99.83525535420098,
        "INACTIVE": 0.1659513590844063,
        "INVALID": 0,
        "MALICIOUS": 0,
        "SANE": 0,
        "VALID": 0,
        "total": 100.00120671328538
    }
}