{
    "counter": {
        "ACTIVE": 17659,
        "INACTIVE": 114,
        "INVALID": 0,
        "MALICIOUS": 0,
        "SANE": 0,
        "VALID": 0,
        "total": 17773
    },
    "percentage": {
        "ACTIVE": 99.35857761773477,
        "INACTIVE": 0.6436677770876856,
        "INVALID": 0,
        "MALICIOUS": 0,
        "SANE": 0,
        "VALID": 0,
        "total": 100.00224539482245
    }
}