{
    "counter": {
        "ACTIVE": 17209,
        "INACTIVE": 1,
        "INVALID": 0,
        "MALICIOUS": 0,
        "SANE": 0,
        "VALID": 0,
        "total": 17210
    },
    "percentage": {
        "ACTIVE": 99.99418942475305,
        "INACTIVE": 0.012289541600098316,
        "INVALID": 0,
        "MALICIOUS": 0,
        "SANE": 0,
        "VALID": 0,
        "total": 100.00647896635314
    }
}