{
    "counter": {
        "ACTIVE": 17576,
        "INACTIVE": 113,
        "INVALID": 0,
        "MALICIOUS": 0,
        "SANE": 0,
        "VALID": 0,
        "total": 17689
    },
    "percentage": {
        "ACTIVE": 99.36118491718017,
        "INACTIVE": 0.6391402714932126,
        "INVALID": 0,
        "MALICIOUS": 0,
        "SANE": 0,
        "VALID": 0,
        "total": 100.00032518867339
    }
}