{
    "counter": {
        "ACTIVE": 9630,
        "INACTIVE": 2,
        "INVALID": 0,
        "MALICIOUS": 0,
        "SANE": 0,
        "VALID": 0,
        "total": 9632
    },
    "percentage": {
        "ACTIVE": 99.97923588039868,
        "INACTIVE": 0.02875215641173088,
        "INVALID": 0,
        "MALICIOUS": 0,
        "SANE": 0,
        "VALID": 0,
        "total": 100.0079880368104
    }
}