{
    "counter": {
        "ACTIVE": 17696,
        "INACTIVE": 5,
        "INVALID": 0,
        "MALICIOUS": 0,
        "SANE": 0,
        "VALID": 0,
        "total": 17701
    },
    "percentage": {
        "ACTIVE": 99.97175300830462,
        "INACTIVE": 0.02881180131381814,
        "INVALID": 0,
        "MALICIOUS": 0,
        "SANE": 0,
        "VALID": 0,
        "total": 100.00056480961844
    }
}