{
    "counter": {
        "ACTIVE": 13795,
        "INACTIVE": 3,
        "INVALID": 0,
        "MALICIOUS": 0,
        "SANE": 0,
        "VALID": 0,
        "total": 13798
    },
    "percentage": {
        "ACTIVE": 99.97825771850992,
        "INACTIVE": 0.026162030173541465,
        "INVALID": 0,
        "MALICIOUS": 0,
        "SANE": 0,
        "VALID": 0,
        "total": 100.00441974868346
    }
}