{
    "counter": {
        "ACTIVE": 14655,
        "INACTIVE": 1255,
        "INVALID": 0,
        "MALICIOUS": 0,
        "SANE": 0,
        "VALID": 0,
        "total": 15910
    },
    "percentage": {
        "ACTIVE": 92.11187932118165,
        "INACTIVE": 7.888120678818353,
        "INVALID": 0.0,
        "MALICIOUS": 0.0,
        "SANE": 0.0,
        "VALID": 0.0,
        "total": 100.0
    }
}