{
    "counter": {
        "ACTIVE": 17604,
        "INACTIVE": 2,
        "INVALID": 0,
        "MALICIOUS": 0,
        "SANE": 0,
        "VALID": 0,
        "total": 17606
    },
    "percentage": {
        "ACTIVE": 99.98864023628309,
        "INACTIVE": 0.02247191011235955,
        "INVALID": 0,
        "MALICIOUS": 0,
        "SANE": 0,
        "VALID": 0,
        "total": 100.01111214639545
    }
}