{
    "counter": {
        "ACTIVE": 44515,
        "INACTIVE": 5,
        "INVALID": 0,
        "MALICIOUS": 0,
        "SANE": 0,
        "VALID": 0,
        "total": 44520
    },
    "percentage": {
        "ACTIVE": 99.98876909254268,
        "INACTIVE": 0.011230907457322551,
        "INVALID": 0.0,
        "MALICIOUS": 0.0,
        "SANE": 0.0,
        "VALID": 0.0,
        "total": 100.0
    }
}