{
    "counter": {
        "ACTIVE": 12822,
        "INACTIVE": 107,
        "INVALID": 0,
        "MALICIOUS": 0,
        "SANE": 0,
        "VALID": 0,
        "total": 12929
    },
    "percentage": {
        "ACTIVE": 99.17240312475829,
        "INACTIVE": 0.9132809832707409,
        "INVALID": 0,
        "MALICIOUS": 0,
        "SANE": 0,
        "VALID": 0,
        "total": 100.08568410802903
    }
}