{
    "counter": {
        "ACTIVE": 17442,
        "INACTIVE": 3,
        "INVALID": 0,
        "MALICIOUS": 0,
        "SANE": 0,
        "VALID": 0,
        "total": 17445
    },
    "percentage": {
        "ACTIVE": 99.98280309544282,
        "INACTIVE": 0.017196904557179708,
        "INVALID": 0.0,
        "MALICIOUS": 0.0,
        "SANE": 0.0,
        "VALID": 0.0,
        "total": 100.0
    }
}