{
    "counter": {
        "ACTIVE": 17251,
        "INACTIVE": 3,
        "INVALID": 0,
        "MALICIOUS": 0,
        "SANE": 0,
        "VALID": 0,
        "total": 17254
    },
    "percentage": {
        "ACTIVE": 99.98261272748348,
        "INACTIVE": 0.017763041032624785,
        "INVALID": 0,
        "MALICIOUS": 0,
        "SANE": 0,
        "VALID": 0,
        "total": 100.00037576851611
    }
}