{
    "counter": {
        "ACTIVE": 41319,
        "INACTIVE": 5,
        "INVALID": 0,
        "MALICIOUS": 0,
        "SANE": 0,
        "VALID": 0,
        "total": 41324
    },
    "percentage": {
        "ACTIVE": 99.98790049365986,
        "INACTIVE": 0.012099506340141323,
        "INVALID": 0.0,
        "MALICIOUS": 0.0,
        "SANE": 0.0,
        "VALID": 0.0,
        "total": 100.0
    }
}