{
    "counter": {
        "ACTIVE": 41758,
        "INACTIVE": 12,
        "INVALID": 0,
        "MALICIOUS": 0,
        "SANE": 0,
        "VALID": 0,
        "total": 41770
    },
    "percentage": {
        "ACTIVE": 99.97127124730667,
        "INACTIVE": 0.028728752693320564,
        "INVALID": 0.0,
        "MALICIOUS": 0.0,
        "SANE": 0.0,
        "VALID": 0.0,
        "total": 100.0
    }
}