{
    "counter": {
        "ACTIVE": 16014,
        "INACTIVE": 1718,
        "INVALID": 0,
        "MALICIOUS": 0,
        "SANE": 0,
        "VALID": 0,
        "total": 17732
    },
    "percentage": {
        "ACTIVE": 90.31130160162418,
        "INACTIVE": 9.688698398375818,
        "INVALID": 0.0,
        "MALICIOUS": 0.0,
        "SANE": 0.0,
        "VALID": 0.0,
        "total": 100.0
    }
}