{
    "counter": {
        "ACTIVE": 16353,
        "INACTIVE": 4,
        "INVALID": 0,
        "MALICIOUS": 0,
        "SANE": 0,
        "VALID": 0,
        "total": 16357
    },
    "percentage": {
        "ACTIVE": 99.97554563795318,
        "INACTIVE": 0.06720430107526881,
        "INVALID": 0,
        "MALICIOUS": 0,
        "SANE": 0,
        "VALID": 0,
        "total": 100.04274993902844
    }
}