{
    "counter": {
        "ACTIVE": 2851,
        "INACTIVE": 15,
        "INVALID": 0,
        "MALICIOUS": 0,
        "SANE": 0,
        "VALID": 0,
        "total": 2866
    },
    "percentage": {
        "ACTIVE": 99.47662247034194,
        "INACTIVE": 0.8976660682226212,
        "INVALID": 0,
        "MALICIOUS": 0,
        "SANE": 0,
        "VALID": 0,
        "total": 100.37428853856456
    }
}