{
    "counter": {
        "ACTIVE": 12513,
        "INACTIVE": 27,
        "INVALID": 0,
        "MALICIOUS": 0,
        "SANE": 0,
        "VALID": 0,
        "total": 12540
    },
    "percentage": {
        "ACTIVE": 99.7846889952153,
        "INACTIVE": 0.24581209031318282,
        "INVALID": 0,
        "MALICIOUS": 0,
        "SANE": 0,
        "VALID": 0,
        "total": 100.03050108552848
    }
}