{
    "counter": {
        "ACTIVE": 17584,
        "INACTIVE": 1,
        "INVALID": 0,
        "MALICIOUS": 0,
        "SANE": 0,
        "VALID": 0,
        "total": 17585
    },
    "percentage": {
        "ACTIVE": 99.9943133352289,
        "INACTIVE": 0.014553922282055013,
        "INVALID": 0,
        "MALICIOUS": 0,
        "SANE": 0,
        "VALID": 0,
        "total": 100.00886725751096
    }
}