{
    "counter": {
        "ACTIVE": 13273,
        "INACTIVE": 84,
        "INVALID": 0,
        "MALICIOUS": 0,
        "SANE": 0,
        "VALID": 0,
        "total": 13357
    },
    "percentage": {
        "ACTIVE": 99.3711162686232,
        "INACTIVE": 0.6667195809191205,
        "INVALID": 0,
        "MALICIOUS": 0,
        "SANE": 0,
        "VALID": 0,
        "total": 100.03783584954232
    }
}