{
    "counter": {
        "ACTIVE": 10913,
        "INACTIVE": 4,
        "INVALID": 0,
        "MALICIOUS": 0,
        "SANE": 0,
        "VALID": 0,
        "total": 10917
    },
    "percentage": {
        "ACTIVE": 99.96335989740771,
        "INACTIVE": 0.06720430107526881,
        "INVALID": 0,
        "MALICIOUS": 0,
        "SANE": 0,
        "VALID": 0,
        "total": 100.03056419848298
    }
}