{
    "counter": {
        "ACTIVE": 17454,
        "INACTIVE": 2,
        "INVALID": 0,
        "MALICIOUS": 0,
        "SANE": 0,
        "VALID": 0,
        "total": 17456
    },
    "percentage": {
        "ACTIVE": 99.98854262144822,
        "INACTIVE": 0.013089861901956934,
        "INVALID": 0,
        "MALICIOUS": 0,
        "SANE": 0,
        "VALID": 0,
        "total": 100.00163248335018
    }
}