{
    "counter": {
        "ACTIVE": 41834,
        "INACTIVE": 36,
        "INVALID": 0,
        "MALICIOUS": 0,
        "SANE": 0,
        "VALID": 0,
        "total": 41870
    },
    "percentage": {
        "ACTIVE": 99.91401958442799,
        "INACTIVE": 0.0859804155720086,
        "INVALID": 0.0,
        "MALICIOUS": 0.0,
        "SANE": 0.0,
        "VALID": 0.0,
        "total": 100.0
    }
}