{
    "counter": {
        "ACTIVE": 17058,
        "INACTIVE": 4,
        "INVALID": 0,
        "MALICIOUS": 0,
        "SANE": 0,
        "VALID": 0,
        "total": 17062
    },
    "percentage": {
        "ACTIVE": 99.97655608955574,
        "INACTIVE": 0.023850694651481725,
        "INVALID": 0,
        "MALICIOUS": 0,
        "SANE": 0,
        "VALID": 0,
        "total": 100.00040678420723
    }
}