{
    "counter": {
        "ACTIVE": 22986,
        "INACTIVE": 4,
        "INVALID": 0,
        "MALICIOUS": 0,
        "SANE": 0,
        "VALID": 0,
        "total": 22990
    },
    "percentage": {
        "ACTIVE": 99.98260113092648,
        "INACTIVE": 0.06720430107526881,
        "INVALID": 0,
        "MALICIOUS": 0,
        "SANE": 0,
        "VALID": 0,
        "total": 100.04980543200175
    }
}