{
    "counter": {
        "ACTIVE": 17801,
        "INACTIVE": 4,
        "INVALID": 0,
        "MALICIOUS": 0,
        "SANE": 0,
        "VALID": 0,
        "total": 17805
    },
    "percentage": {
        "ACTIVE": 99.97753440044931,
        "INACTIVE": 0.06720430107526881,
        "INVALID": 0,
        "MALICIOUS": 0,
        "SANE": 0,
        "VALID": 0,
        "total": 100.04473870152458
    }
}