{
    "counter": {
        "ACTIVE": 15805,
        "INACTIVE": 3,
        "INVALID": 0,
        "MALICIOUS": 0,
        "SANE": 0,
        "VALID": 0,
        "total": 15808
    },
    "percentage": {
        "ACTIVE": 99.98102226720648,
        "INACTIVE": 0.026162030173541465,
        "INVALID": 0,
        "MALICIOUS": 0,
        "SANE": 0,
        "VALID": 0,
        "total": 100.00718429738002
    }
}