{
    "counter": {
        "ACTIVE": 11513,
        "INACTIVE": 27,
        "INVALID": 0,
        "MALICIOUS": 0,
        "SANE": 0,
        "VALID": 0,
        "total": 11540
    },
    "percentage": {
        "ACTIVE": 99.76603119584055,
        "INACTIVE": 0.24581209031318282,
        "INVALID": 0,
        "MALICIOUS": 0,
        "SANE": 0,
        "VALID": 0,
        "total": 100.01184328615373
    }
}