{
    "counter": {
        "ACTIVE": 45830,
        "INACTIVE": 795,
        "INVALID": 0,
        "MALICIOUS": 0,
        "SANE": 0,
        "VALID": 0,
        "total": 46625
    },
    "percentage": {
        "ACTIVE": 98.29490616621985,
        "INACTIVE": 1.7050938337801609,
        "INVALID": 0.0,
        "MALICIOUS": 0.0,
        "SANE": 0.0,
        "VALID": 0.0,
        "total": 100.0
    }
}