{
    "counter": {
        "ACTIVE": 17262,
        "INACTIVE": 3,
        "INVALID": 0,
        "MALICIOUS": 0,
        "SANE": 0,
        "VALID": 0,
        "total": 17265
    },
    "percentage": {
        "ACTIVE": 99.98262380538662,
        "INACTIVE": 0.01737619461337967,
        "INVALID": 0.0,
        "MALICIOUS": 0.0,
        "SANE": 0.0,
        "VALID": 0.0,
        "total": 100.0
    }
}