{
    "counter": {
        "ACTIVE": 41323,
        "INACTIVE": 1,
        "INVALID": 0,
        "MALICIOUS": 0,
        "SANE": 0,
        "VALID": 0,
        "total": 41324
    },
    "percentage": {
        "ACTIVE": 99.99758009873197,
        "INACTIVE": 0.0024199012680282644,
        "INVALID": 0.0,
        "MALICIOUS": 0.0,
        "SANE": 0.0,
        "VALID": 0.0,
        "total": 100.0
    }
}