{
    "counter": {
        "ACTIVE": 32071,
        "INACTIVE": 31,
        "INVALID": 0,
        "MALICIOUS": 0,
        "SANE": 0,
        "VALID": 0,
        "total": 32102
    },
    "percentage": {
        "ACTIVE": 99.90343280792474,
        "INACTIVE": 0.09656719207526011,
        "INVALID": 0.0,
        "MALICIOUS": 0.0,
        "SANE": 0.0,
        "VALID": 0.0,
        "total": 100.0
    }
}