{
    "counter": {
        "ACTIVE": 16072,
        "INACTIVE": 1,
        "INVALID": 0,
        "MALICIOUS": 0,
        "SANE": 0,
        "VALID": 0,
        "total": 16073
    },
    "percentage": {
        "ACTIVE": 99.99377838611336,
        "INACTIVE": 0.012289541600098316,
        "INVALID": 0,
        "MALICIOUS": 0,
        "SANE": 0,
        "VALID": 0,
        "total": 100.00606792771346
    }
}