{
    "counter": {
        "ACTIVE": 17413,
        "INACTIVE": 1,
        "INVALID": 0,
        "MALICIOUS": 0,
        "SANE": 0,
        "VALID": 0,
        "total": 17414
    },
    "percentage": {
        "ACTIVE": 99.99425749397037,
        "INACTIVE": 0.014553922282055013,
        "INVALID": 0,
        "MALICIOUS": 0,
        "SANE": 0,
        "VALID": 0,
        "total": 100.00881141625243
    }
}