{
    "counter": {
        "ACTIVE": 16645,
        "INACTIVE": 1,
        "INVALID": 0,
        "MALICIOUS": 0,
        "SANE": 0,
        "VALID": 0,
        "total": 16646
    },
    "percentage": {
        "ACTIVE": 99.99399255076294,
        "INACTIVE": 0.006535520554212143,
        "INVALID": 0,
        "MALICIOUS": 0,
        "SANE": 0,
        "VALID": 0,
        "total": 100.00052807131715
    }
}