{
    "counter": {
        "ACTIVE": 41321,
        "INACTIVE": 13,
        "INVALID": 0,
        "MALICIOUS": 0,
        "SANE": 0,
        "VALID": 0,
        "total": 41334
    },
    "percentage": {
        "ACTIVE": 99.96854889437267,
        "INACTIVE": 0.03145110562732859,
        "INVALID": 0.0,
        "MALICIOUS": 0.0,
        "SANE": 0.0,
        "VALID": 0.0,
        "total": 100.0
    }
}