{
    "counter": {
        "ACTIVE": 17233,
        "INACTIVE": 2,
        "INVALID": 0,
        "MALICIOUS": 0,
        "SANE": 0,
        "VALID": 0,
        "total": 17235
    },
    "percentage": {
        "ACTIVE": 99.98839570641137,
        "INACTIVE": 0.02247191011235955,
        "INVALID": 0,
        "MALICIOUS": 0,
        "SANE": 0,
        "VALID": 0,
        "total": 100.01086761652373
    }
}