{
    "counter": {
        "ACTIVE": 41334,
        "INACTIVE": 2,
        "INVALID": 0,
        "MALICIOUS": 0,
        "SANE": 0,
        "VALID": 0,
        "total": 41336
    },
    "percentage": {
        "ACTIVE": 99.99516160247725,
        "INACTIVE": 0.0048383975227404685,
        "INVALID": 0.0,
        "MALICIOUS": 0.0,
        "SANE": 0.0,
        "VALID": 0.0,
        "total": 100.0
    }
}