{
    "counter": {
        "ACTIVE": 14412,
        "INACTIVE": 2,
        "INVALID": 0,
        "MALICIOUS": 0,
        "SANE": 0,
        "VALID": 0,
        "total": 14414
    },
    "percentage": {
        "ACTIVE": 99.98612460108228,
        "INACTIVE": 0.017146776406035666,
        "INVALID": 0,
        "MALICIOUS": 0,
        "SANE": 0,
        "VALID": 0,
        "total": 100.00327137748832
    }
}