{
    "counter": {
        "ACTIVE": 14585,
        "INACTIVE": 43,
        "INVALID": 0,
        "MALICIOUS": 0,
        "SANE": 0,
        "VALID": 0,
        "total": 14628
    },
    "percentage": {
        "ACTIVE": 99.70604320481269,
        "INACTIVE": 0.32602926681325345,
        "INVALID": 0,
        "MALICIOUS": 0,
        "SANE": 0,
        "VALID": 0,
        "total": 100.03207247162594
    }
}