{
    "counter": {
        "ACTIVE": 17462,
        "INACTIVE": 3,
        "INVALID": 0,
        "MALICIOUS": 0,
        "SANE": 0,
        "VALID": 0,
        "total": 17465
    },
    "percentage": {
        "ACTIVE": 99.982822788434,
        "INACTIVE": 0.017763041032624785,
        "INVALID": 0,
        "MALICIOUS": 0,
        "SANE": 0,
        "VALID": 0,
        "total": 100.00058582946663
    }
}