{
    "counter": {
        "ACTIVE": 15880,
        "INACTIVE": 3,
        "INVALID": 0,
        "MALICIOUS": 0,
        "SANE": 0,
        "VALID": 0,
        "total": 15883
    },
    "percentage": {
        "ACTIVE": 99.98111188062708,
        "INACTIVE": 0.020800110933924983,
        "INVALID": 0,
        "MALICIOUS": 0,
        "SANE": 0,
        "VALID": 0,
        "total": 100.001911991561
    }
}