{
    "counter": {
        "ACTIVE": 14514,
        "INACTIVE": 1,
        "INVALID": 0,
        "MALICIOUS": 0,
        "SANE": 0,
        "VALID": 0,
        "total": 14515
    },
    "percentage": {
        "ACTIVE": 99.99311057526697,
        "INACTIVE": 0.012289541600098316,
        "INVALID": 0,
        "MALICIOUS": 0,
        "SANE": 0,
        "VALID": 0,
        "total": 100.00540011686707
    }
}