{
    "counter": {
        "ACTIVE": 14282,
        "INACTIVE": 1143,
        "INVALID": 0,
        "MALICIOUS": 0,
        "SANE": 0,
        "VALID": 0,
        "total": 15425
    },
    "percentage": {
        "ACTIVE": 92.58995137763371,
        "INACTIVE": 7.410048622366289,
        "INVALID": 0.0,
        "MALICIOUS": 0.0,
        "SANE": 0.0,
        "VALID": 0.0,
        "total": 100.0
    }
}