{
    "counter": {
        "ACTIVE": 33702,
        "INACTIVE": 41,
        "INVALID": 0,
        "MALICIOUS": 0,
        "SANE": 0,
        "VALID": 0,
        "total": 33743
    },
    "percentage": {
        "ACTIVE": 99.87849331713244,
        "INACTIVE": 0.12150668286755771,
        "INVALID": 0.0,
        "MALICIOUS": 0.0,
        "SANE": 0.0,
        "VALID": 0.0,
        "total": 100.0
    }
}