{
    "counter": {
        "ACTIVE": 8659,
        "INACTIVE": 4,
        "INVALID": 0,
        "MALICIOUS": 0,
        "SANE": 0,
        "VALID": 0,
        "total": 8663
    },
    "percentage": {
        "ACTIVE": 99.95382661895417,
        "INACTIVE": 0.05685048322910745,
        "INVALID": 0,
        "MALICIOUS": 0,
        "SANE": 0,
        "VALID": 0,
        "total": 100.01067710218328
    }
}