{
    "counter": {
        "ACTIVE": 12415,
        "INACTIVE": 2,
        "INVALID": 0,
        "MALICIOUS": 0,
        "SANE": 0,
        "VALID": 0,
        "total": 12417
    },
    "percentage": {
        "ACTIVE": 99.983893049851,
        "INACTIVE": 0.017146776406035666,
        "INVALID": 0,
        "MALICIOUS": 0,
        "SANE": 0,
        "VALID": 0,
        "total": 100.00103982625704
    }
}