{
    "counter": {
        "ACTIVE": 15559,
        "INACTIVE": 4,
        "INVALID": 0,
        "MALICIOUS": 0,
        "SANE": 0,
        "VALID": 0,
        "total": 15563
    },
    "percentage": {
        "ACTIVE": 99.97429801452162,
        "INACTIVE": 0.06720430107526881,
        "INVALID": 0,
        "MALICIOUS": 0,
        "SANE": 0,
        "VALID": 0,
        "total": 100.04150231559689
    }
}