{
    "counter": {
        "ACTIVE": 32417,
        "INACTIVE": 16,
        "INVALID": 0,
        "MALICIOUS": 0,
        "SANE": 0,
        "VALID": 0,
        "total": 32433
    },
    "percentage": {
        "ACTIVE": 99.9506675299849,
        "INACTIVE": 0.04933247001510807,
        "INVALID": 0.0,
        "MALICIOUS": 0.0,
        "SANE": 0.0,
        "VALID": 0.0,
        "total": 100.0
    }
}