{
    "counter": {
        "ACTIVE": 16233,
        "INACTIVE": 1,
        "INVALID": 0,
        "MALICIOUS": 0,
        "SANE": 0,
        "VALID": 0,
        "total": 16234
    },
    "percentage": {
        "ACTIVE": 99.99384008870273,
        "INACTIVE": 0.009317927692881103,
        "INVALID": 0,
        "MALICIOUS": 0,
        "SANE": 0,
        "VALID": 0,
        "total": 100.0031580163956
    }
}