{
    "counter": {
        "ACTIVE": 17523,
        "INACTIVE": 6,
        "INVALID": 0,
        "MALICIOUS": 0,
        "SANE": 0,
        "VALID": 0,
        "total": 17529
    },
    "percentage": {
        "ACTIVE": 99.96577100804382,
        "INACTIVE": 0.20512820512820512,
        "INVALID": 0,
        "MALICIOUS": 0,
        "SANE": 0,
        "VALID": 0,
        "total": 100.17089921317202
    }
}