{
    "counter": {
        "ACTIVE": 17134,
        "INACTIVE": 4,
        "INVALID": 0,
        "MALICIOUS": 0,
        "SANE": 0,
        "VALID": 0,
        "total": 17138
    },
    "percentage": {
        "ACTIVE": 99.97666005368188,
        "INACTIVE": 0.02374309966166083,
        "INVALID": 0,
        "MALICIOUS": 0,
        "SANE": 0,
        "VALID": 0,
        "total": 100.00040315334354
    }
}