{
    "counter": {
        "ACTIVE": 23041,
        "INACTIVE": 4,
        "INVALID": 0,
        "MALICIOUS": 0,
        "SANE": 0,
        "VALID": 0,
        "total": 23045
    },
    "percentage": {
        "ACTIVE": 99.98264265567369,
        "INACTIVE": 0.06720430107526881,
        "INVALID": 0,
        "MALICIOUS": 0,
        "SANE": 0,
        "VALID": 0,
        "total": 100.04984695674895
    }
}