{
    "counter": {
        "ACTIVE": 17668,
        "INACTIVE": 114,
        "INVALID": 0,
        "MALICIOUS": 0,
        "SANE": 0,
        "VALID": 0,
        "total": 17782
    },
    "percentage": {
        "ACTIVE": 99.35890226071308,
        "INACTIVE": 0.6436677770876856,
        "INVALID": 0,
        "MALICIOUS": 0,
        "SANE": 0,
        "VALID": 0,
        "total": 100.00257003780077
    }
}