{
    "counter": {
        "ACTIVE": 17528,
        "INACTIVE": 1,
        "INVALID": 0,
        "MALICIOUS": 0,
        "SANE": 0,
        "VALID": 0,
        "total": 17529
    },
    "percentage": {
        "ACTIVE": 99.9942951680073,
        "INACTIVE": 0.014553922282055013,
        "INVALID": 0,
        "MALICIOUS": 0,
        "SANE": 0,
        "VALID": 0,
        "total": 100.00884909028936
    }
}