{
    "counter": {
        "ACTIVE": 17572,
        "INACTIVE": 3,
        "INVALID": 0,
        "MALICIOUS": 0,
        "SANE": 0,
        "VALID": 0,
        "total": 17575
    },
    "percentage": {
        "ACTIVE": 99.98293029871978,
        "INACTIVE": 0.017069701280227598,
        "INVALID": 0.0,
        "MALICIOUS": 0.0,
        "SANE": 0.0,
        "VALID": 0.0,
        "total": 100.0
    }
}