{
    "counter": {
        "ACTIVE": 10057,
        "INACTIVE": 10,
        "INVALID": 0,
        "MALICIOUS": 0,
        "SANE": 0,
        "VALID": 0,
        "total": 10067
    },
    "percentage": {
        "ACTIVE": 99.90066554087613,
        "INACTIVE": 0.10329511414110112,
        "INVALID": 0,
        "MALICIOUS": 0,
        "SANE": 0,
        "VALID": 0,
        "total": 100.00396065501724
    }
}