{
    "counter": {
        "ACTIVE": 13331,
        "INACTIVE": 43,
        "INVALID": 0,
        "MALICIOUS": 0,
        "SANE": 0,
        "VALID": 0,
        "total": 13374
    },
    "percentage": {
        "ACTIVE": 99.6784806340661,
        "INACTIVE": 0.32602926681325345,
        "INVALID": 0,
        "MALICIOUS": 0,
        "SANE": 0,
        "VALID": 0,
        "total": 100.00450990087936
    }
}