{
    "counter": {
        "ACTIVE": 10265,
        "INACTIVE": 972,
        "INVALID": 0,
        "MALICIOUS": 0,
        "SANE": 0,
        "VALID": 0,
        "total": 11237
    },
    "percentage": {
        "ACTIVE": 91.3500044495862,
        "INACTIVE": 8.649995550413811,
        "INVALID": 0.0,
        "MALICIOUS": 0.0,
        "SANE": 0.0,
        "VALID": 0.0,
        "total": 100.0
    }
}