{
    "counter": {
        "ACTIVE": 7222,
        "INACTIVE": 11,
        "INVALID": 0,
        "MALICIOUS": 0,
        "SANE": 0,
        "VALID": 0,
        "total": 7233
    },
    "percentage": {
        "ACTIVE": 99.84791925895203,
        "INACTIVE": 0.15208074104797456,
        "INVALID": 0.0,
        "MALICIOUS": 0.0,
        "SANE": 0.0,
        "VALID": 0.0,
        "total": 100.0
    }
}