{
    "counter": {
        "ACTIVE": 19014,
        "INACTIVE": 17,
        "INVALID": 1,
        "MALICIOUS": 0,
        "SANE": 0,
        "VALID": 0,
        "total": 19032
    },
    "percentage": {
        "ACTIVE": 99.90542244640605,
        "INACTIVE": 0.08937960042060988,
        "INVALID": 0.005279831045406547,
        "MALICIOUS": 0,
        "SANE": 0,
        "VALID": 0,
        "total": 100.00008187787208
    }
}