{
    "counter": {
        "ACTIVE": 16591,
        "INACTIVE": 34,
        "INVALID": 0,
        "MALICIOUS": 0,
        "SANE": 0,
        "VALID": 0,
        "total": 16625
    },
    "percentage": {
        "ACTIVE": 99.79548872180452,
        "INACTIVE": 0.20451127819548873,
        "INVALID": 0.0,
        "MALICIOUS": 0.0,
        "SANE": 0.0,
        "VALID": 0.0,
        "total": 100.0
    }
}