{
    "counter": {
        "ACTIVE": 17811,
        "INACTIVE": 6,
        "INVALID": 0,
        "MALICIOUS": 0,
        "SANE": 0,
        "VALID": 0,
        "total": 17817
    },
    "percentage": {
        "ACTIVE": 99.9663242970197,
        "INACTIVE": 0.033818058843422386,
        "INVALID": 0,
        "MALICIOUS": 0,
        "SANE": 0,
        "VALID": 0,
        "total": 100.00014235586312
    }
}