{
    "counter": {
        "ACTIVE": 15776,
        "INACTIVE": 1712,
        "INVALID": 0,
        "MALICIOUS": 0,
        "SANE": 0,
        "VALID": 0,
        "total": 17488
    },
    "percentage": {
        "ACTIVE": 90.21043000914914,
        "INACTIVE": 9.78956999085087,
        "INVALID": 0.0,
        "MALICIOUS": 0.0,
        "SANE": 0.0,
        "VALID": 0.0,
        "total": 100.0
    }
}