{
    "counter": {
        "ACTIVE": 17510,
        "INACTIVE": 2,
        "INVALID": 0,
        "MALICIOUS": 0,
        "SANE": 0,
        "VALID": 0,
        "total": 17512
    },
    "percentage": {
        "ACTIVE": 99.98857925993605,
        "INACTIVE": 0.02247191011235955,
        "INVALID": 0,
        "MALICIOUS": 0,
        "SANE": 0,
        "VALID": 0,
        "total": 100.0110511700484
    }
}