{
    "counter": {
        "ACTIVE": 15259,
        "INACTIVE": 1,
        "INVALID": 0,
        "MALICIOUS": 0,
        "SANE": 0,
        "VALID": 0,
        "total": 15260
    },
    "percentage": {
        "ACTIVE": 99.99344692005242,
        "INACTIVE": 0.012289541600098316,
        "INVALID": 0,
        "MALICIOUS": 0,
        "SANE": 0,
        "VALID": 0,
        "total": 100.00573646165252
    }
}