{
    "counter": {
        "ACTIVE": 44640,
        "INACTIVE": 14,
        "INVALID": 0,
        "MALICIOUS": 0,
        "SANE": 0,
        "VALID": 0,
        "total": 44654
    },
    "percentage": {
        "ACTIVE": 99.96864782550276,
        "INACTIVE": 0.031352174497245484,
        "INVALID": 0.0,
        "MALICIOUS": 0.0,
        "SANE": 0.0,
        "VALID": 0.0,
        "total": 100.0
    }
}