{
    "counter": {
        "ACTIVE": 41318,
        "INACTIVE": 1,
        "INVALID": 0,
        "MALICIOUS": 0,
        "SANE": 0,
        "VALID": 0,
        "total": 41319
    },
    "percentage": {
        "ACTIVE": 99.99757980590043,
        "INACTIVE": 0.0024201940995667854,
        "INVALID": 0.0,
        "MALICIOUS": 0.0,
        "SANE": 0.0,
        "VALID": 0.0,
        "total": 100.0
    }
}