{
    "counter": {
        "ACTIVE": 16033,
        "INACTIVE": 1,
        "INVALID": 0,
        "MALICIOUS": 0,
        "SANE": 0,
        "VALID": 0,
        "total": 16034
    },
    "percentage": {
        "ACTIVE": 99.9937632530872,
        "INACTIVE": 0.01110494169905608,
        "INVALID": 0,
        "MALICIOUS": 0,
        "SANE": 0,
        "VALID": 0,
        "total": 100.00486819478625
    }
}