{
    "counter": {
        "ACTIVE": 17836,
        "INACTIVE": 4,
        "INVALID": 0,
        "MALICIOUS": 0,
        "SANE": 0,
        "VALID": 0,
        "total": 17840
    },
    "percentage": {
        "ACTIVE": 99.97757847533633,
        "INACTIVE": 0.023850694651481725,
        "INVALID": 0,
        "MALICIOUS": 0,
        "SANE": 0,
        "VALID": 0,
        "total": 100.00142916998782
    }
}