{
    "counter": {
        "ACTIVE": 17624,
        "INACTIVE": 6,
        "INVALID": 0,
        "MALICIOUS": 0,
        "SANE": 0,
        "VALID": 0,
        "total": 17630
    },
    "percentage": {
        "ACTIVE": 99.96596710153148,
        "INACTIVE": 0.20512820512820512,
        "INVALID": 0,
        "MALICIOUS": 0,
        "SANE": 0,
        "VALID": 0,
        "total": 100.17109530665968
    }
}