{
    "counter": {
        "ACTIVE": 17420,
        "INACTIVE": 4,
        "INVALID": 0,
        "MALICIOUS": 0,
        "SANE": 0,
        "VALID": 0,
        "total": 17424
    },
    "percentage": {
        "ACTIVE": 99.97704315886133,
        "INACTIVE": 0.06720430107526881,
        "INVALID": 0,
        "MALICIOUS": 0,
        "SANE": 0,
        "VALID": 0,
        "total": 100.0442474599366
    }
}