{
    "counter": {
        "ACTIVE": 16341,
        "INACTIVE": 175,
        "INVALID": 0,
        "MALICIOUS": 0,
        "SANE": 0,
        "VALID": 0,
        "total": 16516
    },
    "percentage": {
        "ACTIVE": 98.94042140954227,
        "INACTIVE": 1.059578590457738,
        "INVALID": 0.0,
        "MALICIOUS": 0.0,
        "SANE": 0.0,
        "VALID": 0.0,
        "total": 100.0
    }
}