{
    "counter": {
        "ACTIVE": 41775,
        "INACTIVE": 6,
        "INVALID": 0,
        "MALICIOUS": 0,
        "SANE": 0,
        "VALID": 0,
        "total": 41781
    },
    "percentage": {
        "ACTIVE": 99.98563940547139,
        "INACTIVE": 0.014360594528613485,
        "INVALID": 0.0,
        "MALICIOUS": 0.0,
        "SANE": 0.0,
        "VALID": 0.0,
        "total": 100.0
    }
}