{
    "counter": {
        "ACTIVE": 18038,
        "INACTIVE": 197,
        "INVALID": 0,
        "MALICIOUS": 0,
        "SANE": 0,
        "VALID": 0,
        "total": 18235
    },
    "percentage": {
        "ACTIVE": 98.91965999451604,
        "INACTIVE": 1.0806363137685135,
        "INVALID": 0,
        "MALICIOUS": 0,
        "SANE": 0,
        "VALID": 0,
        "total": 100.00029630828455
    }
}