{
    "counter": {
        "ACTIVE": 11612,
        "INACTIVE": 1,
        "INVALID": 0,
        "MALICIOUS": 0,
        "SANE": 0,
        "VALID": 0,
        "total": 11613
    },
    "percentage": {
        "ACTIVE": 99.99138896064755,
        "INACTIVE": 0.014448779078167894,
        "INVALID": 0,
        "MALICIOUS": 0,
        "SANE": 0,
        "VALID": 0,
        "total": 100.00583773972572
    }
}