{
    "counter": {
        "ACTIVE": 15702,
        "INACTIVE": 3,
        "INVALID": 0,
        "MALICIOUS": 0,
        "SANE": 0,
        "VALID": 0,
        "total": 15705
    },
    "percentage": {
        "ACTIVE": 99.98089780324737,
        "INACTIVE": 0.026162030173541465,
        "INVALID": 0,
        "MALICIOUS": 0,
        "SANE": 0,
        "VALID": 0,
        "total": 100.00705983342091
    }
}