{
    "counter": {
        "ACTIVE": 17666,
        "INACTIVE": 7,
        "INVALID": 0,
        "MALICIOUS": 0,
        "SANE": 0,
        "VALID": 0,
        "total": 17673
    },
    "percentage": {
        "ACTIVE": 99.96039155774345,
        "INACTIVE": 0.039624136759877734,
        "INVALID": 0,
        "MALICIOUS": 0,
        "SANE": 0,
        "VALID": 0,
        "total": 100.00001569450333
    }
}