{
    "counter": {
        "ACTIVE": 10209,
        "INACTIVE": 19,
        "INVALID": 0,
        "MALICIOUS": 0,
        "SANE": 0,
        "VALID": 0,
        "total": 10228
    },
    "percentage": {
        "ACTIVE": 99.81423543214704,
        "INACTIVE": 0.18576456785295267,
        "INVALID": 0.0,
        "MALICIOUS": 0.0,
        "SANE": 0.0,
        "VALID": 0.0,
        "total": 100.0
    }
}