{
    "counter": {
        "ACTIVE": 16282,
        "INACTIVE": 4,
        "INVALID": 0,
        "MALICIOUS": 0,
        "SANE": 0,
        "VALID": 0,
        "total": 16286
    },
    "percentage": {
        "ACTIVE": 99.97543902738549,
        "INACTIVE": 0.025050100200400802,
        "INVALID": 0,
        "MALICIOUS": 0,
        "SANE": 0,
        "VALID": 0,
        "total": 100.0004891275859
    }
}