{
    "counter": {
        "ACTIVE": 16352,
        "INACTIVE": 2,
        "INVALID": 0,
        "MALICIOUS": 0,
        "SANE": 0,
        "VALID": 0,
        "total": 16354
    },
    "percentage": {
        "ACTIVE": 99.98777057600587,
        "INACTIVE": 0.02247191011235955,
        "INVALID": 0,
        "MALICIOUS": 0,
        "SANE": 0,
        "VALID": 0,
        "total": 100.01024248611823
    }
}