{
    "counter": {
        "ACTIVE": 16397,
        "INACTIVE": 2,
        "INVALID": 0,
        "MALICIOUS": 0,
        "SANE": 0,
        "VALID": 0,
        "total": 16399
    },
    "percentage": {
        "ACTIVE": 99.98780413439844,
        "INACTIVE": 0.012212994626282364,
        "INVALID": 0,
        "MALICIOUS": 0,
        "SANE": 0,
        "VALID": 0,
        "total": 100.00001712902473
    }
}