{
    "counter": {
        "ACTIVE": 41316,
        "INACTIVE": 4,
        "INVALID": 0,
        "MALICIOUS": 0,
        "SANE": 0,
        "VALID": 0,
        "total": 41320
    },
    "percentage": {
        "ACTIVE": 99.99031945788964,
        "INACTIVE": 0.00968054211035818,
        "INVALID": 0.0,
        "MALICIOUS": 0.0,
        "SANE": 0.0,
        "VALID": 0.0,
        "total": 100.0
    }
}