{
    "counter": {
        "ACTIVE": 17653,
        "INACTIVE": 54,
        "INVALID": 0,
        "MALICIOUS": 0,
        "SANE": 0,
        "VALID": 0,
        "total": 17707
    },
    "percentage": {
        "ACTIVE": 99.69503586152369,
        "INACTIVE": 0.3064177495318618,
        "INVALID": 0,
        "MALICIOUS": 0,
        "SANE": 0,
        "VALID": 0,
        "total": 100.00145361105555
    }
}