{
    "counter": {
        "ACTIVE": 17566,
        "INACTIVE": 29,
        "INVALID": 0,
        "MALICIOUS": 0,
        "SANE": 0,
        "VALID": 0,
        "total": 17595
    },
    "percentage": {
        "ACTIVE": 99.8351804489912,
        "INACTIVE": 0.1659513590844063,
        "INVALID": 0,
        "MALICIOUS": 0,
        "SANE": 0,
        "VALID": 0,
        "total": 100.0011318080756
    }
}