{
    "counter": {
        "ACTIVE": 17503,
        "INACTIVE": 4,
        "INVALID": 0,
        "MALICIOUS": 0,
        "SANE": 0,
        "VALID": 0,
        "total": 17507
    },
    "percentage": {
        "ACTIVE": 99.97715199634432,
        "INACTIVE": 0.06720430107526881,
        "INVALID": 0,
        "MALICIOUS": 0,
        "SANE": 0,
        "VALID": 0,
        "total": 100.04435629741958
    }
}