{
    "counter": {
        "CSC Corporate Domains, Inc.": 12,
        "Chengdu West Dimension Digital Technology Co., Ltd.": 6,
        "Dynadot Inc": 22,
        "Dynadot LLC": 2,
        "ERANET INTERNATIONAL LIMITED": 2,
        "Edomains LLC": 2,
        "GMO Internet Group, Inc. d/b/a Onamae.com": 4,
        "Gname 002 Inc": 2,
        "Gname.com Pte. Ltd.": 14,
        "Go Australia Domains Inc": 2,
        "Go Montenegro Domains, LLC": 4,
        "GoDaddy.com, LLC": 10,
        "Name.com, Inc": 4,
        "Name.com, Inc.": 6,
        "NameCheap, Inc.": 4,
        "URL Solutions, Inc.": 2,
        "West263 International Limited": 2,
        "Wild West Domains, Inc.": 2,
        "total": 102
    },
    "percentage": {
        "CSC Corporate Domains, Inc.": 11.764705882352942,
        "Chengdu West Dimension Digital Technology Co., Ltd.": 5.882352941176471,
        "Dynadot Inc": 21.568627450980394,
        "Dynadot LLC": 1.9607843137254901,
        "ERANET INTERNATIONAL LIMITED": 1.9607843137254901,
        "Edomains LLC": 1.9607843137254901,
        "GMO Internet Group, Inc. d/b/a Onamae.com": 3.9215686274509802,
        "Gname 002 Inc": 1.9607843137254901,
        "Gname.com Pte. Ltd.": 13.72549019607843,
        "Go Australia Domains Inc": 1.9607843137254901,
        "Go Montenegro Domains, LLC": 3.9215686274509802,
        "GoDaddy.com, LLC": 9.803921568627452,
        "Name.com, Inc": 3.9215686274509802,
        "Name.com, Inc.": 5.882352941176471,
        "NameCheap, Inc.": 3.9215686274509802,
        "URL Solutions, Inc.": 1.9607843137254901,
        "West263 International Limited": 1.9607843137254901,
        "Wild West Domains, Inc.": 1.9607843137254901,
        "total": 100.0
    }
}