{
    "counter": {
        "Amazon Registrar, Inc.": 10,
        "Blue Razor Domains, LLC": 2,
        "CSC Corporate Domains, Inc.": 18,
        "CommuniGal Communication Ltd.": 6,
        "Communigal Communications Ltd": 4,
        "Dynadot": 2,
        "Dynadot Inc": 42,
        "Dynadot LLC": 4,
        "ERANET INTERNATIONAL LIMITED": 2,
        "GMO Internet Group, Inc. d/b/a Onamae.com": 6,
        "Gname 002 Inc": 2,
        "Gname 005 Inc": 2,
        "Gname 008 Inc": 2,
        "Gname.com Pte. Ltd.": 24,
        "Go Australia Domains Inc": 4,
        "Go Canada Domains Inc": 4,
        "Go Daddy, LLC": 8,
        "Go Montenegro Domains, LLC": 10,
        "GoDaddy.com, LLC": 46,
        "HOSTINGER operations, UAB": 2,
        "InsaneNames LLC": 2,
        "NAMECHEAP": 2,
        "NAMEMART PTE. LTD.": 2,
        "Name.com, Inc": 4,
        "Name.com, Inc.": 14,
        "NameCheap, Inc.": 44,
        "NameSilo, LLC": 2,
        "Namecheap": 14,
        "Network Solutions, LLC": 2,
        "PDR Ltd. d/b/a PublicDomainRegistry.com": 4,
        "Porkbun LLC": 2,
        "Spaceship, Inc.": 20,
        "URL Solutions, Inc.": 2,
        "Virtualia LLC": 2,
        "West263 International Limited": 2,
        "Wild West Domains, Inc.": 6,
        "iNET SOFTWARE COMPANY LIMITED": 2,
        "total": 326
    },
    "percentage": {
        "Amazon Registrar, Inc.": 3.067484662576687,
        "Blue Razor Domains, LLC": 0.6134969325153374,
        "CSC Corporate Domains, Inc.": 5.521472392638037,
        "CommuniGal Communication Ltd.": 1.8404907975460123,
        "Communigal Communications Ltd": 1.2269938650306749,
        "Dynadot": 0.6134969325153374,
        "Dynadot Inc": 12.883435582822086,
        "Dynadot LLC": 1.2269938650306749,
        "ERANET INTERNATIONAL LIMITED": 0.6134969325153374,
        "GMO Internet Group, Inc. d/b/a Onamae.com": 1.8404907975460123,
        "Gname 002 Inc": 0.6134969325153374,
        "Gname 005 Inc": 0.6134969325153374,
        "Gname 008 Inc": 0.6134969325153374,
        "Gname.com Pte. Ltd.": 7.361963190184049,
        "Go Australia Domains Inc": 1.2269938650306749,
        "Go Canada Domains Inc": 1.2269938650306749,
        "Go Daddy, LLC": 2.4539877300613497,
        "Go Montenegro Domains, LLC": 3.067484662576687,
        "GoDaddy.com, LLC": 14.110429447852761,
        "HOSTINGER operations, UAB": 0.6134969325153374,
        "InsaneNames LLC": 0.6134969325153374,
        "NAMECHEAP": 0.6134969325153374,
        "NAMEMART PTE. LTD.": 0.6134969325153374,
        "Name.com, Inc": 1.2269938650306749,
        "Name.com, Inc.": 4.294478527607362,
        "NameCheap, Inc.": 13.496932515337424,
        "NameSilo, LLC": 0.6134969325153374,
        "Namecheap": 4.294478527607362,
        "Network Solutions, LLC": 0.6134969325153374,
        "PDR Ltd. d/b/a PublicDomainRegistry.com": 1.2269938650306749,
        "Porkbun LLC": 0.6134969325153374,
        "Spaceship, Inc.": 6.134969325153374,
        "URL Solutions, Inc.": 0.6134969325153374,
        "Virtualia LLC": 0.6134969325153374,
        "West263 International Limited": 0.6134969325153374,
        "Wild West Domains, Inc.": 1.8404907975460123,
        "iNET SOFTWARE COMPANY LIMITED": 0.6134969325153374,
        "total": 100.0
    }
}