{
    "counter": {
        "Amazon Registrar, Inc.": 8,
        "Blue Razor Domains, LLC": 2,
        "CSC Corporate Domains, Inc.": 14,
        "Chengdu West Dimension Digital Technology Co., Ltd.": 6,
        "CommuniGal Communication Ltd.": 4,
        "Communigal Communications Ltd": 2,
        "Dynadot": 2,
        "Dynadot Inc": 32,
        "Dynadot LLC": 2,
        "ERANET INTERNATIONAL LIMITED": 2,
        "Edomains LLC": 2,
        "GMO Internet Group, Inc. d/b/a Onamae.com": 10,
        "Gname 002 Inc": 2,
        "Gname.com Pte. Ltd.": 18,
        "Go Australia Domains Inc": 2,
        "Go Canada Domains Inc": 4,
        "Go China Domains Inc": 2,
        "Go Daddy, LLC": 6,
        "Go Montenegro Domains, LLC": 10,
        "GoDaddy.com, LLC": 116,
        "InsaneNames LLC": 2,
        "Name.com, Inc": 4,
        "Name.com, Inc.": 12,
        "NameCheap, Inc.": 20,
        "Namecheap": 2,
        "Porkbun LLC": 4,
        "Spaceship, Inc.": 16,
        "URL Solutions, Inc.": 2,
        "West263 International Limited": 2,
        "Wild West Domains, Inc.": 4,
        "iNET SOFTWARE COMPANY LIMITED": 2,
        "total": 316
    },
    "percentage": {
        "Amazon Registrar, Inc.": 2.5316455696202533,
        "Blue Razor Domains, LLC": 0.6329113924050633,
        "CSC Corporate Domains, Inc.": 4.430379746835443,
        "Chengdu West Dimension Digital Technology Co., Ltd.": 1.8987341772151898,
        "CommuniGal Communication Ltd.": 1.2658227848101267,
        "Communigal Communications Ltd": 0.6329113924050633,
        "Dynadot": 0.6329113924050633,
        "Dynadot Inc": 10.126582278481013,
        "Dynadot LLC": 0.6329113924050633,
        "ERANET INTERNATIONAL LIMITED": 0.6329113924050633,
        "Edomains LLC": 0.6329113924050633,
        "GMO Internet Group, Inc. d/b/a Onamae.com": 3.1645569620253164,
        "Gname 002 Inc": 0.6329113924050633,
        "Gname.com Pte. Ltd.": 5.69620253164557,
        "Go Australia Domains Inc": 0.6329113924050633,
        "Go Canada Domains Inc": 1.2658227848101267,
        "Go China Domains Inc": 0.6329113924050633,
        "Go Daddy, LLC": 1.8987341772151898,
        "Go Montenegro Domains, LLC": 3.1645569620253164,
        "GoDaddy.com, LLC": 36.70886075949367,
        "InsaneNames LLC": 0.6329113924050633,
        "Name.com, Inc": 1.2658227848101267,
        "Name.com, Inc.": 3.7974683544303796,
        "NameCheap, Inc.": 6.329113924050633,
        "Namecheap": 0.6329113924050633,
        "Porkbun LLC": 1.2658227848101267,
        "Spaceship, Inc.": 5.063291139240507,
        "URL Solutions, Inc.": 0.6329113924050633,
        "West263 International Limited": 0.6329113924050633,
        "Wild West Domains, Inc.": 1.2658227848101267,
        "iNET SOFTWARE COMPANY LIMITED": 0.6329113924050633,
        "total": 100.0
    }
}