{
    "counter": {
        "1API GmbH": 2,
        "Amazon Registrar, Inc.": 8,
        "Blue Razor Domains, LLC": 2,
        "CommuniGal Communication Ltd.": 2,
        "Dynadot Inc": 26,
        "Dynadot LLC": 2,
        "Dynadot, LLC": 2,
        "ERANET INTERNATIONAL LIMITED": 2,
        "GMO Internet Group, Inc. d/b/a Onamae.com": 2,
        "Gname 004 Inc": 2,
        "Gname 010 Inc": 2,
        "Gname.com Pte. Ltd.": 22,
        "Go Australia Domains Inc": 8,
        "Go Canada Domains Inc": 8,
        "Go China Domains Inc": 2,
        "Go Daddy, LLC": 850,
        "Go France Domains Inc": 2,
        "Go Montenegro Domains, LLC": 6,
        "GoDaddy.com, LLC": 32,
        "HOSTINGER operations, UAB": 2,
        "InsaneNames LLC": 2,
        "NAMEMART PTE. LTD.": 2,
        "Name.com, Inc": 4,
        "Name.com, Inc.": 14,
        "NameCheap, Inc.": 20,
        "NameSilo, LLC": 2,
        "Namecheap": 10,
        "Sav.com, LLC - 1": 2,
        "Sav.com, LLC- 6": 2,
        "Spaceship, Inc.": 18,
        "Squarespace Domains II LLC": 2,
        "URL Solutions Inc.": 2,
        "VIRTUA DRUG Kutatási Szolgáltató Korlátolt Felelősségű Társaság": 2,
        "Virtualia LLC": 2,
        "iNET SOFTWARE COMPANY LIMITED": 2,
        "total": 1070
    },
    "percentage": {
        "1API GmbH": 0.18691588785046728,
        "Amazon Registrar, Inc.": 0.7476635514018691,
        "Blue Razor Domains, LLC": 0.18691588785046728,
        "CommuniGal Communication Ltd.": 0.18691588785046728,
        "Dynadot Inc": 2.4299065420560746,
        "Dynadot LLC": 0.18691588785046728,
        "Dynadot, LLC": 0.18691588785046728,
        "ERANET INTERNATIONAL LIMITED": 0.18691588785046728,
        "GMO Internet Group, Inc. d/b/a Onamae.com": 0.18691588785046728,
        "Gname 004 Inc": 0.18691588785046728,
        "Gname 010 Inc": 0.18691588785046728,
        "Gname.com Pte. Ltd.": 2.05607476635514,
        "Go Australia Domains Inc": 0.7476635514018691,
        "Go Canada Domains Inc": 0.7476635514018691,
        "Go China Domains Inc": 0.18691588785046728,
        "Go Daddy, LLC": 79.4392523364486,
        "Go France Domains Inc": 0.18691588785046728,
        "Go Montenegro Domains, LLC": 0.5607476635514018,
        "GoDaddy.com, LLC": 2.9906542056074765,
        "HOSTINGER operations, UAB": 0.18691588785046728,
        "InsaneNames LLC": 0.18691588785046728,
        "NAMEMART PTE. LTD.": 0.18691588785046728,
        "Name.com, Inc": 0.37383177570093457,
        "Name.com, Inc.": 1.308411214953271,
        "NameCheap, Inc.": 1.8691588785046729,
        "NameSilo, LLC": 0.18691588785046728,
        "Namecheap": 0.9345794392523364,
        "Sav.com, LLC - 1": 0.18691588785046728,
        "Sav.com, LLC- 6": 0.18691588785046728,
        "Spaceship, Inc.": 1.6822429906542056,
        "Squarespace Domains II LLC": 0.18691588785046728,
        "URL Solutions Inc.": 0.18691588785046728,
        "VIRTUA DRUG Kutatási Szolgáltató Korlátolt Felelősségű Társaság": 0.18691588785046728,
        "Virtualia LLC": 0.18691588785046728,
        "iNET SOFTWARE COMPANY LIMITED": 0.18691588785046728,
        "total": 100.0
    }
}