{
    "counter": {
        "Amazon Registrar, Inc.": 4,
        "Blue Razor Domains, LLC": 2,
        "CommuniGal Communication Ltd.": 4,
        "Communigal Communications Ltd": 2,
        "Domain Esta Aqui, LLC": 2,
        "Dynadot Inc": 24,
        "Dynadot LLC": 2,
        "Dynadot, LLC": 2,
        "ERANET INTERNATIONAL LIMITED": 2,
        "GMO Internet Group, Inc. d/b/a Onamae.com": 4,
        "Gname.com Pte. Ltd.": 18,
        "Go Australia Domains Inc": 4,
        "Go Canada Domains Inc": 6,
        "Go Daddy, LLC": 118,
        "Go France Domains Inc": 2,
        "Go Montenegro Domains, LLC": 2,
        "GoDaddy.com, LLC": 18,
        "InsaneNames LLC": 2,
        "Name.com, Inc": 4,
        "Name.com, Inc.": 12,
        "NameCheap, Inc.": 10,
        "NameSilo, LLC": 2,
        "Namecheap": 2,
        "Spaceship, Inc.": 4,
        "Virtualia LLC": 4,
        "Wide Left Domains LLC": 2,
        "Wild West Domains, Inc.": 2,
        "iNET SOFTWARE COMPANY LIMITED": 2,
        "total": 262
    },
    "percentage": {
        "Amazon Registrar, Inc.": 1.5267175572519085,
        "Blue Razor Domains, LLC": 0.7633587786259542,
        "CommuniGal Communication Ltd.": 1.5267175572519085,
        "Communigal Communications Ltd": 0.7633587786259542,
        "Domain Esta Aqui, LLC": 0.7633587786259542,
        "Dynadot Inc": 9.16030534351145,
        "Dynadot LLC": 0.7633587786259542,
        "Dynadot, LLC": 0.7633587786259542,
        "ERANET INTERNATIONAL LIMITED": 0.7633587786259542,
        "GMO Internet Group, Inc. d/b/a Onamae.com": 1.5267175572519085,
        "Gname.com Pte. Ltd.": 6.870229007633588,
        "Go Australia Domains Inc": 1.5267175572519085,
        "Go Canada Domains Inc": 2.2900763358778624,
        "Go Daddy, LLC": 45.038167938931295,
        "Go France Domains Inc": 0.7633587786259542,
        "Go Montenegro Domains, LLC": 0.7633587786259542,
        "GoDaddy.com, LLC": 6.870229007633588,
        "InsaneNames LLC": 0.7633587786259542,
        "Name.com, Inc": 1.5267175572519085,
        "Name.com, Inc.": 4.580152671755725,
        "NameCheap, Inc.": 3.816793893129771,
        "NameSilo, LLC": 0.7633587786259542,
        "Namecheap": 0.7633587786259542,
        "Spaceship, Inc.": 1.5267175572519085,
        "Virtualia LLC": 1.5267175572519085,
        "Wide Left Domains LLC": 0.7633587786259542,
        "Wild West Domains, Inc.": 0.7633587786259542,
        "iNET SOFTWARE COMPANY LIMITED": 0.7633587786259542,
        "total": 100.0
    }
}