{
    "counter": {
        "1API GmbH": 2,
        "Amazon Registrar, Inc.": 8,
        "Blue Razor Domains, LLC": 2,
        "Chengdu West Dimension Digital Technology Co., Ltd.": 2,
        "CommuniGal Communication Ltd.": 2,
        "Dynadot Inc": 26,
        "Dynadot LLC": 2,
        "Dynadot, LLC": 2,
        "ERANET INTERNATIONAL LIMITED": 2,
        "GMO Internet Group, Inc. d/b/a Onamae.com": 2,
        "Gname 004 Inc": 2,
        "Gname 010 Inc": 4,
        "Gname.com Pte. Ltd.": 22,
        "Go Australia Domains Inc": 8,
        "Go Canada Domains Inc": 8,
        "Go China Domains Inc": 2,
        "Go Daddy, LLC": 824,
        "Go France Domains Inc": 2,
        "Go Montenegro Domains, LLC": 6,
        "GoDaddy.com, LLC": 30,
        "HOSTINGER operations, UAB": 2,
        "InsaneNames LLC": 2,
        "NAMEMART PTE. LTD.": 2,
        "Name.com, Inc": 4,
        "Name.com, Inc.": 16,
        "NameCheap, Inc.": 18,
        "NameSilo, LLC": 2,
        "Namecheap": 8,
        "Sav.com, LLC- 6": 2,
        "Spaceship, Inc.": 18,
        "Squarespace Domains II LLC": 2,
        "URL Solutions Inc.": 2,
        "VIRTUA DRUG Kutatási Szolgáltató Korlátolt Felelősségű Társaság": 2,
        "Virtualia LLC": 2,
        "iNET SOFTWARE COMPANY LIMITED": 2,
        "total": 1042
    },
    "percentage": {
        "1API GmbH": 0.19193857965451055,
        "Amazon Registrar, Inc.": 0.7677543186180422,
        "Blue Razor Domains, LLC": 0.19193857965451055,
        "Chengdu West Dimension Digital Technology Co., Ltd.": 0.19193857965451055,
        "CommuniGal Communication Ltd.": 0.19193857965451055,
        "Dynadot Inc": 2.495201535508637,
        "Dynadot LLC": 0.19193857965451055,
        "Dynadot, LLC": 0.19193857965451055,
        "ERANET INTERNATIONAL LIMITED": 0.19193857965451055,
        "GMO Internet Group, Inc. d/b/a Onamae.com": 0.19193857965451055,
        "Gname 004 Inc": 0.19193857965451055,
        "Gname 010 Inc": 0.3838771593090211,
        "Gname.com Pte. Ltd.": 2.111324376199616,
        "Go Australia Domains Inc": 0.7677543186180422,
        "Go Canada Domains Inc": 0.7677543186180422,
        "Go China Domains Inc": 0.19193857965451055,
        "Go Daddy, LLC": 79.07869481765835,
        "Go France Domains Inc": 0.19193857965451055,
        "Go Montenegro Domains, LLC": 0.5758157389635317,
        "GoDaddy.com, LLC": 2.8790786948176583,
        "HOSTINGER operations, UAB": 0.19193857965451055,
        "InsaneNames LLC": 0.19193857965451055,
        "NAMEMART PTE. LTD.": 0.19193857965451055,
        "Name.com, Inc": 0.3838771593090211,
        "Name.com, Inc.": 1.5355086372360844,
        "NameCheap, Inc.": 1.727447216890595,
        "NameSilo, LLC": 0.19193857965451055,
        "Namecheap": 0.7677543186180422,
        "Sav.com, LLC- 6": 0.19193857965451055,
        "Spaceship, Inc.": 1.727447216890595,
        "Squarespace Domains II LLC": 0.19193857965451055,
        "URL Solutions Inc.": 0.19193857965451055,
        "VIRTUA DRUG Kutatási Szolgáltató Korlátolt Felelősségű Társaság": 0.19193857965451055,
        "Virtualia LLC": 0.19193857965451055,
        "iNET SOFTWARE COMPANY LIMITED": 0.19193857965451055,
        "total": 100.0
    }
}