{
    "counter": {
        "Alibaba Cloud Computing Ltd. d/b/a HiChina (www.net.cn)": 2,
        "Amazon Registrar, Inc.": 2,
        "CommuniGal Communication Ltd.": 2,
        "Communigal Communications Ltd": 4,
        "DNSPod, Inc.": 2,
        "Domain International Services Limited": 26,
        "Dynadot Inc": 54,
        "Dynadot LLC": 26,
        "ERANET INTERNATIONAL LIMITED": 8,
        "Eranet International Limited": 12,
        "Gname.com Pte. Ltd.": 30,
        "Go Australia Domains Inc": 8,
        "Go Canada Domains Inc": 2,
        "Go Daddy, LLC": 20,
        "Go Montenegro Domains, LLC": 2,
        "GoDaddy.com, LLC": 14,
        "InsaneNames LLC": 2,
        "NAMECHEAP": 2,
        "Name.com, Inc.": 6,
        "NameCheap, Inc.": 14,
        "NameSilo, LLC": 6,
        "Namecheap": 20,
        "Porkbun LLC": 2,
        "Sav.com LLC": 6,
        "Sav.com, LLC - 40": 2,
        "Spaceship, Inc.": 36,
        "Tucows Domains Inc.": 2,
        "West263 International Limited": 8,
        "Wild West Domains, Inc.": 4,
        "total": 324
    },
    "percentage": {
        "Alibaba Cloud Computing Ltd. d/b/a HiChina (www.net.cn)": 0.6172839506172839,
        "Amazon Registrar, Inc.": 0.6172839506172839,
        "CommuniGal Communication Ltd.": 0.6172839506172839,
        "Communigal Communications Ltd": 1.2345679012345678,
        "DNSPod, Inc.": 0.6172839506172839,
        "Domain International Services Limited": 8.024691358024691,
        "Dynadot Inc": 16.666666666666668,
        "Dynadot LLC": 8.024691358024691,
        "ERANET INTERNATIONAL LIMITED": 2.4691358024691357,
        "Eranet International Limited": 3.7037037037037037,
        "Gname.com Pte. Ltd.": 9.25925925925926,
        "Go Australia Domains Inc": 2.4691358024691357,
        "Go Canada Domains Inc": 0.6172839506172839,
        "Go Daddy, LLC": 6.172839506172839,
        "Go Montenegro Domains, LLC": 0.6172839506172839,
        "GoDaddy.com, LLC": 4.320987654320987,
        "InsaneNames LLC": 0.6172839506172839,
        "NAMECHEAP": 0.6172839506172839,
        "Name.com, Inc.": 1.8518518518518519,
        "NameCheap, Inc.": 4.320987654320987,
        "NameSilo, LLC": 1.8518518518518519,
        "Namecheap": 6.172839506172839,
        "Porkbun LLC": 0.6172839506172839,
        "Sav.com LLC": 1.8518518518518519,
        "Sav.com, LLC - 40": 0.6172839506172839,
        "Spaceship, Inc.": 11.11111111111111,
        "Tucows Domains Inc.": 0.6172839506172839,
        "West263 International Limited": 2.4691358024691357,
        "Wild West Domains, Inc.": 1.2345679012345678,
        "total": 100.0
    }
}