{
    "counter": {
        "Communigal Communications Ltd": 2,
        "Dynadot Inc": 18,
        "Dynadot LLC": 2,
        "ERANET INTERNATIONAL LIMITED": 2,
        "Edomains LLC": 2,
        "Gname.com Pte. Ltd.": 18,
        "Go Australia Domains Inc": 4,
        "Go Canada Domains Inc": 4,
        "Go Daddy, LLC": 26,
        "Go France Domains Inc": 2,
        "Go Montenegro Domains, LLC": 2,
        "GoDaddy.com, LLC": 12,
        "InsaneNames LLC": 2,
        "Name.com, Inc": 4,
        "Name.com, Inc.": 4,
        "NameCheap, Inc.": 4,
        "Spaceship, Inc.": 8,
        "total": 116
    },
    "percentage": {
        "Communigal Communications Ltd": 1.7241379310344827,
        "Dynadot Inc": 15.517241379310345,
        "Dynadot LLC": 1.7241379310344827,
        "ERANET INTERNATIONAL LIMITED": 1.7241379310344827,
        "Edomains LLC": 1.7241379310344827,
        "Gname.com Pte. Ltd.": 15.517241379310345,
        "Go Australia Domains Inc": 3.4482758620689653,
        "Go Canada Domains Inc": 3.4482758620689653,
        "Go Daddy, LLC": 22.413793103448278,
        "Go France Domains Inc": 1.7241379310344827,
        "Go Montenegro Domains, LLC": 1.7241379310344827,
        "GoDaddy.com, LLC": 10.344827586206897,
        "InsaneNames LLC": 1.7241379310344827,
        "Name.com, Inc": 3.4482758620689653,
        "Name.com, Inc.": 3.4482758620689653,
        "NameCheap, Inc.": 3.4482758620689653,
        "Spaceship, Inc.": 6.896551724137931,
        "total": 100.0
    }
}