{
    "counter": {
        "Chengdu West Dimension Digital Technology Co., Ltd.": 4,
        "Communigal Communications Ltd": 2,
        "Domain International Services Limited": 18,
        "Dynadot Inc": 26,
        "Dynadot LLC": 2,
        "ERANET INTERNATIONAL LIMITED": 2,
        "Eranet International Limited": 8,
        "Gname.com Pte. Ltd.": 16,
        "Go Australia Domains Inc": 4,
        "Go Canada Domains Inc": 2,
        "Go Montenegro Domains, LLC": 4,
        "GoDaddy.com, LLC": 24,
        "Name.com, Inc": 2,
        "Name.com, Inc.": 10,
        "NameCheap, Inc.": 4,
        "NameSilo, LLC": 2,
        "Namecheap": 10,
        "Spaceship, Inc.": 2,
        "Tucows Domains Inc.": 2,
        "West263 International Limited": 2,
        "eName Technology Co., Ltd.": 4,
        "total": 150
    },
    "percentage": {
        "Chengdu West Dimension Digital Technology Co., Ltd.": 2.6666666666666665,
        "Communigal Communications Ltd": 1.3333333333333333,
        "Domain International Services Limited": 12.0,
        "Dynadot Inc": 17.333333333333332,
        "Dynadot LLC": 1.3333333333333333,
        "ERANET INTERNATIONAL LIMITED": 1.3333333333333333,
        "Eranet International Limited": 5.333333333333333,
        "Gname.com Pte. Ltd.": 10.666666666666666,
        "Go Australia Domains Inc": 2.6666666666666665,
        "Go Canada Domains Inc": 1.3333333333333333,
        "Go Montenegro Domains, LLC": 2.6666666666666665,
        "GoDaddy.com, LLC": 16.0,
        "Name.com, Inc": 1.3333333333333333,
        "Name.com, Inc.": 6.666666666666667,
        "NameCheap, Inc.": 2.6666666666666665,
        "NameSilo, LLC": 1.3333333333333333,
        "Namecheap": 6.666666666666667,
        "Spaceship, Inc.": 1.3333333333333333,
        "Tucows Domains Inc.": 1.3333333333333333,
        "West263 International Limited": 1.3333333333333333,
        "eName Technology Co., Ltd.": 2.6666666666666665,
        "total": 100.0
    }
}