{
    "counter": {
        "Amazon Registrar, Inc.": 8,
        "Blue Razor Domains, LLC": 2,
        "CSC Corporate Domains, Inc.": 18,
        "CommuniGal Communication Ltd.": 6,
        "Communigal Communications Ltd": 4,
        "Dynadot": 2,
        "Dynadot Inc": 40,
        "Dynadot LLC": 4,
        "ERANET INTERNATIONAL LIMITED": 2,
        "GMO Internet Group, Inc. d/b/a Onamae.com": 4,
        "Gname 002 Inc": 2,
        "Gname 010 Inc": 4,
        "Gname.com Pte. Ltd.": 22,
        "Go Australia Domains Inc": 4,
        "Go Canada Domains Inc": 2,
        "Go Daddy, LLC": 8,
        "Go Montenegro Domains, LLC": 8,
        "GoDaddy.com, LLC": 44,
        "HOSTINGER operations, UAB": 2,
        "InsaneNames LLC": 2,
        "NAMECHEAP": 2,
        "NAMEMART PTE. LTD.": 2,
        "Name.com, Inc": 4,
        "Name.com, Inc.": 10,
        "NameCheap, Inc.": 48,
        "NameSilo, LLC": 2,
        "Namecheap": 14,
        "Network Solutions, LLC": 2,
        "PDR Ltd. d/b/a PublicDomainRegistry.com": 4,
        "Porkbun LLC": 2,
        "Spaceship, Inc.": 22,
        "URL Solutions, Inc.": 4,
        "Virtualia LLC": 2,
        "West263 International Limited": 2,
        "Wild West Domains, Inc.": 6,
        "iNET SOFTWARE COMPANY LIMITED": 2,
        "total": 316
    },
    "percentage": {
        "Amazon Registrar, Inc.": 2.5316455696202533,
        "Blue Razor Domains, LLC": 0.6329113924050633,
        "CSC Corporate Domains, Inc.": 5.69620253164557,
        "CommuniGal Communication Ltd.": 1.8987341772151898,
        "Communigal Communications Ltd": 1.2658227848101267,
        "Dynadot": 0.6329113924050633,
        "Dynadot Inc": 12.658227848101266,
        "Dynadot LLC": 1.2658227848101267,
        "ERANET INTERNATIONAL LIMITED": 0.6329113924050633,
        "GMO Internet Group, Inc. d/b/a Onamae.com": 1.2658227848101267,
        "Gname 002 Inc": 0.6329113924050633,
        "Gname 010 Inc": 1.2658227848101267,
        "Gname.com Pte. Ltd.": 6.962025316455696,
        "Go Australia Domains Inc": 1.2658227848101267,
        "Go Canada Domains Inc": 0.6329113924050633,
        "Go Daddy, LLC": 2.5316455696202533,
        "Go Montenegro Domains, LLC": 2.5316455696202533,
        "GoDaddy.com, LLC": 13.924050632911392,
        "HOSTINGER operations, UAB": 0.6329113924050633,
        "InsaneNames LLC": 0.6329113924050633,
        "NAMECHEAP": 0.6329113924050633,
        "NAMEMART PTE. LTD.": 0.6329113924050633,
        "Name.com, Inc": 1.2658227848101267,
        "Name.com, Inc.": 3.1645569620253164,
        "NameCheap, Inc.": 15.189873417721518,
        "NameSilo, LLC": 0.6329113924050633,
        "Namecheap": 4.430379746835443,
        "Network Solutions, LLC": 0.6329113924050633,
        "PDR Ltd. d/b/a PublicDomainRegistry.com": 1.2658227848101267,
        "Porkbun LLC": 0.6329113924050633,
        "Spaceship, Inc.": 6.962025316455696,
        "URL Solutions, Inc.": 1.2658227848101267,
        "Virtualia LLC": 0.6329113924050633,
        "West263 International Limited": 0.6329113924050633,
        "Wild West Domains, Inc.": 1.8987341772151898,
        "iNET SOFTWARE COMPANY LIMITED": 0.6329113924050633,
        "total": 100.0
    }
}