{
    "counter": {
        "Communigal Communications Ltd": 2,
        "Domain International Services Limited": 20,
        "Dynadot Inc": 54,
        "Dynadot LLC": 26,
        "Eranet International Limited": 8,
        "Gname.com Pte. Ltd.": 22,
        "Go Australia Domains Inc": 6,
        "Go Canada Domains Inc": 2,
        "Go Daddy, LLC": 4,
        "GoDaddy.com, LLC": 4,
        "Name.com, Inc": 14,
        "Name.com, Inc.": 4,
        "NameCheap, Inc.": 4,
        "NameSilo, LLC": 6,
        "Namecheap": 6,
        "Spaceship, Inc.": 14,
        "West263 International Limited": 6,
        "total": 202
    },
    "percentage": {
        "Communigal Communications Ltd": 0.9900990099009901,
        "Domain International Services Limited": 9.900990099009901,
        "Dynadot Inc": 26.73267326732673,
        "Dynadot LLC": 12.871287128712872,
        "Eranet International Limited": 3.9603960396039604,
        "Gname.com Pte. Ltd.": 10.891089108910892,
        "Go Australia Domains Inc": 2.9702970297029703,
        "Go Canada Domains Inc": 0.9900990099009901,
        "Go Daddy, LLC": 1.9801980198019802,
        "GoDaddy.com, LLC": 1.9801980198019802,
        "Name.com, Inc": 6.930693069306931,
        "Name.com, Inc.": 1.9801980198019802,
        "NameCheap, Inc.": 1.9801980198019802,
        "NameSilo, LLC": 2.9702970297029703,
        "Namecheap": 2.9702970297029703,
        "Spaceship, Inc.": 6.930693069306931,
        "West263 International Limited": 2.9702970297029703,
        "total": 100.0
    }
}