{
    "counter": {
        "Amazon Registrar, Inc.": 8,
        "Blue Razor Domains, LLC": 2,
        "CSC Corporate Domains, Inc.": 14,
        "Chengdu West Dimension Digital Technology Co., Ltd.": 4,
        "CommuniGal Communication Ltd.": 4,
        "Communigal Communications Ltd": 2,
        "Dynadot": 2,
        "Dynadot Inc": 26,
        "Dynadot LLC": 4,
        "ERANET INTERNATIONAL LIMITED": 2,
        "GMO Internet Group, Inc. d/b/a Onamae.com": 6,
        "Gname 002 Inc": 2,
        "Gname.com Pte. Ltd.": 18,
        "Go Australia Domains Inc": 2,
        "Go Canada Domains Inc": 4,
        "Go China Domains Inc": 2,
        "Go Montenegro Domains, LLC": 10,
        "GoDaddy.com, LLC": 80,
        "InsaneNames LLC": 2,
        "Name.com, Inc": 4,
        "Name.com, Inc.": 4,
        "NameCheap, Inc.": 18,
        "Porkbun LLC": 2,
        "Spaceship, Inc.": 14,
        "URL Solutions, Inc.": 2,
        "West263 International Limited": 2,
        "Wild West Domains, Inc.": 4,
        "total": 244
    },
    "percentage": {
        "Amazon Registrar, Inc.": 3.278688524590164,
        "Blue Razor Domains, LLC": 0.819672131147541,
        "CSC Corporate Domains, Inc.": 5.737704918032787,
        "Chengdu West Dimension Digital Technology Co., Ltd.": 1.639344262295082,
        "CommuniGal Communication Ltd.": 1.639344262295082,
        "Communigal Communications Ltd": 0.819672131147541,
        "Dynadot": 0.819672131147541,
        "Dynadot Inc": 10.655737704918034,
        "Dynadot LLC": 1.639344262295082,
        "ERANET INTERNATIONAL LIMITED": 0.819672131147541,
        "GMO Internet Group, Inc. d/b/a Onamae.com": 2.459016393442623,
        "Gname 002 Inc": 0.819672131147541,
        "Gname.com Pte. Ltd.": 7.377049180327869,
        "Go Australia Domains Inc": 0.819672131147541,
        "Go Canada Domains Inc": 1.639344262295082,
        "Go China Domains Inc": 0.819672131147541,
        "Go Montenegro Domains, LLC": 4.098360655737705,
        "GoDaddy.com, LLC": 32.78688524590164,
        "InsaneNames LLC": 0.819672131147541,
        "Name.com, Inc": 1.639344262295082,
        "Name.com, Inc.": 1.639344262295082,
        "NameCheap, Inc.": 7.377049180327869,
        "Porkbun LLC": 0.819672131147541,
        "Spaceship, Inc.": 5.737704918032787,
        "URL Solutions, Inc.": 0.819672131147541,
        "West263 International Limited": 0.819672131147541,
        "Wild West Domains, Inc.": 1.639344262295082,
        "total": 100.0
    }
}