{
    "counter": {
        "Amazon Registrar, Inc.": 2,
        "Chengdu West Dimension Digital Technology Co., Ltd.": 2,
        "Communigal Communications Ltd": 4,
        "DNSPod, Inc.": 2,
        "Domain International Services Limited": 20,
        "Dynadot Inc": 46,
        "ERANET INTERNATIONAL LIMITED": 2,
        "Eranet International Limited": 22,
        "GMO Internet Group, Inc. d/b/a Onamae.com": 2,
        "Gname.com Pte. Ltd.": 18,
        "Go Australia Domains Inc": 6,
        "Go Canada Domains Inc": 2,
        "Go Daddy, LLC": 8,
        "Go Montenegro Domains, LLC": 4,
        "GoDaddy.com, LLC": 24,
        "InsaneNames LLC": 2,
        "Name.com, Inc": 4,
        "Name.com, Inc.": 10,
        "NameCheap, Inc.": 14,
        "Namecheap": 12,
        "Spaceship, Inc.": 28,
        "Tucows Domains Inc.": 2,
        "West263 International Limited": 2,
        "eName Technology Co., Ltd.": 4,
        "total": 242
    },
    "percentage": {
        "Amazon Registrar, Inc.": 0.8264462809917356,
        "Chengdu West Dimension Digital Technology Co., Ltd.": 0.8264462809917356,
        "Communigal Communications Ltd": 1.6528925619834711,
        "DNSPod, Inc.": 0.8264462809917356,
        "Domain International Services Limited": 8.264462809917354,
        "Dynadot Inc": 19.00826446280992,
        "ERANET INTERNATIONAL LIMITED": 0.8264462809917356,
        "Eranet International Limited": 9.090909090909092,
        "GMO Internet Group, Inc. d/b/a Onamae.com": 0.8264462809917356,
        "Gname.com Pte. Ltd.": 7.43801652892562,
        "Go Australia Domains Inc": 2.479338842975207,
        "Go Canada Domains Inc": 0.8264462809917356,
        "Go Daddy, LLC": 3.3057851239669422,
        "Go Montenegro Domains, LLC": 1.6528925619834711,
        "GoDaddy.com, LLC": 9.917355371900827,
        "InsaneNames LLC": 0.8264462809917356,
        "Name.com, Inc": 1.6528925619834711,
        "Name.com, Inc.": 4.132231404958677,
        "NameCheap, Inc.": 5.785123966942149,
        "Namecheap": 4.958677685950414,
        "Spaceship, Inc.": 11.570247933884298,
        "Tucows Domains Inc.": 0.8264462809917356,
        "West263 International Limited": 0.8264462809917356,
        "eName Technology Co., Ltd.": 1.6528925619834711,
        "total": 100.0
    }
}