{
    "counter": {
        "Chengdu West Dimension Digital Technology Co., Ltd.": 2,
        "Domain International Services Limited": 14,
        "Dynadot Inc": 16,
        "Dynadot LLC": 2,
        "ERANET INTERNATIONAL LIMITED": 2,
        "Eranet International Limited": 8,
        "Gname.com Pte. Ltd.": 4,
        "Go Australia Domains Inc": 4,
        "Go Canada Domains Inc": 2,
        "Go Montenegro Domains, LLC": 4,
        "GoDaddy.com, LLC": 14,
        "Name.com, Inc": 2,
        "Name.com, Inc.": 6,
        "Namecheap": 4,
        "Spaceship, Inc.": 2,
        "Tucows Domains Inc.": 2,
        "West263 International Limited": 2,
        "eName Technology Co., Ltd.": 2,
        "total": 92
    },
    "percentage": {
        "Chengdu West Dimension Digital Technology Co., Ltd.": 2.1739130434782608,
        "Domain International Services Limited": 15.217391304347826,
        "Dynadot Inc": 17.391304347826086,
        "Dynadot LLC": 2.1739130434782608,
        "ERANET INTERNATIONAL LIMITED": 2.1739130434782608,
        "Eranet International Limited": 8.695652173913043,
        "Gname.com Pte. Ltd.": 4.3478260869565215,
        "Go Australia Domains Inc": 4.3478260869565215,
        "Go Canada Domains Inc": 2.1739130434782608,
        "Go Montenegro Domains, LLC": 4.3478260869565215,
        "GoDaddy.com, LLC": 15.217391304347826,
        "Name.com, Inc": 2.1739130434782608,
        "Name.com, Inc.": 6.521739130434782,
        "Namecheap": 4.3478260869565215,
        "Spaceship, Inc.": 2.1739130434782608,
        "Tucows Domains Inc.": 2.1739130434782608,
        "West263 International Limited": 2.1739130434782608,
        "eName Technology Co., Ltd.": 2.1739130434782608,
        "total": 100.0
    }
}