{
    "counter": {
        "Amazon Registrar, Inc.": 8,
        "Blue Razor Domains, LLC": 2,
        "Dynadot Inc": 26,
        "Dynadot LLC": 2,
        "Dynadot, LLC": 2,
        "ERANET INTERNATIONAL LIMITED": 2,
        "Edomains LLC": 2,
        "GMO Internet Group, Inc. d/b/a Onamae.com": 2,
        "Gname 004 Inc": 2,
        "Gname 008 Inc": 2,
        "Gname 010 Inc": 2,
        "Gname.com Pte. Ltd.": 18,
        "Go Australia Domains Inc": 8,
        "Go Canada Domains Inc": 8,
        "Go China Domains Inc": 2,
        "Go Daddy, LLC": 1064,
        "Go France Domains Inc": 4,
        "Go Montenegro Domains, LLC": 6,
        "GoDaddy.com, LLC": 26,
        "HOSTINGER operations, UAB": 2,
        "InsaneNames LLC": 2,
        "NAMEMART PTE. LTD.": 2,
        "Name.com, Inc": 6,
        "Name.com, Inc.": 18,
        "NameCheap, Inc.": 22,
        "NameSilo, LLC": 4,
        "Namecheap": 6,
        "Sav.com, LLC- 6": 2,
        "Spaceship, Inc.": 2,
        "Squarespace Domains II LLC": 2,
        "URL Solutions Inc.": 2,
        "VIRTUA DRUG Kutatási Szolgáltató Korlátolt Felelősségű Társaság": 2,
        "Virtualia LLC": 2,
        "Wild West Domains, Inc.": 2,
        "iNET SOFTWARE COMPANY LIMITED": 2,
        "total": 1266
    },
    "percentage": {
        "Amazon Registrar, Inc.": 0.631911532385466,
        "Blue Razor Domains, LLC": 0.1579778830963665,
        "Dynadot Inc": 2.0537124802527646,
        "Dynadot LLC": 0.1579778830963665,
        "Dynadot, LLC": 0.1579778830963665,
        "ERANET INTERNATIONAL LIMITED": 0.1579778830963665,
        "Edomains LLC": 0.1579778830963665,
        "GMO Internet Group, Inc. d/b/a Onamae.com": 0.1579778830963665,
        "Gname 004 Inc": 0.1579778830963665,
        "Gname 008 Inc": 0.1579778830963665,
        "Gname 010 Inc": 0.1579778830963665,
        "Gname.com Pte. Ltd.": 1.4218009478672986,
        "Go Australia Domains Inc": 0.631911532385466,
        "Go Canada Domains Inc": 0.631911532385466,
        "Go China Domains Inc": 0.1579778830963665,
        "Go Daddy, LLC": 84.04423380726698,
        "Go France Domains Inc": 0.315955766192733,
        "Go Montenegro Domains, LLC": 0.47393364928909953,
        "GoDaddy.com, LLC": 2.0537124802527646,
        "HOSTINGER operations, UAB": 0.1579778830963665,
        "InsaneNames LLC": 0.1579778830963665,
        "NAMEMART PTE. LTD.": 0.1579778830963665,
        "Name.com, Inc": 0.47393364928909953,
        "Name.com, Inc.": 1.4218009478672986,
        "NameCheap, Inc.": 1.7377567140600316,
        "NameSilo, LLC": 0.315955766192733,
        "Namecheap": 0.47393364928909953,
        "Sav.com, LLC- 6": 0.1579778830963665,
        "Spaceship, Inc.": 0.1579778830963665,
        "Squarespace Domains II LLC": 0.1579778830963665,
        "URL Solutions Inc.": 0.1579778830963665,
        "VIRTUA DRUG Kutatási Szolgáltató Korlátolt Felelősségű Társaság": 0.1579778830963665,
        "Virtualia LLC": 0.1579778830963665,
        "Wild West Domains, Inc.": 0.1579778830963665,
        "iNET SOFTWARE COMPANY LIMITED": 0.1579778830963665,
        "total": 100.0
    }
}