{
    "counter": {
        "1API GmbH": 2,
        "Amazon Registrar, Inc.": 8,
        "Blue Razor Domains, LLC": 2,
        "CommuniGal Communication Ltd.": 2,
        "Dynadot Inc": 24,
        "Dynadot LLC": 2,
        "Dynadot, LLC": 2,
        "ERANET INTERNATIONAL LIMITED": 2,
        "GMO Internet Group, Inc. d/b/a Onamae.com": 2,
        "Gname 004 Inc": 2,
        "Gname 010 Inc": 2,
        "Gname.com Pte. Ltd.": 20,
        "Go Australia Domains Inc": 8,
        "Go Canada Domains Inc": 8,
        "Go China Domains Inc": 2,
        "Go Daddy, LLC": 850,
        "Go France Domains Inc": 2,
        "Go Montenegro Domains, LLC": 6,
        "GoDaddy.com, LLC": 32,
        "HOSTINGER operations, UAB": 2,
        "InsaneNames LLC": 2,
        "NAMEMART PTE. LTD.": 2,
        "Name.com, Inc": 4,
        "Name.com, Inc.": 14,
        "NameCheap, Inc.": 20,
        "NameSilo, LLC": 2,
        "Namecheap": 10,
        "Sav.com, LLC - 1": 2,
        "Sav.com, LLC- 6": 2,
        "Spaceship, Inc.": 18,
        "Squarespace Domains II LLC": 2,
        "URL Solutions Inc.": 2,
        "VIRTUA DRUG Kutatási Szolgáltató Korlátolt Felelősségű Társaság": 2,
        "Virtualia LLC": 2,
        "iNET SOFTWARE COMPANY LIMITED": 2,
        "total": 1066
    },
    "percentage": {
        "1API GmbH": 0.18761726078799248,
        "Amazon Registrar, Inc.": 0.7504690431519699,
        "Blue Razor Domains, LLC": 0.18761726078799248,
        "CommuniGal Communication Ltd.": 0.18761726078799248,
        "Dynadot Inc": 2.25140712945591,
        "Dynadot LLC": 0.18761726078799248,
        "Dynadot, LLC": 0.18761726078799248,
        "ERANET INTERNATIONAL LIMITED": 0.18761726078799248,
        "GMO Internet Group, Inc. d/b/a Onamae.com": 0.18761726078799248,
        "Gname 004 Inc": 0.18761726078799248,
        "Gname 010 Inc": 0.18761726078799248,
        "Gname.com Pte. Ltd.": 1.876172607879925,
        "Go Australia Domains Inc": 0.7504690431519699,
        "Go Canada Domains Inc": 0.7504690431519699,
        "Go China Domains Inc": 0.18761726078799248,
        "Go Daddy, LLC": 79.73733583489681,
        "Go France Domains Inc": 0.18761726078799248,
        "Go Montenegro Domains, LLC": 0.5628517823639775,
        "GoDaddy.com, LLC": 3.0018761726078798,
        "HOSTINGER operations, UAB": 0.18761726078799248,
        "InsaneNames LLC": 0.18761726078799248,
        "NAMEMART PTE. LTD.": 0.18761726078799248,
        "Name.com, Inc": 0.37523452157598497,
        "Name.com, Inc.": 1.3133208255159474,
        "NameCheap, Inc.": 1.876172607879925,
        "NameSilo, LLC": 0.18761726078799248,
        "Namecheap": 0.9380863039399625,
        "Sav.com, LLC - 1": 0.18761726078799248,
        "Sav.com, LLC- 6": 0.18761726078799248,
        "Spaceship, Inc.": 1.6885553470919326,
        "Squarespace Domains II LLC": 0.18761726078799248,
        "URL Solutions Inc.": 0.18761726078799248,
        "VIRTUA DRUG Kutatási Szolgáltató Korlátolt Felelősségű Társaság": 0.18761726078799248,
        "Virtualia LLC": 0.18761726078799248,
        "iNET SOFTWARE COMPANY LIMITED": 0.18761726078799248,
        "total": 100.0
    }
}