{
    "counter": {
        "Chengdu West Dimension Digital Technology Co., Ltd.": 4,
        "Communigal Communications Ltd": 2,
        "Domain International Services Limited": 18,
        "Dynadot Inc": 26,
        "Dynadot LLC": 2,
        "ERANET INTERNATIONAL LIMITED": 2,
        "Eranet International Limited": 8,
        "Gname.com Pte. Ltd.": 18,
        "Go Australia Domains Inc": 4,
        "Go Canada Domains Inc": 2,
        "Go Montenegro Domains, LLC": 4,
        "GoDaddy.com, LLC": 28,
        "Name.com, Inc": 2,
        "Name.com, Inc.": 10,
        "NameCheap, Inc.": 4,
        "NameSilo, LLC": 2,
        "Namecheap": 10,
        "Spaceship, Inc.": 2,
        "Tucows Domains Inc.": 2,
        "West263 International Limited": 2,
        "eName Technology Co., Ltd.": 4,
        "total": 156
    },
    "percentage": {
        "Chengdu West Dimension Digital Technology Co., Ltd.": 2.5641025641025643,
        "Communigal Communications Ltd": 1.2820512820512822,
        "Domain International Services Limited": 11.538461538461538,
        "Dynadot Inc": 16.666666666666668,
        "Dynadot LLC": 1.2820512820512822,
        "ERANET INTERNATIONAL LIMITED": 1.2820512820512822,
        "Eranet International Limited": 5.128205128205129,
        "Gname.com Pte. Ltd.": 11.538461538461538,
        "Go Australia Domains Inc": 2.5641025641025643,
        "Go Canada Domains Inc": 1.2820512820512822,
        "Go Montenegro Domains, LLC": 2.5641025641025643,
        "GoDaddy.com, LLC": 17.94871794871795,
        "Name.com, Inc": 1.2820512820512822,
        "Name.com, Inc.": 6.410256410256411,
        "NameCheap, Inc.": 2.5641025641025643,
        "NameSilo, LLC": 1.2820512820512822,
        "Namecheap": 6.410256410256411,
        "Spaceship, Inc.": 1.2820512820512822,
        "Tucows Domains Inc.": 1.2820512820512822,
        "West263 International Limited": 1.2820512820512822,
        "eName Technology Co., Ltd.": 2.5641025641025643,
        "total": 100.0
    }
}