{
    "counter": {
        "Amazon Registrar, Inc.": 4,
        "Blue Razor Domains, LLC": 2,
        "CSC Corporate Domains, Inc.": 14,
        "Chengdu West Dimension Digital Technology Co., Ltd.": 6,
        "CommuniGal Communication Ltd.": 4,
        "Communigal Communications Ltd": 2,
        "Dynadot Inc": 26,
        "Dynadot LLC": 2,
        "ERANET INTERNATIONAL LIMITED": 2,
        "Edomains LLC": 2,
        "GMO Internet Group, Inc. d/b/a Onamae.com": 10,
        "Gname 002 Inc": 2,
        "Gname.com Pte. Ltd.": 18,
        "Go Australia Domains Inc": 2,
        "Go Canada Domains Inc": 4,
        "Go China Domains Inc": 2,
        "Go Daddy, LLC": 2,
        "Go Montenegro Domains, LLC": 10,
        "GoDaddy.com, LLC": 62,
        "InsaneNames LLC": 2,
        "Name.com, Inc": 4,
        "Name.com, Inc.": 6,
        "NameCheap, Inc.": 16,
        "Spaceship, Inc.": 12,
        "URL Solutions, Inc.": 2,
        "West263 International Limited": 2,
        "Wild West Domains, Inc.": 4,
        "total": 224
    },
    "percentage": {
        "Amazon Registrar, Inc.": 1.7857142857142858,
        "Blue Razor Domains, LLC": 0.8928571428571429,
        "CSC Corporate Domains, Inc.": 6.25,
        "Chengdu West Dimension Digital Technology Co., Ltd.": 2.6785714285714284,
        "CommuniGal Communication Ltd.": 1.7857142857142858,
        "Communigal Communications Ltd": 0.8928571428571429,
        "Dynadot Inc": 11.607142857142858,
        "Dynadot LLC": 0.8928571428571429,
        "ERANET INTERNATIONAL LIMITED": 0.8928571428571429,
        "Edomains LLC": 0.8928571428571429,
        "GMO Internet Group, Inc. d/b/a Onamae.com": 4.464285714285714,
        "Gname 002 Inc": 0.8928571428571429,
        "Gname.com Pte. Ltd.": 8.035714285714286,
        "Go Australia Domains Inc": 0.8928571428571429,
        "Go Canada Domains Inc": 1.7857142857142858,
        "Go China Domains Inc": 0.8928571428571429,
        "Go Daddy, LLC": 0.8928571428571429,
        "Go Montenegro Domains, LLC": 4.464285714285714,
        "GoDaddy.com, LLC": 27.678571428571427,
        "InsaneNames LLC": 0.8928571428571429,
        "Name.com, Inc": 1.7857142857142858,
        "Name.com, Inc.": 2.6785714285714284,
        "NameCheap, Inc.": 7.142857142857143,
        "Spaceship, Inc.": 5.357142857142857,
        "URL Solutions, Inc.": 0.8928571428571429,
        "West263 International Limited": 0.8928571428571429,
        "Wild West Domains, Inc.": 1.7857142857142858,
        "total": 100.0
    }
}