{
    "counter": {
        "Amazon Registrar, Inc.": 8,
        "Blue Razor Domains, LLC": 2,
        "Dynadot Inc": 22,
        "Dynadot LLC": 2,
        "Dynadot, LLC": 2,
        "ERANET INTERNATIONAL LIMITED": 2,
        "GMO Internet Group, Inc. d/b/a Onamae.com": 2,
        "Gname 008 Inc": 2,
        "Gname.com Pte. Ltd.": 28,
        "Go Australia Domains Inc": 8,
        "Go Canada Domains Inc": 8,
        "Go China Domains Inc": 2,
        "Go Daddy, LLC": 1060,
        "Go France Domains Inc": 4,
        "Go Montenegro Domains, LLC": 6,
        "GoDaddy.com, LLC": 22,
        "HOSTINGER operations, UAB": 2,
        "InsaneNames LLC": 2,
        "NAMEMART PTE. LTD.": 2,
        "Name.com, Inc": 4,
        "Name.com, Inc.": 16,
        "NameCheap, Inc.": 22,
        "NameSilo, LLC": 2,
        "Namecheap": 12,
        "Sav.com, LLC- 6": 2,
        "Spaceship, Inc.": 16,
        "Squarespace Domains II LLC": 2,
        "VIRTUA DRUG Kutatási Szolgáltató Korlátolt Felelősségű Társaság": 2,
        "Virtualia LLC": 2,
        "iNET SOFTWARE COMPANY LIMITED": 2,
        "total": 1268
    },
    "percentage": {
        "Amazon Registrar, Inc.": 0.6309148264984227,
        "Blue Razor Domains, LLC": 0.15772870662460567,
        "Dynadot Inc": 1.7350157728706626,
        "Dynadot LLC": 0.15772870662460567,
        "Dynadot, LLC": 0.15772870662460567,
        "ERANET INTERNATIONAL LIMITED": 0.15772870662460567,
        "GMO Internet Group, Inc. d/b/a Onamae.com": 0.15772870662460567,
        "Gname 008 Inc": 0.15772870662460567,
        "Gname.com Pte. Ltd.": 2.2082018927444795,
        "Go Australia Domains Inc": 0.6309148264984227,
        "Go Canada Domains Inc": 0.6309148264984227,
        "Go China Domains Inc": 0.15772870662460567,
        "Go Daddy, LLC": 83.59621451104101,
        "Go France Domains Inc": 0.31545741324921134,
        "Go Montenegro Domains, LLC": 0.47318611987381703,
        "GoDaddy.com, LLC": 1.7350157728706626,
        "HOSTINGER operations, UAB": 0.15772870662460567,
        "InsaneNames LLC": 0.15772870662460567,
        "NAMEMART PTE. LTD.": 0.15772870662460567,
        "Name.com, Inc": 0.31545741324921134,
        "Name.com, Inc.": 1.2618296529968454,
        "NameCheap, Inc.": 1.7350157728706626,
        "NameSilo, LLC": 0.15772870662460567,
        "Namecheap": 0.9463722397476341,
        "Sav.com, LLC- 6": 0.15772870662460567,
        "Spaceship, Inc.": 1.2618296529968454,
        "Squarespace Domains II LLC": 0.15772870662460567,
        "VIRTUA DRUG Kutatási Szolgáltató Korlátolt Felelősségű Társaság": 0.15772870662460567,
        "Virtualia LLC": 0.15772870662460567,
        "iNET SOFTWARE COMPANY LIMITED": 0.15772870662460567,
        "total": 100.0
    }
}