{
    "counter": {
        "Blue Razor Domains, LLC": 26,
        "Domain International Services Limited": 2,
        "Dynadot Inc": 62,
        "ERANET INTERNATIONAL LIMITED": 2,
        "Gname 002 Inc": 2,
        "Gname 003 Inc": 2,
        "Gname.com Pte. Ltd.": 54,
        "Go Australia Domains Inc": 24,
        "Go Canada Domains Inc": 36,
        "Go China Domains Inc": 14,
        "Go Daddy, LLC": 4,
        "Go France Domains Inc": 24,
        "Go Montenegro Domains, LLC": 26,
        "GoDaddy.com, LLC": 60,
        "July Name Limited": 2,
        "Name.com, Inc": 2,
        "Name.com, Inc.": 32,
        "NameCheap, Inc.": 4,
        "NameSilo, LLC": 28,
        "Namecheap": 2,
        "Sav.com, LLC - 23": 2,
        "Sav.com, LLC - 7": 2,
        "Sav.com, LLC- 6": 2,
        "Spaceship, Inc.": 52,
        "West263 International Limited": 2,
        "Wild West Domains, Inc.": 16,
        "eName Technology Co., Ltd.": 4,
        "total": 488
    },
    "percentage": {
        "Blue Razor Domains, LLC": 5.327868852459017,
        "Domain International Services Limited": 0.4098360655737705,
        "Dynadot Inc": 12.704918032786885,
        "ERANET INTERNATIONAL LIMITED": 0.4098360655737705,
        "Gname 002 Inc": 0.4098360655737705,
        "Gname 003 Inc": 0.4098360655737705,
        "Gname.com Pte. Ltd.": 11.065573770491802,
        "Go Australia Domains Inc": 4.918032786885246,
        "Go Canada Domains Inc": 7.377049180327869,
        "Go China Domains Inc": 2.8688524590163933,
        "Go Daddy, LLC": 0.819672131147541,
        "Go France Domains Inc": 4.918032786885246,
        "Go Montenegro Domains, LLC": 5.327868852459017,
        "GoDaddy.com, LLC": 12.295081967213115,
        "July Name Limited": 0.4098360655737705,
        "Name.com, Inc": 0.4098360655737705,
        "Name.com, Inc.": 6.557377049180328,
        "NameCheap, Inc.": 0.819672131147541,
        "NameSilo, LLC": 5.737704918032787,
        "Namecheap": 0.4098360655737705,
        "Sav.com, LLC - 23": 0.4098360655737705,
        "Sav.com, LLC - 7": 0.4098360655737705,
        "Sav.com, LLC- 6": 0.4098360655737705,
        "Spaceship, Inc.": 10.655737704918034,
        "West263 International Limited": 0.4098360655737705,
        "Wild West Domains, Inc.": 3.278688524590164,
        "eName Technology Co., Ltd.": 0.819672131147541,
        "total": 100.0
    }
}