{
    "counter": {
        "Chengdu West Dimension Digital Technology Co., Ltd.": 2,
        "Domain International Services Limited": 14,
        "Dynadot Inc": 16,
        "Dynadot LLC": 2,
        "ERANET INTERNATIONAL LIMITED": 2,
        "Eranet International Limited": 6,
        "Gname.com Pte. Ltd.": 2,
        "Go Australia Domains Inc": 4,
        "Go Canada Domains Inc": 2,
        "Go Montenegro Domains, LLC": 4,
        "GoDaddy.com, LLC": 12,
        "Name.com, Inc": 2,
        "Name.com, Inc.": 6,
        "Namecheap": 4,
        "Spaceship, Inc.": 2,
        "Tucows Domains Inc.": 2,
        "West263 International Limited": 2,
        "eName Technology Co., Ltd.": 2,
        "total": 86
    },
    "percentage": {
        "Chengdu West Dimension Digital Technology Co., Ltd.": 2.3255813953488373,
        "Domain International Services Limited": 16.27906976744186,
        "Dynadot Inc": 18.6046511627907,
        "Dynadot LLC": 2.3255813953488373,
        "ERANET INTERNATIONAL LIMITED": 2.3255813953488373,
        "Eranet International Limited": 6.976744186046512,
        "Gname.com Pte. Ltd.": 2.3255813953488373,
        "Go Australia Domains Inc": 4.651162790697675,
        "Go Canada Domains Inc": 2.3255813953488373,
        "Go Montenegro Domains, LLC": 4.651162790697675,
        "GoDaddy.com, LLC": 13.953488372093023,
        "Name.com, Inc": 2.3255813953488373,
        "Name.com, Inc.": 6.976744186046512,
        "Namecheap": 4.651162790697675,
        "Spaceship, Inc.": 2.3255813953488373,
        "Tucows Domains Inc.": 2.3255813953488373,
        "West263 International Limited": 2.3255813953488373,
        "eName Technology Co., Ltd.": 2.3255813953488373,
        "total": 100.0
    }
}