{
    "counter": {
        "Amazon Registrar, Inc.": 4,
        "Blue Razor Domains, LLC": 2,
        "Dynadot Inc": 14,
        "ERANET INTERNATIONAL LIMITED": 2,
        "GMO Internet Group, Inc. d/b/a Onamae.com": 2,
        "Gname 010 Inc": 4,
        "Gname.com Pte. Ltd.": 28,
        "Go Australia Domains Inc": 8,
        "Go Canada Domains Inc": 6,
        "Go Daddy, LLC": 690,
        "Go France Domains Inc": 2,
        "Go Montenegro Domains, LLC": 4,
        "GoDaddy.com, LLC": 16,
        "HOSTINGER operations, UAB": 2,
        "InsaneNames LLC": 2,
        "NAMEMART PTE. LTD.": 2,
        "Name.com, Inc": 4,
        "Name.com, Inc.": 16,
        "NameCheap, Inc.": 18,
        "NameSilo, LLC": 2,
        "Namecheap": 6,
        "Sav.com, LLC- 6": 2,
        "Spaceship, Inc.": 14,
        "Squarespace Domains II LLC": 2,
        "Virtualia LLC": 2,
        "Wild West Domains, Inc.": 2,
        "iNET SOFTWARE COMPANY LIMITED": 2,
        "total": 858
    },
    "percentage": {
        "Amazon Registrar, Inc.": 0.4662004662004662,
        "Blue Razor Domains, LLC": 0.2331002331002331,
        "Dynadot Inc": 1.6317016317016317,
        "ERANET INTERNATIONAL LIMITED": 0.2331002331002331,
        "GMO Internet Group, Inc. d/b/a Onamae.com": 0.2331002331002331,
        "Gname 010 Inc": 0.4662004662004662,
        "Gname.com Pte. Ltd.": 3.2634032634032635,
        "Go Australia Domains Inc": 0.9324009324009324,
        "Go Canada Domains Inc": 0.6993006993006993,
        "Go Daddy, LLC": 80.41958041958041,
        "Go France Domains Inc": 0.2331002331002331,
        "Go Montenegro Domains, LLC": 0.4662004662004662,
        "GoDaddy.com, LLC": 1.8648018648018647,
        "HOSTINGER operations, UAB": 0.2331002331002331,
        "InsaneNames LLC": 0.2331002331002331,
        "NAMEMART PTE. LTD.": 0.2331002331002331,
        "Name.com, Inc": 0.4662004662004662,
        "Name.com, Inc.": 1.8648018648018647,
        "NameCheap, Inc.": 2.097902097902098,
        "NameSilo, LLC": 0.2331002331002331,
        "Namecheap": 0.6993006993006993,
        "Sav.com, LLC- 6": 0.2331002331002331,
        "Spaceship, Inc.": 1.6317016317016317,
        "Squarespace Domains II LLC": 0.2331002331002331,
        "Virtualia LLC": 0.2331002331002331,
        "Wild West Domains, Inc.": 0.2331002331002331,
        "iNET SOFTWARE COMPANY LIMITED": 0.2331002331002331,
        "total": 100.0
    }
}