{
    "counter": {
        "Communigal Communications Ltd": 2,
        "Domain International Services Limited": 16,
        "Dynadot Inc": 38,
        "Dynadot LLC": 8,
        "Eranet International Limited": 2,
        "Gname.com Pte. Ltd.": 8,
        "Go Australia Domains Inc": 4,
        "Go Canada Domains Inc": 2,
        "Go Daddy, LLC": 2,
        "GoDaddy.com, LLC": 2,
        "NameSilo, LLC": 2,
        "Namecheap": 4,
        "Spaceship, Inc.": 10,
        "West263 International Limited": 4,
        "total": 104
    },
    "percentage": {
        "Communigal Communications Ltd": 1.9230769230769231,
        "Domain International Services Limited": 15.384615384615385,
        "Dynadot Inc": 36.53846153846154,
        "Dynadot LLC": 7.6923076923076925,
        "Eranet International Limited": 1.9230769230769231,
        "Gname.com Pte. Ltd.": 7.6923076923076925,
        "Go Australia Domains Inc": 3.8461538461538463,
        "Go Canada Domains Inc": 1.9230769230769231,
        "Go Daddy, LLC": 1.9230769230769231,
        "GoDaddy.com, LLC": 1.9230769230769231,
        "NameSilo, LLC": 1.9230769230769231,
        "Namecheap": 3.8461538461538463,
        "Spaceship, Inc.": 9.615384615384615,
        "West263 International Limited": 3.8461538461538463,
        "total": 100.0
    }
}