{
    "counter": {
        "Amazon Registrar, Inc.": 8,
        "CommuniGal Communication Ltd.": 2,
        "Dynadot Inc": 26,
        "Dynadot LLC": 2,
        "Dynadot, LLC": 4,
        "ERANET INTERNATIONAL LIMITED": 2,
        "Edomains LLC": 2,
        "GMO Internet Group, Inc. d/b/a Onamae.com": 2,
        "Gname 002 Inc": 2,
        "Gname 004 Inc": 2,
        "Gname 005 Inc": 6,
        "Gname 007 Inc": 2,
        "Gname 008 Inc": 2,
        "Gname 010 Inc": 4,
        "Gname.com Pte. Ltd.": 16,
        "Go Australia Domains Inc": 6,
        "Go Canada Domains Inc": 6,
        "Go Daddy, LLC": 1058,
        "Go France Domains Inc": 4,
        "Go Montenegro Domains, LLC": 4,
        "GoDaddy.com, LLC": 34,
        "HOSTINGER operations, UAB": 2,
        "InsaneNames LLC": 2,
        "July Name Limited": 2,
        "NAMEMART PTE. LTD.": 2,
        "Name.com, Inc": 4,
        "Name.com, Inc.": 18,
        "NameCheap, Inc.": 32,
        "NameSilo, LLC": 4,
        "Namecheap": 14,
        "Sav.com, LLC- 6": 2,
        "Spaceship, Inc.": 2,
        "Squarespace Domains II LLC": 2,
        "VIRTUA DRUG Kutatási Szolgáltató Korlátolt Felelősségű Társaság": 4,
        "Virtualia LLC": 4,
        "West263 International Limited": 2,
        "Wild West Domains, Inc.": 2,
        "iNET SOFTWARE COMPANY LIMITED": 2,
        "total": 1294
    },
    "percentage": {
        "Amazon Registrar, Inc.": 0.6182380216383307,
        "CommuniGal Communication Ltd.": 0.1545595054095827,
        "Dynadot Inc": 2.009273570324575,
        "Dynadot LLC": 0.1545595054095827,
        "Dynadot, LLC": 0.3091190108191654,
        "ERANET INTERNATIONAL LIMITED": 0.1545595054095827,
        "Edomains LLC": 0.1545595054095827,
        "GMO Internet Group, Inc. d/b/a Onamae.com": 0.1545595054095827,
        "Gname 002 Inc": 0.1545595054095827,
        "Gname 004 Inc": 0.1545595054095827,
        "Gname 005 Inc": 0.46367851622874806,
        "Gname 007 Inc": 0.1545595054095827,
        "Gname 008 Inc": 0.1545595054095827,
        "Gname 010 Inc": 0.3091190108191654,
        "Gname.com Pte. Ltd.": 1.2364760432766615,
        "Go Australia Domains Inc": 0.46367851622874806,
        "Go Canada Domains Inc": 0.46367851622874806,
        "Go Daddy, LLC": 81.76197836166924,
        "Go France Domains Inc": 0.3091190108191654,
        "Go Montenegro Domains, LLC": 0.3091190108191654,
        "GoDaddy.com, LLC": 2.6275115919629055,
        "HOSTINGER operations, UAB": 0.1545595054095827,
        "InsaneNames LLC": 0.1545595054095827,
        "July Name Limited": 0.1545595054095827,
        "NAMEMART PTE. LTD.": 0.1545595054095827,
        "Name.com, Inc": 0.3091190108191654,
        "Name.com, Inc.": 1.3910355486862442,
        "NameCheap, Inc.": 2.472952086553323,
        "NameSilo, LLC": 0.3091190108191654,
        "Namecheap": 1.0819165378670788,
        "Sav.com, LLC- 6": 0.1545595054095827,
        "Spaceship, Inc.": 0.1545595054095827,
        "Squarespace Domains II LLC": 0.1545595054095827,
        "VIRTUA DRUG Kutatási Szolgáltató Korlátolt Felelősségű Társaság": 0.3091190108191654,
        "Virtualia LLC": 0.3091190108191654,
        "West263 International Limited": 0.1545595054095827,
        "Wild West Domains, Inc.": 0.1545595054095827,
        "iNET SOFTWARE COMPANY LIMITED": 0.1545595054095827,
        "total": 100.0
    }
}