{
    "counter": {
        "Amazon Registrar, Inc.": 6,
        "Blue Razor Domains, LLC": 2,
        "CSC Corporate Domains, Inc.": 14,
        "Chengdu West Dimension Digital Technology Co., Ltd.": 4,
        "CommuniGal Communication Ltd.": 4,
        "Communigal Communications Ltd": 2,
        "Dynadot": 2,
        "Dynadot Inc": 28,
        "Dynadot LLC": 4,
        "ERANET INTERNATIONAL LIMITED": 2,
        "GMO Internet Group, Inc. d/b/a Onamae.com": 4,
        "Gname 002 Inc": 2,
        "Gname.com Pte. Ltd.": 18,
        "Go Australia Domains Inc": 2,
        "Go Canada Domains Inc": 4,
        "Go China Domains Inc": 2,
        "Go France Domains Inc": 2,
        "Go Montenegro Domains, LLC": 10,
        "GoDaddy.com, LLC": 72,
        "InsaneNames LLC": 2,
        "Name.com, Inc": 4,
        "Name.com, Inc.": 4,
        "NameCheap, Inc.": 16,
        "Spaceship, Inc.": 14,
        "URL Solutions, Inc.": 2,
        "West263 International Limited": 2,
        "Wild West Domains, Inc.": 4,
        "total": 232
    },
    "percentage": {
        "Amazon Registrar, Inc.": 2.586206896551724,
        "Blue Razor Domains, LLC": 0.8620689655172413,
        "CSC Corporate Domains, Inc.": 6.0344827586206895,
        "Chengdu West Dimension Digital Technology Co., Ltd.": 1.7241379310344827,
        "CommuniGal Communication Ltd.": 1.7241379310344827,
        "Communigal Communications Ltd": 0.8620689655172413,
        "Dynadot": 0.8620689655172413,
        "Dynadot Inc": 12.068965517241379,
        "Dynadot LLC": 1.7241379310344827,
        "ERANET INTERNATIONAL LIMITED": 0.8620689655172413,
        "GMO Internet Group, Inc. d/b/a Onamae.com": 1.7241379310344827,
        "Gname 002 Inc": 0.8620689655172413,
        "Gname.com Pte. Ltd.": 7.758620689655173,
        "Go Australia Domains Inc": 0.8620689655172413,
        "Go Canada Domains Inc": 1.7241379310344827,
        "Go China Domains Inc": 0.8620689655172413,
        "Go France Domains Inc": 0.8620689655172413,
        "Go Montenegro Domains, LLC": 4.310344827586207,
        "GoDaddy.com, LLC": 31.03448275862069,
        "InsaneNames LLC": 0.8620689655172413,
        "Name.com, Inc": 1.7241379310344827,
        "Name.com, Inc.": 1.7241379310344827,
        "NameCheap, Inc.": 6.896551724137931,
        "Spaceship, Inc.": 6.0344827586206895,
        "URL Solutions, Inc.": 0.8620689655172413,
        "West263 International Limited": 0.8620689655172413,
        "Wild West Domains, Inc.": 1.7241379310344827,
        "total": 100.0
    }
}