{
    "counter": {
        "Amazon Registrar, Inc.": 2,
        "Blue Razor Domains, LLC": 4,
        "Chengdu West Dimension Digital Technology Co., Ltd.": 2,
        "Communigal Communications Ltd": 4,
        "DNSPod, Inc.": 2,
        "Domain International Services Limited": 26,
        "Dynadot Inc": 50,
        "Dynadot LLC": 14,
        "ERANET INTERNATIONAL LIMITED": 2,
        "Eranet International Limited": 22,
        "Gname.com Pte. Ltd.": 18,
        "Go Australia Domains Inc": 6,
        "Go Canada Domains Inc": 4,
        "Go China Domains Inc": 2,
        "Go Daddy, LLC": 8,
        "Go France Domains Inc": 2,
        "Go Montenegro Domains, LLC": 4,
        "GoDaddy.com, LLC": 30,
        "InsaneNames LLC": 2,
        "Name.com, Inc": 4,
        "Name.com, Inc.": 10,
        "NameCheap, Inc.": 12,
        "Namecheap": 12,
        "Sav.com LLC": 2,
        "Spaceship, Inc.": 28,
        "Tucows Domains Inc.": 2,
        "West263 International Limited": 8,
        "Wild West Domains, Inc.": 4,
        "eName Technology Co., Ltd.": 4,
        "total": 290
    },
    "percentage": {
        "Amazon Registrar, Inc.": 0.6896551724137931,
        "Blue Razor Domains, LLC": 1.3793103448275863,
        "Chengdu West Dimension Digital Technology Co., Ltd.": 0.6896551724137931,
        "Communigal Communications Ltd": 1.3793103448275863,
        "DNSPod, Inc.": 0.6896551724137931,
        "Domain International Services Limited": 8.96551724137931,
        "Dynadot Inc": 17.24137931034483,
        "Dynadot LLC": 4.827586206896552,
        "ERANET INTERNATIONAL LIMITED": 0.6896551724137931,
        "Eranet International Limited": 7.586206896551724,
        "Gname.com Pte. Ltd.": 6.206896551724138,
        "Go Australia Domains Inc": 2.0689655172413794,
        "Go Canada Domains Inc": 1.3793103448275863,
        "Go China Domains Inc": 0.6896551724137931,
        "Go Daddy, LLC": 2.7586206896551726,
        "Go France Domains Inc": 0.6896551724137931,
        "Go Montenegro Domains, LLC": 1.3793103448275863,
        "GoDaddy.com, LLC": 10.344827586206897,
        "InsaneNames LLC": 0.6896551724137931,
        "Name.com, Inc": 1.3793103448275863,
        "Name.com, Inc.": 3.4482758620689653,
        "NameCheap, Inc.": 4.137931034482759,
        "Namecheap": 4.137931034482759,
        "Sav.com LLC": 0.6896551724137931,
        "Spaceship, Inc.": 9.655172413793103,
        "Tucows Domains Inc.": 0.6896551724137931,
        "West263 International Limited": 2.7586206896551726,
        "Wild West Domains, Inc.": 1.3793103448275863,
        "eName Technology Co., Ltd.": 1.3793103448275863,
        "total": 100.0
    }
}