{
    "counter": {
        "Amazon Registrar, Inc.": 8,
        "Blue Razor Domains, LLC": 2,
        "CSC Corporate Domains, Inc.": 14,
        "Chengdu West Dimension Digital Technology Co., Ltd.": 4,
        "CommuniGal Communication Ltd.": 4,
        "Communigal Communications Ltd": 2,
        "Dynadot": 2,
        "Dynadot Inc": 26,
        "Dynadot LLC": 4,
        "ERANET INTERNATIONAL LIMITED": 2,
        "GMO Internet Group, Inc. d/b/a Onamae.com": 4,
        "Gname 002 Inc": 2,
        "Gname.com Pte. Ltd.": 20,
        "Go Australia Domains Inc": 2,
        "Go Canada Domains Inc": 4,
        "Go China Domains Inc": 2,
        "Go France Domains Inc": 2,
        "Go Montenegro Domains, LLC": 10,
        "GoDaddy.com, LLC": 74,
        "InsaneNames LLC": 2,
        "Name.com, Inc": 4,
        "Name.com, Inc.": 4,
        "NameCheap, Inc.": 18,
        "Spaceship, Inc.": 14,
        "URL Solutions, Inc.": 2,
        "VIRTUA DRUG Kutatási Szolgáltató Korlátolt Felelősségű Társaság": 2,
        "Virtualia LLC": 2,
        "West263 International Limited": 2,
        "Wild West Domains, Inc.": 4,
        "total": 242
    },
    "percentage": {
        "Amazon Registrar, Inc.": 3.3057851239669422,
        "Blue Razor Domains, LLC": 0.8264462809917356,
        "CSC Corporate Domains, Inc.": 5.785123966942149,
        "Chengdu West Dimension Digital Technology Co., Ltd.": 1.6528925619834711,
        "CommuniGal Communication Ltd.": 1.6528925619834711,
        "Communigal Communications Ltd": 0.8264462809917356,
        "Dynadot": 0.8264462809917356,
        "Dynadot Inc": 10.743801652892563,
        "Dynadot LLC": 1.6528925619834711,
        "ERANET INTERNATIONAL LIMITED": 0.8264462809917356,
        "GMO Internet Group, Inc. d/b/a Onamae.com": 1.6528925619834711,
        "Gname 002 Inc": 0.8264462809917356,
        "Gname.com Pte. Ltd.": 8.264462809917354,
        "Go Australia Domains Inc": 0.8264462809917356,
        "Go Canada Domains Inc": 1.6528925619834711,
        "Go China Domains Inc": 0.8264462809917356,
        "Go France Domains Inc": 0.8264462809917356,
        "Go Montenegro Domains, LLC": 4.132231404958677,
        "GoDaddy.com, LLC": 30.578512396694215,
        "InsaneNames LLC": 0.8264462809917356,
        "Name.com, Inc": 1.6528925619834711,
        "Name.com, Inc.": 1.6528925619834711,
        "NameCheap, Inc.": 7.43801652892562,
        "Spaceship, Inc.": 5.785123966942149,
        "URL Solutions, Inc.": 0.8264462809917356,
        "VIRTUA DRUG Kutatási Szolgáltató Korlátolt Felelősségű Társaság": 0.8264462809917356,
        "Virtualia LLC": 0.8264462809917356,
        "West263 International Limited": 0.8264462809917356,
        "Wild West Domains, Inc.": 1.6528925619834711,
        "total": 100.0
    }
}