{
    "counter": {
        "Amazon Registrar, Inc.": 4,
        "Blue Razor Domains, LLC": 2,
        "Chengdu West Dimension Digital Technology Co., Ltd.": 2,
        "Communigal Communications Ltd": 4,
        "DNSPod, Inc.": 2,
        "Domain International Services Limited": 22,
        "Dynadot Inc": 48,
        "ERANET INTERNATIONAL LIMITED": 2,
        "Eranet International Limited": 22,
        "GMO Internet Group, Inc. d/b/a Onamae.com": 2,
        "Gname.com Pte. Ltd.": 20,
        "Go Australia Domains Inc": 6,
        "Go Canada Domains Inc": 2,
        "Go Daddy, LLC": 388,
        "Go Montenegro Domains, LLC": 4,
        "GoDaddy.com, LLC": 30,
        "InsaneNames LLC": 2,
        "Name.com, Inc": 4,
        "Name.com, Inc.": 14,
        "NameCheap, Inc.": 14,
        "Namecheap": 12,
        "Spaceship, Inc.": 32,
        "Tucows Domains Inc.": 2,
        "West263 International Limited": 2,
        "eName Technology Co., Ltd.": 4,
        "iNET SOFTWARE COMPANY LIMITED": 2,
        "total": 648
    },
    "percentage": {
        "Amazon Registrar, Inc.": 0.6172839506172839,
        "Blue Razor Domains, LLC": 0.30864197530864196,
        "Chengdu West Dimension Digital Technology Co., Ltd.": 0.30864197530864196,
        "Communigal Communications Ltd": 0.6172839506172839,
        "DNSPod, Inc.": 0.30864197530864196,
        "Domain International Services Limited": 3.3950617283950617,
        "Dynadot Inc": 7.407407407407407,
        "ERANET INTERNATIONAL LIMITED": 0.30864197530864196,
        "Eranet International Limited": 3.3950617283950617,
        "GMO Internet Group, Inc. d/b/a Onamae.com": 0.30864197530864196,
        "Gname.com Pte. Ltd.": 3.0864197530864197,
        "Go Australia Domains Inc": 0.9259259259259259,
        "Go Canada Domains Inc": 0.30864197530864196,
        "Go Daddy, LLC": 59.876543209876544,
        "Go Montenegro Domains, LLC": 0.6172839506172839,
        "GoDaddy.com, LLC": 4.62962962962963,
        "InsaneNames LLC": 0.30864197530864196,
        "Name.com, Inc": 0.6172839506172839,
        "Name.com, Inc.": 2.1604938271604937,
        "NameCheap, Inc.": 2.1604938271604937,
        "Namecheap": 1.8518518518518519,
        "Spaceship, Inc.": 4.938271604938271,
        "Tucows Domains Inc.": 0.30864197530864196,
        "West263 International Limited": 0.30864197530864196,
        "eName Technology Co., Ltd.": 0.6172839506172839,
        "iNET SOFTWARE COMPANY LIMITED": 0.30864197530864196,
        "total": 100.0
    }
}