{
    "counter": {
        "Amazon Registrar, Inc.": 8,
        "Blue Razor Domains, LLC": 2,
        "CSC Corporate Domains, Inc.": 14,
        "Chengdu West Dimension Digital Technology Co., Ltd.": 6,
        "CommuniGal Communication Ltd.": 6,
        "Communigal Communications Ltd": 4,
        "Dynadot": 2,
        "Dynadot Inc": 36,
        "Dynadot LLC": 2,
        "ERANET INTERNATIONAL LIMITED": 2,
        "GMO Internet Group, Inc. d/b/a Onamae.com": 4,
        "Gname 002 Inc": 2,
        "Gname.com Pte. Ltd.": 20,
        "Go Australia Domains Inc": 2,
        "Go Canada Domains Inc": 2,
        "Go Daddy, LLC": 4,
        "Go Montenegro Domains, LLC": 6,
        "GoDaddy.com, LLC": 128,
        "InsaneNames LLC": 2,
        "Name.com, Inc": 4,
        "Name.com, Inc.": 12,
        "NameCheap, Inc.": 28,
        "Namecheap": 2,
        "Porkbun LLC": 4,
        "Spaceship, Inc.": 14,
        "URL Solutions, Inc.": 2,
        "Virtualia LLC": 2,
        "West263 International Limited": 2,
        "Wild West Domains, Inc.": 6,
        "iNET SOFTWARE COMPANY LIMITED": 2,
        "total": 330
    },
    "percentage": {
        "Amazon Registrar, Inc.": 2.4242424242424243,
        "Blue Razor Domains, LLC": 0.6060606060606061,
        "CSC Corporate Domains, Inc.": 4.242424242424242,
        "Chengdu West Dimension Digital Technology Co., Ltd.": 1.8181818181818181,
        "CommuniGal Communication Ltd.": 1.8181818181818181,
        "Communigal Communications Ltd": 1.2121212121212122,
        "Dynadot": 0.6060606060606061,
        "Dynadot Inc": 10.909090909090908,
        "Dynadot LLC": 0.6060606060606061,
        "ERANET INTERNATIONAL LIMITED": 0.6060606060606061,
        "GMO Internet Group, Inc. d/b/a Onamae.com": 1.2121212121212122,
        "Gname 002 Inc": 0.6060606060606061,
        "Gname.com Pte. Ltd.": 6.0606060606060606,
        "Go Australia Domains Inc": 0.6060606060606061,
        "Go Canada Domains Inc": 0.6060606060606061,
        "Go Daddy, LLC": 1.2121212121212122,
        "Go Montenegro Domains, LLC": 1.8181818181818181,
        "GoDaddy.com, LLC": 38.78787878787879,
        "InsaneNames LLC": 0.6060606060606061,
        "Name.com, Inc": 1.2121212121212122,
        "Name.com, Inc.": 3.6363636363636362,
        "NameCheap, Inc.": 8.484848484848484,
        "Namecheap": 0.6060606060606061,
        "Porkbun LLC": 1.2121212121212122,
        "Spaceship, Inc.": 4.242424242424242,
        "URL Solutions, Inc.": 0.6060606060606061,
        "Virtualia LLC": 0.6060606060606061,
        "West263 International Limited": 0.6060606060606061,
        "Wild West Domains, Inc.": 1.8181818181818181,
        "iNET SOFTWARE COMPANY LIMITED": 0.6060606060606061,
        "total": 100.0
    }
}