{
    "counter": {
        "Amazon Registrar, Inc.": 10,
        "Blue Razor Domains, LLC": 2,
        "CSC Corporate Domains, Inc.": 18,
        "CommuniGal Communication Ltd.": 6,
        "Communigal Communications Ltd": 4,
        "Dynadot": 2,
        "Dynadot Inc": 38,
        "Dynadot LLC": 4,
        "ERANET INTERNATIONAL LIMITED": 2,
        "GMO Internet Group, Inc. d/b/a Onamae.com": 4,
        "Gname 002 Inc": 2,
        "Gname 010 Inc": 2,
        "Gname.com Pte. Ltd.": 22,
        "Go Australia Domains Inc": 4,
        "Go Canada Domains Inc": 2,
        "Go Daddy, LLC": 8,
        "Go Montenegro Domains, LLC": 8,
        "GoDaddy.com, LLC": 44,
        "HOSTINGER operations, UAB": 2,
        "InsaneNames LLC": 2,
        "NAMECHEAP": 2,
        "NAMEMART PTE. LTD.": 2,
        "Name.com, Inc": 4,
        "Name.com, Inc.": 10,
        "NameCheap, Inc.": 48,
        "NameSilo, LLC": 2,
        "Namecheap": 14,
        "Network Solutions, LLC": 2,
        "PDR Ltd. d/b/a PublicDomainRegistry.com": 4,
        "Porkbun LLC": 2,
        "Spaceship, Inc.": 20,
        "URL Solutions, Inc.": 4,
        "Virtualia LLC": 2,
        "West263 International Limited": 2,
        "Wild West Domains, Inc.": 6,
        "iNET SOFTWARE COMPANY LIMITED": 2,
        "total": 312
    },
    "percentage": {
        "Amazon Registrar, Inc.": 3.2051282051282053,
        "Blue Razor Domains, LLC": 0.6410256410256411,
        "CSC Corporate Domains, Inc.": 5.769230769230769,
        "CommuniGal Communication Ltd.": 1.9230769230769231,
        "Communigal Communications Ltd": 1.2820512820512822,
        "Dynadot": 0.6410256410256411,
        "Dynadot Inc": 12.179487179487179,
        "Dynadot LLC": 1.2820512820512822,
        "ERANET INTERNATIONAL LIMITED": 0.6410256410256411,
        "GMO Internet Group, Inc. d/b/a Onamae.com": 1.2820512820512822,
        "Gname 002 Inc": 0.6410256410256411,
        "Gname 010 Inc": 0.6410256410256411,
        "Gname.com Pte. Ltd.": 7.051282051282051,
        "Go Australia Domains Inc": 1.2820512820512822,
        "Go Canada Domains Inc": 0.6410256410256411,
        "Go Daddy, LLC": 2.5641025641025643,
        "Go Montenegro Domains, LLC": 2.5641025641025643,
        "GoDaddy.com, LLC": 14.102564102564102,
        "HOSTINGER operations, UAB": 0.6410256410256411,
        "InsaneNames LLC": 0.6410256410256411,
        "NAMECHEAP": 0.6410256410256411,
        "NAMEMART PTE. LTD.": 0.6410256410256411,
        "Name.com, Inc": 1.2820512820512822,
        "Name.com, Inc.": 3.2051282051282053,
        "NameCheap, Inc.": 15.384615384615385,
        "NameSilo, LLC": 0.6410256410256411,
        "Namecheap": 4.487179487179487,
        "Network Solutions, LLC": 0.6410256410256411,
        "PDR Ltd. d/b/a PublicDomainRegistry.com": 1.2820512820512822,
        "Porkbun LLC": 0.6410256410256411,
        "Spaceship, Inc.": 6.410256410256411,
        "URL Solutions, Inc.": 1.2820512820512822,
        "Virtualia LLC": 0.6410256410256411,
        "West263 International Limited": 0.6410256410256411,
        "Wild West Domains, Inc.": 1.9230769230769231,
        "iNET SOFTWARE COMPANY LIMITED": 0.6410256410256411,
        "total": 100.0
    }
}