{
    "counter": {
        "Amazon Registrar, Inc.": 8,
        "Dynadot Inc": 18,
        "Dynadot LLC": 2,
        "Dynadot, LLC": 4,
        "ERANET INTERNATIONAL LIMITED": 2,
        "Edomains LLC": 2,
        "GMO Internet Group, Inc. d/b/a Onamae.com": 2,
        "Gname 002 Inc": 2,
        "Gname 005 Inc": 4,
        "Gname 007 Inc": 4,
        "Gname 008 Inc": 2,
        "Gname.com Pte. Ltd.": 2,
        "Go Australia Domains Inc": 4,
        "Go Canada Domains Inc": 2,
        "Go Daddy Domains Canada, Inc": 2,
        "Go Daddy, LLC": 194,
        "Go France Domains Inc": 2,
        "Go Montenegro Domains, LLC": 4,
        "GoDaddy.com, LLC": 22,
        "HOSTINGER operations, UAB": 2,
        "InsaneNames LLC": 2,
        "NAMEMART PTE. LTD.": 2,
        "Name.com, Inc": 4,
        "Name.com, Inc.": 6,
        "NameCheap, Inc.": 8,
        "Namecheap": 4,
        "Sav.com, LLC- 6": 2,
        "Spaceship, Inc.": 2,
        "Squarespace Domains II LLC": 2,
        "URL Solutions Inc.": 2,
        "Virtualia LLC": 4,
        "Web Commerce Communications Limited dba WebNic.cc": 2,
        "iNET SOFTWARE COMPANY LIMITED": 2,
        "total": 326
    },
    "percentage": {
        "Amazon Registrar, Inc.": 2.4539877300613497,
        "Dynadot Inc": 5.521472392638037,
        "Dynadot LLC": 0.6134969325153374,
        "Dynadot, LLC": 1.2269938650306749,
        "ERANET INTERNATIONAL LIMITED": 0.6134969325153374,
        "Edomains LLC": 0.6134969325153374,
        "GMO Internet Group, Inc. d/b/a Onamae.com": 0.6134969325153374,
        "Gname 002 Inc": 0.6134969325153374,
        "Gname 005 Inc": 1.2269938650306749,
        "Gname 007 Inc": 1.2269938650306749,
        "Gname 008 Inc": 0.6134969325153374,
        "Gname.com Pte. Ltd.": 0.6134969325153374,
        "Go Australia Domains Inc": 1.2269938650306749,
        "Go Canada Domains Inc": 0.6134969325153374,
        "Go Daddy Domains Canada, Inc": 0.6134969325153374,
        "Go Daddy, LLC": 59.50920245398773,
        "Go France Domains Inc": 0.6134969325153374,
        "Go Montenegro Domains, LLC": 1.2269938650306749,
        "GoDaddy.com, LLC": 6.748466257668712,
        "HOSTINGER operations, UAB": 0.6134969325153374,
        "InsaneNames LLC": 0.6134969325153374,
        "NAMEMART PTE. LTD.": 0.6134969325153374,
        "Name.com, Inc": 1.2269938650306749,
        "Name.com, Inc.": 1.8404907975460123,
        "NameCheap, Inc.": 2.4539877300613497,
        "Namecheap": 1.2269938650306749,
        "Sav.com, LLC- 6": 0.6134969325153374,
        "Spaceship, Inc.": 0.6134969325153374,
        "Squarespace Domains II LLC": 0.6134969325153374,
        "URL Solutions Inc.": 0.6134969325153374,
        "Virtualia LLC": 1.2269938650306749,
        "Web Commerce Communications Limited dba WebNic.cc": 0.6134969325153374,
        "iNET SOFTWARE COMPANY LIMITED": 0.6134969325153374,
        "total": 100.0
    }
}