{
    "counter": {
        "Amazon Registrar, Inc.": 8,
        "Blue Razor Domains, LLC": 2,
        "CommuniGal Communication Ltd.": 2,
        "Dynadot Inc": 22,
        "Dynadot LLC": 2,
        "ERANET INTERNATIONAL LIMITED": 2,
        "Edomains LLC": 2,
        "GMO Internet Group, Inc. d/b/a Onamae.com": 2,
        "Gname 004 Inc": 2,
        "Gname 008 Inc": 2,
        "Gname 010 Inc": 2,
        "Gname.com Pte. Ltd.": 16,
        "Go Australia Domains Inc": 8,
        "Go Canada Domains Inc": 8,
        "Go China Domains Inc": 2,
        "Go Daddy, LLC": 1064,
        "Go France Domains Inc": 2,
        "Go Montenegro Domains, LLC": 6,
        "GoDaddy.com, LLC": 28,
        "HOSTINGER operations, UAB": 2,
        "InsaneNames LLC": 2,
        "NAMEMART PTE. LTD.": 2,
        "Name.com, Inc": 4,
        "Name.com, Inc.": 14,
        "NameCheap, Inc.": 22,
        "NameSilo, LLC": 4,
        "Namecheap": 4,
        "Sav.com, LLC- 6": 2,
        "Spaceship, Inc.": 2,
        "Squarespace Domains II LLC": 2,
        "URL Solutions Inc.": 2,
        "VIRTUA DRUG Kutatási Szolgáltató Korlátolt Felelősségű Társaság": 2,
        "Virtualia LLC": 2,
        "Wild West Domains, Inc.": 2,
        "iNET SOFTWARE COMPANY LIMITED": 2,
        "total": 1252
    },
    "percentage": {
        "Amazon Registrar, Inc.": 0.6389776357827476,
        "Blue Razor Domains, LLC": 0.1597444089456869,
        "CommuniGal Communication Ltd.": 0.1597444089456869,
        "Dynadot Inc": 1.7571884984025559,
        "Dynadot LLC": 0.1597444089456869,
        "ERANET INTERNATIONAL LIMITED": 0.1597444089456869,
        "Edomains LLC": 0.1597444089456869,
        "GMO Internet Group, Inc. d/b/a Onamae.com": 0.1597444089456869,
        "Gname 004 Inc": 0.1597444089456869,
        "Gname 008 Inc": 0.1597444089456869,
        "Gname 010 Inc": 0.1597444089456869,
        "Gname.com Pte. Ltd.": 1.2779552715654952,
        "Go Australia Domains Inc": 0.6389776357827476,
        "Go Canada Domains Inc": 0.6389776357827476,
        "Go China Domains Inc": 0.1597444089456869,
        "Go Daddy, LLC": 84.98402555910543,
        "Go France Domains Inc": 0.1597444089456869,
        "Go Montenegro Domains, LLC": 0.4792332268370607,
        "GoDaddy.com, LLC": 2.236421725239617,
        "HOSTINGER operations, UAB": 0.1597444089456869,
        "InsaneNames LLC": 0.1597444089456869,
        "NAMEMART PTE. LTD.": 0.1597444089456869,
        "Name.com, Inc": 0.3194888178913738,
        "Name.com, Inc.": 1.1182108626198084,
        "NameCheap, Inc.": 1.7571884984025559,
        "NameSilo, LLC": 0.3194888178913738,
        "Namecheap": 0.3194888178913738,
        "Sav.com, LLC- 6": 0.1597444089456869,
        "Spaceship, Inc.": 0.1597444089456869,
        "Squarespace Domains II LLC": 0.1597444089456869,
        "URL Solutions Inc.": 0.1597444089456869,
        "VIRTUA DRUG Kutatási Szolgáltató Korlátolt Felelősségű Társaság": 0.1597444089456869,
        "Virtualia LLC": 0.1597444089456869,
        "Wild West Domains, Inc.": 0.1597444089456869,
        "iNET SOFTWARE COMPANY LIMITED": 0.1597444089456869,
        "total": 100.0
    }
}