{
    "counter": {
        "Blue Razor Domains, LLC": 4,
        "CSC Corporate Domains, Inc.": 14,
        "Chengdu West Dimension Digital Technology Co., Ltd.": 2,
        "CommuniGal Communication Ltd.": 4,
        "Communigal Communications Ltd": 2,
        "Dynadot Inc": 24,
        "Dynadot LLC": 2,
        "ERANET INTERNATIONAL LIMITED": 2,
        "Eranet International Limited": 2,
        "Gname 002 Inc": 2,
        "Gname.com Pte. Ltd.": 16,
        "Go Australia Domains Inc": 2,
        "Go Canada Domains Inc": 2,
        "Go Montenegro Domains, LLC": 6,
        "GoDaddy.com, LLC": 16,
        "InsaneNames LLC": 2,
        "Name.com, Inc": 4,
        "Name.com, Inc.": 8,
        "NameCheap, Inc.": 8,
        "Porkbun": 2,
        "Spaceship, Inc.": 14,
        "URL Solutions, Inc.": 2,
        "West263 International Limited": 2,
        "Wild West Domains, Inc.": 6,
        "total": 148
    },
    "percentage": {
        "Blue Razor Domains, LLC": 2.7027027027027026,
        "CSC Corporate Domains, Inc.": 9.45945945945946,
        "Chengdu West Dimension Digital Technology Co., Ltd.": 1.3513513513513513,
        "CommuniGal Communication Ltd.": 2.7027027027027026,
        "Communigal Communications Ltd": 1.3513513513513513,
        "Dynadot Inc": 16.216216216216218,
        "Dynadot LLC": 1.3513513513513513,
        "ERANET INTERNATIONAL LIMITED": 1.3513513513513513,
        "Eranet International Limited": 1.3513513513513513,
        "Gname 002 Inc": 1.3513513513513513,
        "Gname.com Pte. Ltd.": 10.81081081081081,
        "Go Australia Domains Inc": 1.3513513513513513,
        "Go Canada Domains Inc": 1.3513513513513513,
        "Go Montenegro Domains, LLC": 4.054054054054054,
        "GoDaddy.com, LLC": 10.81081081081081,
        "InsaneNames LLC": 1.3513513513513513,
        "Name.com, Inc": 2.7027027027027026,
        "Name.com, Inc.": 5.405405405405405,
        "NameCheap, Inc.": 5.405405405405405,
        "Porkbun": 1.3513513513513513,
        "Spaceship, Inc.": 9.45945945945946,
        "URL Solutions, Inc.": 1.3513513513513513,
        "West263 International Limited": 1.3513513513513513,
        "Wild West Domains, Inc.": 4.054054054054054,
        "total": 100.0
    }
}