{
    "counter": {
        "Amazon Registrar, Inc.": 8,
        "CommuniGal Communication Ltd.": 2,
        "Dynadot Inc": 24,
        "Dynadot LLC": 2,
        "Dynadot, LLC": 4,
        "ERANET INTERNATIONAL LIMITED": 2,
        "Edomains LLC": 2,
        "GMO Internet Group, Inc. d/b/a Onamae.com": 2,
        "Gname 002 Inc": 2,
        "Gname 004 Inc": 2,
        "Gname 005 Inc": 4,
        "Gname 008 Inc": 4,
        "Gname 009 Inc": 2,
        "Gname 010 Inc": 2,
        "Gname.com Pte. Ltd.": 16,
        "Go Australia Domains Inc": 6,
        "Go Canada Domains Inc": 6,
        "Go Daddy, LLC": 1060,
        "Go France Domains Inc": 4,
        "Go Montenegro Domains, LLC": 4,
        "GoDaddy.com, LLC": 36,
        "HOSTINGER operations, UAB": 2,
        "InsaneNames LLC": 2,
        "NAMEMART PTE. LTD.": 2,
        "Name.com, Inc": 4,
        "Name.com, Inc.": 16,
        "NameCheap, Inc.": 22,
        "NameSilo, LLC": 4,
        "Namecheap": 6,
        "Network Solutions, LLC": 2,
        "Sav.com, LLC- 6": 2,
        "Spaceship, Inc.": 4,
        "Squarespace Domains II LLC": 2,
        "URL Solutions Inc.": 2,
        "VIRTUA DRUG Kutatási Szolgáltató Korlátolt Felelősségű Társaság": 2,
        "Virtualia LLC": 2,
        "West263 International Limited": 2,
        "Wild West Domains, Inc.": 2,
        "iNET SOFTWARE COMPANY LIMITED": 2,
        "total": 1274
    },
    "percentage": {
        "Amazon Registrar, Inc.": 0.6279434850863422,
        "CommuniGal Communication Ltd.": 0.15698587127158556,
        "Dynadot Inc": 1.8838304552590266,
        "Dynadot LLC": 0.15698587127158556,
        "Dynadot, LLC": 0.3139717425431711,
        "ERANET INTERNATIONAL LIMITED": 0.15698587127158556,
        "Edomains LLC": 0.15698587127158556,
        "GMO Internet Group, Inc. d/b/a Onamae.com": 0.15698587127158556,
        "Gname 002 Inc": 0.15698587127158556,
        "Gname 004 Inc": 0.15698587127158556,
        "Gname 005 Inc": 0.3139717425431711,
        "Gname 008 Inc": 0.3139717425431711,
        "Gname 009 Inc": 0.15698587127158556,
        "Gname 010 Inc": 0.15698587127158556,
        "Gname.com Pte. Ltd.": 1.2558869701726845,
        "Go Australia Domains Inc": 0.47095761381475665,
        "Go Canada Domains Inc": 0.47095761381475665,
        "Go Daddy, LLC": 83.20251177394034,
        "Go France Domains Inc": 0.3139717425431711,
        "Go Montenegro Domains, LLC": 0.3139717425431711,
        "GoDaddy.com, LLC": 2.82574568288854,
        "HOSTINGER operations, UAB": 0.15698587127158556,
        "InsaneNames LLC": 0.15698587127158556,
        "NAMEMART PTE. LTD.": 0.15698587127158556,
        "Name.com, Inc": 0.3139717425431711,
        "Name.com, Inc.": 1.2558869701726845,
        "NameCheap, Inc.": 1.7268445839874411,
        "NameSilo, LLC": 0.3139717425431711,
        "Namecheap": 0.47095761381475665,
        "Network Solutions, LLC": 0.15698587127158556,
        "Sav.com, LLC- 6": 0.15698587127158556,
        "Spaceship, Inc.": 0.3139717425431711,
        "Squarespace Domains II LLC": 0.15698587127158556,
        "URL Solutions Inc.": 0.15698587127158556,
        "VIRTUA DRUG Kutatási Szolgáltató Korlátolt Felelősségű Társaság": 0.15698587127158556,
        "Virtualia LLC": 0.15698587127158556,
        "West263 International Limited": 0.15698587127158556,
        "Wild West Domains, Inc.": 0.15698587127158556,
        "iNET SOFTWARE COMPANY LIMITED": 0.15698587127158556,
        "total": 100.0
    }
}