{
    "counter": {
        "Dynadot Inc": 16,
        "Dynadot LLC": 2,
        "ERANET INTERNATIONAL LIMITED": 2,
        "Edomains LLC": 2,
        "Gname.com Pte. Ltd.": 16,
        "Go Australia Domains Inc": 4,
        "Go Canada Domains Inc": 2,
        "Go Daddy, LLC": 20,
        "Go Montenegro Domains, LLC": 2,
        "GoDaddy.com, LLC": 8,
        "Name.com, Inc": 4,
        "Name.com, Inc.": 4,
        "Spaceship, Inc.": 6,
        "total": 88
    },
    "percentage": {
        "Dynadot Inc": 18.181818181818183,
        "Dynadot LLC": 2.272727272727273,
        "ERANET INTERNATIONAL LIMITED": 2.272727272727273,
        "Edomains LLC": 2.272727272727273,
        "Gname.com Pte. Ltd.": 18.181818181818183,
        "Go Australia Domains Inc": 4.545454545454546,
        "Go Canada Domains Inc": 2.272727272727273,
        "Go Daddy, LLC": 22.727272727272727,
        "Go Montenegro Domains, LLC": 2.272727272727273,
        "GoDaddy.com, LLC": 9.090909090909092,
        "Name.com, Inc": 4.545454545454546,
        "Name.com, Inc.": 4.545454545454546,
        "Spaceship, Inc.": 6.818181818181818,
        "total": 100.0
    }
}