{
    "counter": {
        "Amazon Registrar, Inc.": 4,
        "Blue Razor Domains, LLC": 2,
        "CSC Corporate Domains, Inc.": 14,
        "Chengdu West Dimension Digital Technology Co., Ltd.": 6,
        "CommuniGal Communication Ltd.": 4,
        "Communigal Communications Ltd": 4,
        "Dynadot Inc": 28,
        "Dynadot LLC": 4,
        "ERANET INTERNATIONAL LIMITED": 2,
        "Edomains LLC": 2,
        "GMO Internet Group, Inc. d/b/a Onamae.com": 4,
        "Gname 002 Inc": 2,
        "Gname 010 Inc": 2,
        "Gname.com Pte. Ltd.": 20,
        "Go Australia Domains Inc": 2,
        "Go Canada Domains Inc": 2,
        "Go China Domains Inc": 2,
        "Go Montenegro Domains, LLC": 8,
        "GoDaddy.com, LLC": 68,
        "InsaneNames LLC": 2,
        "Name.com, Inc": 4,
        "Name.com, Inc.": 10,
        "NameCheap, Inc.": 14,
        "Spaceship, Inc.": 14,
        "URL Solutions, Inc.": 2,
        "Virtualia LLC": 2,
        "West263 International Limited": 2,
        "Wild West Domains, Inc.": 6,
        "total": 236
    },
    "percentage": {
        "Amazon Registrar, Inc.": 1.694915254237288,
        "Blue Razor Domains, LLC": 0.847457627118644,
        "CSC Corporate Domains, Inc.": 5.932203389830509,
        "Chengdu West Dimension Digital Technology Co., Ltd.": 2.542372881355932,
        "CommuniGal Communication Ltd.": 1.694915254237288,
        "Communigal Communications Ltd": 1.694915254237288,
        "Dynadot Inc": 11.864406779661017,
        "Dynadot LLC": 1.694915254237288,
        "ERANET INTERNATIONAL LIMITED": 0.847457627118644,
        "Edomains LLC": 0.847457627118644,
        "GMO Internet Group, Inc. d/b/a Onamae.com": 1.694915254237288,
        "Gname 002 Inc": 0.847457627118644,
        "Gname 010 Inc": 0.847457627118644,
        "Gname.com Pte. Ltd.": 8.474576271186441,
        "Go Australia Domains Inc": 0.847457627118644,
        "Go Canada Domains Inc": 0.847457627118644,
        "Go China Domains Inc": 0.847457627118644,
        "Go Montenegro Domains, LLC": 3.389830508474576,
        "GoDaddy.com, LLC": 28.8135593220339,
        "InsaneNames LLC": 0.847457627118644,
        "Name.com, Inc": 1.694915254237288,
        "Name.com, Inc.": 4.237288135593221,
        "NameCheap, Inc.": 5.932203389830509,
        "Spaceship, Inc.": 5.932203389830509,
        "URL Solutions, Inc.": 0.847457627118644,
        "Virtualia LLC": 0.847457627118644,
        "West263 International Limited": 0.847457627118644,
        "Wild West Domains, Inc.": 2.542372881355932,
        "total": 100.0
    }
}