{
    "counter": {
        "CSC Corporate Domains, Inc.": 12,
        "Chengdu West Dimension Digital Technology Co., Ltd.": 6,
        "Dynadot Inc": 16,
        "Dynadot LLC": 2,
        "ERANET INTERNATIONAL LIMITED": 2,
        "Gname 002 Inc": 2,
        "Gname 010 Inc": 2,
        "Gname.com Pte. Ltd.": 12,
        "Go Australia Domains Inc": 2,
        "Go Montenegro Domains, LLC": 4,
        "GoDaddy.com, LLC": 8,
        "July Name Limited": 2,
        "Name.com, Inc": 4,
        "Name.com, Inc.": 6,
        "NameCheap, Inc.": 4,
        "Spaceship, Inc.": 2,
        "URL Solutions, Inc.": 2,
        "Wild West Domains, Inc.": 2,
        "total": 90
    },
    "percentage": {
        "CSC Corporate Domains, Inc.": 13.333333333333334,
        "Chengdu West Dimension Digital Technology Co., Ltd.": 6.666666666666667,
        "Dynadot Inc": 17.77777777777778,
        "Dynadot LLC": 2.2222222222222223,
        "ERANET INTERNATIONAL LIMITED": 2.2222222222222223,
        "Gname 002 Inc": 2.2222222222222223,
        "Gname 010 Inc": 2.2222222222222223,
        "Gname.com Pte. Ltd.": 13.333333333333334,
        "Go Australia Domains Inc": 2.2222222222222223,
        "Go Montenegro Domains, LLC": 4.444444444444445,
        "GoDaddy.com, LLC": 8.88888888888889,
        "July Name Limited": 2.2222222222222223,
        "Name.com, Inc": 4.444444444444445,
        "Name.com, Inc.": 6.666666666666667,
        "NameCheap, Inc.": 4.444444444444445,
        "Spaceship, Inc.": 2.2222222222222223,
        "URL Solutions, Inc.": 2.2222222222222223,
        "Wild West Domains, Inc.": 2.2222222222222223,
        "total": 100.0
    }
}