{
    "counter": {
        "Amazon Registrar, Inc.": 4,
        "Dynadot Inc": 16,
        "Dynadot, LLC": 2,
        "ERANET INTERNATIONAL LIMITED": 2,
        "Edomains LLC": 2,
        "Eranet International Limited": 2,
        "GMO Internet Group, Inc. d/b/a Onamae.com": 2,
        "Gname 002 Inc": 2,
        "Gname 005 Inc": 2,
        "Gname 010 Inc": 4,
        "Gname.com Pte. Ltd.": 16,
        "Go Australia Domains Inc": 6,
        "Go Canada Domains Inc": 6,
        "Go Daddy, LLC": 542,
        "Go France Domains Inc": 2,
        "Go Montenegro Domains, LLC": 2,
        "GoDaddy.com, LLC": 24,
        "HOSTINGER operations, UAB": 2,
        "InsaneNames LLC": 2,
        "Name.com, Inc": 4,
        "Name.com, Inc.": 14,
        "NameCheap, Inc.": 14,
        "NameSilo, LLC": 4,
        "Namecheap": 2,
        "Sav.com, LLC- 6": 2,
        "Spaceship, Inc.": 2,
        "Virtualia LLC": 2,
        "Wild West Domains, Inc.": 2,
        "iNET SOFTWARE COMPANY LIMITED": 2,
        "total": 688
    },
    "percentage": {
        "Amazon Registrar, Inc.": 0.5813953488372093,
        "Dynadot Inc": 2.3255813953488373,
        "Dynadot, LLC": 0.29069767441860467,
        "ERANET INTERNATIONAL LIMITED": 0.29069767441860467,
        "Edomains LLC": 0.29069767441860467,
        "Eranet International Limited": 0.29069767441860467,
        "GMO Internet Group, Inc. d/b/a Onamae.com": 0.29069767441860467,
        "Gname 002 Inc": 0.29069767441860467,
        "Gname 005 Inc": 0.29069767441860467,
        "Gname 010 Inc": 0.5813953488372093,
        "Gname.com Pte. Ltd.": 2.3255813953488373,
        "Go Australia Domains Inc": 0.872093023255814,
        "Go Canada Domains Inc": 0.872093023255814,
        "Go Daddy, LLC": 78.77906976744185,
        "Go France Domains Inc": 0.29069767441860467,
        "Go Montenegro Domains, LLC": 0.29069767441860467,
        "GoDaddy.com, LLC": 3.488372093023256,
        "HOSTINGER operations, UAB": 0.29069767441860467,
        "InsaneNames LLC": 0.29069767441860467,
        "Name.com, Inc": 0.5813953488372093,
        "Name.com, Inc.": 2.0348837209302326,
        "NameCheap, Inc.": 2.0348837209302326,
        "NameSilo, LLC": 0.5813953488372093,
        "Namecheap": 0.29069767441860467,
        "Sav.com, LLC- 6": 0.29069767441860467,
        "Spaceship, Inc.": 0.29069767441860467,
        "Virtualia LLC": 0.29069767441860467,
        "Wild West Domains, Inc.": 0.29069767441860467,
        "iNET SOFTWARE COMPANY LIMITED": 0.29069767441860467,
        "total": 100.0
    }
}