{
    "counter": {
        "Alibaba Cloud Computing Ltd. d/b/a HiChina (www.net.cn)": 2,
        "Amazon Registrar, Inc.": 4,
        "CommuniGal Communication Ltd.": 2,
        "Communigal Communications Ltd": 4,
        "DNSPod, Inc.": 2,
        "Domain International Services Limited": 26,
        "Dynadot Inc": 54,
        "Dynadot LLC": 26,
        "ERANET INTERNATIONAL LIMITED": 8,
        "Eranet International Limited": 12,
        "Gname.com Pte. Ltd.": 30,
        "Go Australia Domains Inc": 10,
        "Go Canada Domains Inc": 2,
        "Go Daddy, LLC": 24,
        "Go Montenegro Domains, LLC": 2,
        "GoDaddy.com, LLC": 20,
        "HOSTINGER operations, UAB": 2,
        "InsaneNames LLC": 2,
        "NAMECHEAP": 2,
        "Name.com, Inc": 16,
        "Name.com, Inc.": 6,
        "NameCheap, Inc.": 16,
        "NameSilo, LLC": 6,
        "Namecheap": 24,
        "Porkbun LLC": 2,
        "Sav.com LLC": 6,
        "Sav.com, LLC - 40": 2,
        "Spaceship, Inc.": 32,
        "Tucows Domains Inc.": 2,
        "West263 International Limited": 8,
        "Wild West Domains, Inc.": 6,
        "iNET SOFTWARE COMPANY LIMITED": 2,
        "total": 362
    },
    "percentage": {
        "Alibaba Cloud Computing Ltd. d/b/a HiChina (www.net.cn)": 0.5524861878453039,
        "Amazon Registrar, Inc.": 1.1049723756906078,
        "CommuniGal Communication Ltd.": 0.5524861878453039,
        "Communigal Communications Ltd": 1.1049723756906078,
        "DNSPod, Inc.": 0.5524861878453039,
        "Domain International Services Limited": 7.18232044198895,
        "Dynadot Inc": 14.917127071823204,
        "Dynadot LLC": 7.18232044198895,
        "ERANET INTERNATIONAL LIMITED": 2.2099447513812156,
        "Eranet International Limited": 3.314917127071823,
        "Gname.com Pte. Ltd.": 8.287292817679559,
        "Go Australia Domains Inc": 2.7624309392265194,
        "Go Canada Domains Inc": 0.5524861878453039,
        "Go Daddy, LLC": 6.629834254143646,
        "Go Montenegro Domains, LLC": 0.5524861878453039,
        "GoDaddy.com, LLC": 5.524861878453039,
        "HOSTINGER operations, UAB": 0.5524861878453039,
        "InsaneNames LLC": 0.5524861878453039,
        "NAMECHEAP": 0.5524861878453039,
        "Name.com, Inc": 4.419889502762431,
        "Name.com, Inc.": 1.6574585635359116,
        "NameCheap, Inc.": 4.419889502762431,
        "NameSilo, LLC": 1.6574585635359116,
        "Namecheap": 6.629834254143646,
        "Porkbun LLC": 0.5524861878453039,
        "Sav.com LLC": 1.6574585635359116,
        "Sav.com, LLC - 40": 0.5524861878453039,
        "Spaceship, Inc.": 8.839779005524862,
        "Tucows Domains Inc.": 0.5524861878453039,
        "West263 International Limited": 2.2099447513812156,
        "Wild West Domains, Inc.": 1.6574585635359116,
        "iNET SOFTWARE COMPANY LIMITED": 0.5524861878453039,
        "total": 100.0
    }
}