{
    "counter": {
        "Alibaba Cloud Computing Ltd. d/b/a HiChina (www.net.cn)": 2,
        "Amazon Registrar, Inc.": 2,
        "CommuniGal Communication Ltd.": 2,
        "Communigal Communications Ltd": 4,
        "DNSPod, Inc.": 2,
        "Domain International Services Limited": 26,
        "Dynadot Inc": 58,
        "Dynadot LLC": 26,
        "ERANET INTERNATIONAL LIMITED": 12,
        "Eranet International Limited": 12,
        "Gname.com Pte. Ltd.": 30,
        "Go Australia Domains Inc": 10,
        "Go Canada Domains Inc": 2,
        "Go Daddy, LLC": 22,
        "Go Montenegro Domains, LLC": 2,
        "GoDaddy.com, LLC": 14,
        "InsaneNames LLC": 2,
        "NAMECHEAP": 2,
        "Name.com, Inc.": 8,
        "NameCheap, Inc.": 10,
        "NameSilo, LLC": 6,
        "Namecheap": 20,
        "Porkbun LLC": 2,
        "Sav.com LLC": 6,
        "Sav.com, LLC - 40": 2,
        "Spaceship, Inc.": 32,
        "Tucows Domains Inc.": 2,
        "West263 International Limited": 8,
        "Wild West Domains, Inc.": 4,
        "total": 330
    },
    "percentage": {
        "Alibaba Cloud Computing Ltd. d/b/a HiChina (www.net.cn)": 0.6060606060606061,
        "Amazon Registrar, Inc.": 0.6060606060606061,
        "CommuniGal Communication Ltd.": 0.6060606060606061,
        "Communigal Communications Ltd": 1.2121212121212122,
        "DNSPod, Inc.": 0.6060606060606061,
        "Domain International Services Limited": 7.878787878787879,
        "Dynadot Inc": 17.575757575757574,
        "Dynadot LLC": 7.878787878787879,
        "ERANET INTERNATIONAL LIMITED": 3.6363636363636362,
        "Eranet International Limited": 3.6363636363636362,
        "Gname.com Pte. Ltd.": 9.090909090909092,
        "Go Australia Domains Inc": 3.0303030303030303,
        "Go Canada Domains Inc": 0.6060606060606061,
        "Go Daddy, LLC": 6.666666666666667,
        "Go Montenegro Domains, LLC": 0.6060606060606061,
        "GoDaddy.com, LLC": 4.242424242424242,
        "InsaneNames LLC": 0.6060606060606061,
        "NAMECHEAP": 0.6060606060606061,
        "Name.com, Inc.": 2.4242424242424243,
        "NameCheap, Inc.": 3.0303030303030303,
        "NameSilo, LLC": 1.8181818181818181,
        "Namecheap": 6.0606060606060606,
        "Porkbun LLC": 0.6060606060606061,
        "Sav.com LLC": 1.8181818181818181,
        "Sav.com, LLC - 40": 0.6060606060606061,
        "Spaceship, Inc.": 9.696969696969697,
        "Tucows Domains Inc.": 0.6060606060606061,
        "West263 International Limited": 2.4242424242424243,
        "Wild West Domains, Inc.": 1.2121212121212122,
        "total": 100.0
    }
}