{
    "counter": {
        "1API GmbH": 2,
        "Amazon Registrar, Inc.": 8,
        "Blue Razor Domains, LLC": 2,
        "CommuniGal Communication Ltd.": 2,
        "Dynadot Inc": 24,
        "Dynadot LLC": 2,
        "Dynadot, LLC": 2,
        "ERANET INTERNATIONAL LIMITED": 2,
        "GMO Internet Group, Inc. d/b/a Onamae.com": 2,
        "Gname 004 Inc": 2,
        "Gname 009 Inc": 2,
        "Gname 010 Inc": 2,
        "Gname.com Pte. Ltd.": 20,
        "Go Australia Domains Inc": 8,
        "Go Canada Domains Inc": 8,
        "Go China Domains Inc": 2,
        "Go Daddy, LLC": 822,
        "Go France Domains Inc": 2,
        "Go Montenegro Domains, LLC": 6,
        "GoDaddy.com, LLC": 30,
        "HOSTINGER operations, UAB": 2,
        "InsaneNames LLC": 2,
        "NAMEMART PTE. LTD.": 2,
        "Name.com, Inc": 4,
        "Name.com, Inc.": 14,
        "NameCheap, Inc.": 14,
        "NameSilo, LLC": 2,
        "Namecheap": 10,
        "Sav.com, LLC - 1": 2,
        "Sav.com, LLC- 6": 2,
        "Spaceship, Inc.": 16,
        "Squarespace Domains II LLC": 2,
        "URL Solutions Inc.": 2,
        "VIRTUA DRUG Kutatási Szolgáltató Korlátolt Felelősségű Társaság": 2,
        "Virtualia LLC": 2,
        "iNET SOFTWARE COMPANY LIMITED": 2,
        "total": 1030
    },
    "percentage": {
        "1API GmbH": 0.1941747572815534,
        "Amazon Registrar, Inc.": 0.7766990291262136,
        "Blue Razor Domains, LLC": 0.1941747572815534,
        "CommuniGal Communication Ltd.": 0.1941747572815534,
        "Dynadot Inc": 2.3300970873786406,
        "Dynadot LLC": 0.1941747572815534,
        "Dynadot, LLC": 0.1941747572815534,
        "ERANET INTERNATIONAL LIMITED": 0.1941747572815534,
        "GMO Internet Group, Inc. d/b/a Onamae.com": 0.1941747572815534,
        "Gname 004 Inc": 0.1941747572815534,
        "Gname 009 Inc": 0.1941747572815534,
        "Gname 010 Inc": 0.1941747572815534,
        "Gname.com Pte. Ltd.": 1.941747572815534,
        "Go Australia Domains Inc": 0.7766990291262136,
        "Go Canada Domains Inc": 0.7766990291262136,
        "Go China Domains Inc": 0.1941747572815534,
        "Go Daddy, LLC": 79.80582524271844,
        "Go France Domains Inc": 0.1941747572815534,
        "Go Montenegro Domains, LLC": 0.5825242718446602,
        "GoDaddy.com, LLC": 2.912621359223301,
        "HOSTINGER operations, UAB": 0.1941747572815534,
        "InsaneNames LLC": 0.1941747572815534,
        "NAMEMART PTE. LTD.": 0.1941747572815534,
        "Name.com, Inc": 0.3883495145631068,
        "Name.com, Inc.": 1.3592233009708738,
        "NameCheap, Inc.": 1.3592233009708738,
        "NameSilo, LLC": 0.1941747572815534,
        "Namecheap": 0.970873786407767,
        "Sav.com, LLC - 1": 0.1941747572815534,
        "Sav.com, LLC- 6": 0.1941747572815534,
        "Spaceship, Inc.": 1.5533980582524272,
        "Squarespace Domains II LLC": 0.1941747572815534,
        "URL Solutions Inc.": 0.1941747572815534,
        "VIRTUA DRUG Kutatási Szolgáltató Korlátolt Felelősségű Társaság": 0.1941747572815534,
        "Virtualia LLC": 0.1941747572815534,
        "iNET SOFTWARE COMPANY LIMITED": 0.1941747572815534,
        "total": 100.0
    }
}