{
    "counter": {
        "1API GmbH": 2,
        "Above.com Pty Ltd.": 2,
        "Amazon Registrar, Inc.": 8,
        "Blue Razor Domains, LLC": 2,
        "Domain International Services Limited": 4,
        "Dynadot Inc": 26,
        "Dynadot LLC": 2,
        "ERANET INTERNATIONAL LIMITED": 2,
        "GMO Internet Group, Inc. d/b/a Onamae.com": 2,
        "Gname.com Pte. Ltd.": 24,
        "Go Australia Domains Inc": 8,
        "Go Canada Domains Inc": 8,
        "Go China Domains Inc": 2,
        "Go Daddy, LLC": 816,
        "Go France Domains Inc": 2,
        "Go Montenegro Domains, LLC": 6,
        "GoDaddy.com, LLC": 32,
        "HOSTINGER operations, UAB": 2,
        "InsaneNames LLC": 2,
        "NAMEMART PTE. LTD.": 2,
        "Name.com, Inc": 4,
        "Name.com, Inc.": 18,
        "NameCheap, Inc.": 20,
        "NameSilo, LLC": 2,
        "Namecheap": 8,
        "Sav.com, LLC - 1": 2,
        "Sav.com, LLC- 6": 2,
        "Spaceship, Inc.": 20,
        "Squarespace Domains II LLC": 2,
        "URL Solutions Inc.": 2,
        "VIRTUA DRUG Kutatási Szolgáltató Korlátolt Felelősségű Társaság": 2,
        "Virtualia LLC": 2,
        "eName Technology Co., Ltd.": 4,
        "iNET SOFTWARE COMPANY LIMITED": 2,
        "total": 1044
    },
    "percentage": {
        "1API GmbH": 0.19157088122605365,
        "Above.com Pty Ltd.": 0.19157088122605365,
        "Amazon Registrar, Inc.": 0.7662835249042146,
        "Blue Razor Domains, LLC": 0.19157088122605365,
        "Domain International Services Limited": 0.3831417624521073,
        "Dynadot Inc": 2.4904214559386975,
        "Dynadot LLC": 0.19157088122605365,
        "ERANET INTERNATIONAL LIMITED": 0.19157088122605365,
        "GMO Internet Group, Inc. d/b/a Onamae.com": 0.19157088122605365,
        "Gname.com Pte. Ltd.": 2.2988505747126435,
        "Go Australia Domains Inc": 0.7662835249042146,
        "Go Canada Domains Inc": 0.7662835249042146,
        "Go China Domains Inc": 0.19157088122605365,
        "Go Daddy, LLC": 78.16091954022988,
        "Go France Domains Inc": 0.19157088122605365,
        "Go Montenegro Domains, LLC": 0.5747126436781609,
        "GoDaddy.com, LLC": 3.0651340996168583,
        "HOSTINGER operations, UAB": 0.19157088122605365,
        "InsaneNames LLC": 0.19157088122605365,
        "NAMEMART PTE. LTD.": 0.19157088122605365,
        "Name.com, Inc": 0.3831417624521073,
        "Name.com, Inc.": 1.7241379310344827,
        "NameCheap, Inc.": 1.9157088122605364,
        "NameSilo, LLC": 0.19157088122605365,
        "Namecheap": 0.7662835249042146,
        "Sav.com, LLC - 1": 0.19157088122605365,
        "Sav.com, LLC- 6": 0.19157088122605365,
        "Spaceship, Inc.": 1.9157088122605364,
        "Squarespace Domains II LLC": 0.19157088122605365,
        "URL Solutions Inc.": 0.19157088122605365,
        "VIRTUA DRUG Kutatási Szolgáltató Korlátolt Felelősségű Társaság": 0.19157088122605365,
        "Virtualia LLC": 0.19157088122605365,
        "eName Technology Co., Ltd.": 0.3831417624521073,
        "iNET SOFTWARE COMPANY LIMITED": 0.19157088122605365,
        "total": 100.0
    }
}