{
    "counter": {
        "Amazon Registrar, Inc.": 8,
        "Blue Razor Domains, LLC": 2,
        "Dynadot Inc": 20,
        "ERANET INTERNATIONAL LIMITED": 2,
        "Edomains LLC": 2,
        "Eranet International Limited": 2,
        "GMO Internet Group, Inc. d/b/a Onamae.com": 2,
        "Gname 004 Inc": 2,
        "Gname 005 Inc": 2,
        "Gname 008 Inc": 2,
        "Gname 009 Inc": 2,
        "Gname 010 Inc": 2,
        "Gname.com Pte. Ltd.": 16,
        "Go Australia Domains Inc": 8,
        "Go Canada Domains Inc": 8,
        "Go China Domains Inc": 2,
        "Go Daddy, LLC": 928,
        "Go France Domains Inc": 2,
        "Go Montenegro Domains, LLC": 4,
        "GoDaddy.com, LLC": 26,
        "HOSTINGER operations, UAB": 2,
        "InsaneNames LLC": 2,
        "July Name Limited": 2,
        "NAMEMART PTE. LTD.": 2,
        "Name.com, Inc": 4,
        "Name.com, Inc.": 18,
        "NameCheap, Inc.": 20,
        "NameSilo, LLC": 4,
        "Namecheap": 4,
        "Sav.com, LLC- 6": 2,
        "Spaceship, Inc.": 2,
        "Squarespace Domains II LLC": 2,
        "URL Solutions Inc.": 2,
        "VIRTUA DRUG Kutatási Szolgáltató Korlátolt Felelősségű Társaság": 2,
        "Virtualia LLC": 2,
        "Wild West Domains, Inc.": 2,
        "iNET SOFTWARE COMPANY LIMITED": 2,
        "total": 1116
    },
    "percentage": {
        "Amazon Registrar, Inc.": 0.7168458781362007,
        "Blue Razor Domains, LLC": 0.17921146953405018,
        "Dynadot Inc": 1.7921146953405018,
        "ERANET INTERNATIONAL LIMITED": 0.17921146953405018,
        "Edomains LLC": 0.17921146953405018,
        "Eranet International Limited": 0.17921146953405018,
        "GMO Internet Group, Inc. d/b/a Onamae.com": 0.17921146953405018,
        "Gname 004 Inc": 0.17921146953405018,
        "Gname 005 Inc": 0.17921146953405018,
        "Gname 008 Inc": 0.17921146953405018,
        "Gname 009 Inc": 0.17921146953405018,
        "Gname 010 Inc": 0.17921146953405018,
        "Gname.com Pte. Ltd.": 1.4336917562724014,
        "Go Australia Domains Inc": 0.7168458781362007,
        "Go Canada Domains Inc": 0.7168458781362007,
        "Go China Domains Inc": 0.17921146953405018,
        "Go Daddy, LLC": 83.15412186379929,
        "Go France Domains Inc": 0.17921146953405018,
        "Go Montenegro Domains, LLC": 0.35842293906810035,
        "GoDaddy.com, LLC": 2.3297491039426523,
        "HOSTINGER operations, UAB": 0.17921146953405018,
        "InsaneNames LLC": 0.17921146953405018,
        "July Name Limited": 0.17921146953405018,
        "NAMEMART PTE. LTD.": 0.17921146953405018,
        "Name.com, Inc": 0.35842293906810035,
        "Name.com, Inc.": 1.6129032258064515,
        "NameCheap, Inc.": 1.7921146953405018,
        "NameSilo, LLC": 0.35842293906810035,
        "Namecheap": 0.35842293906810035,
        "Sav.com, LLC- 6": 0.17921146953405018,
        "Spaceship, Inc.": 0.17921146953405018,
        "Squarespace Domains II LLC": 0.17921146953405018,
        "URL Solutions Inc.": 0.17921146953405018,
        "VIRTUA DRUG Kutatási Szolgáltató Korlátolt Felelősségű Társaság": 0.17921146953405018,
        "Virtualia LLC": 0.17921146953405018,
        "Wild West Domains, Inc.": 0.17921146953405018,
        "iNET SOFTWARE COMPANY LIMITED": 0.17921146953405018,
        "total": 100.0
    }
}