{
    "counter": {
        "Amazon Registrar, Inc.": 8,
        "Dynadot Inc": 26,
        "Dynadot LLC": 2,
        "Dynadot, LLC": 4,
        "ERANET INTERNATIONAL LIMITED": 2,
        "Edomains LLC": 2,
        "GMO Internet Group, Inc. d/b/a Onamae.com": 2,
        "Gname 002 Inc": 2,
        "Gname 004 Inc": 2,
        "Gname 005 Inc": 6,
        "Gname 007 Inc": 2,
        "Gname 008 Inc": 2,
        "Gname 010 Inc": 4,
        "Gname.com Pte. Ltd.": 16,
        "Go Australia Domains Inc": 6,
        "Go Canada Domains Inc": 6,
        "Go Daddy, LLC": 988,
        "Go France Domains Inc": 4,
        "Go Montenegro Domains, LLC": 4,
        "GoDaddy.com, LLC": 32,
        "HOSTINGER operations, UAB": 2,
        "InsaneNames LLC": 2,
        "July Name Limited": 2,
        "NAMEMART PTE. LTD.": 2,
        "Name.com, Inc": 4,
        "Name.com, Inc.": 18,
        "NameCheap, Inc.": 28,
        "NameSilo, LLC": 4,
        "Namecheap": 12,
        "Sav.com, LLC- 6": 2,
        "Spaceship, Inc.": 2,
        "Squarespace Domains II LLC": 2,
        "VIRTUA DRUG Kutatási Szolgáltató Korlátolt Felelősségű Társaság": 2,
        "Virtualia LLC": 4,
        "West263 International Limited": 2,
        "Wild West Domains, Inc.": 2,
        "iNET SOFTWARE COMPANY LIMITED": 2,
        "total": 1212
    },
    "percentage": {
        "Amazon Registrar, Inc.": 0.6600660066006601,
        "Dynadot Inc": 2.145214521452145,
        "Dynadot LLC": 0.16501650165016502,
        "Dynadot, LLC": 0.33003300330033003,
        "ERANET INTERNATIONAL LIMITED": 0.16501650165016502,
        "Edomains LLC": 0.16501650165016502,
        "GMO Internet Group, Inc. d/b/a Onamae.com": 0.16501650165016502,
        "Gname 002 Inc": 0.16501650165016502,
        "Gname 004 Inc": 0.16501650165016502,
        "Gname 005 Inc": 0.49504950495049505,
        "Gname 007 Inc": 0.16501650165016502,
        "Gname 008 Inc": 0.16501650165016502,
        "Gname 010 Inc": 0.33003300330033003,
        "Gname.com Pte. Ltd.": 1.3201320132013201,
        "Go Australia Domains Inc": 0.49504950495049505,
        "Go Canada Domains Inc": 0.49504950495049505,
        "Go Daddy, LLC": 81.51815181518151,
        "Go France Domains Inc": 0.33003300330033003,
        "Go Montenegro Domains, LLC": 0.33003300330033003,
        "GoDaddy.com, LLC": 2.6402640264026402,
        "HOSTINGER operations, UAB": 0.16501650165016502,
        "InsaneNames LLC": 0.16501650165016502,
        "July Name Limited": 0.16501650165016502,
        "NAMEMART PTE. LTD.": 0.16501650165016502,
        "Name.com, Inc": 0.33003300330033003,
        "Name.com, Inc.": 1.4851485148514851,
        "NameCheap, Inc.": 2.31023102310231,
        "NameSilo, LLC": 0.33003300330033003,
        "Namecheap": 0.9900990099009901,
        "Sav.com, LLC- 6": 0.16501650165016502,
        "Spaceship, Inc.": 0.16501650165016502,
        "Squarespace Domains II LLC": 0.16501650165016502,
        "VIRTUA DRUG Kutatási Szolgáltató Korlátolt Felelősségű Társaság": 0.16501650165016502,
        "Virtualia LLC": 0.33003300330033003,
        "West263 International Limited": 0.16501650165016502,
        "Wild West Domains, Inc.": 0.16501650165016502,
        "iNET SOFTWARE COMPANY LIMITED": 0.16501650165016502,
        "total": 100.0
    }
}