{
    "counter": {
        "Amazon Registrar, Inc.": 8,
        "Blue Razor Domains, LLC": 2,
        "Dynadot Inc": 20,
        "Dynadot LLC": 2,
        "Dynadot, LLC": 2,
        "ERANET INTERNATIONAL LIMITED": 2,
        "GMO Internet Group, Inc. d/b/a Onamae.com": 2,
        "Gname 008 Inc": 2,
        "Gname.com Pte. Ltd.": 28,
        "Go Australia Domains Inc": 8,
        "Go Canada Domains Inc": 8,
        "Go China Domains Inc": 2,
        "Go Daddy, LLC": 1014,
        "Go France Domains Inc": 4,
        "Go Montenegro Domains, LLC": 6,
        "GoDaddy.com, LLC": 20,
        "HOSTINGER operations, UAB": 2,
        "InsaneNames LLC": 2,
        "NAMEMART PTE. LTD.": 2,
        "Name.com, Inc": 4,
        "Name.com, Inc.": 16,
        "NameCheap, Inc.": 20,
        "NameSilo, LLC": 2,
        "Namecheap": 12,
        "Sav.com, LLC- 6": 2,
        "Spaceship, Inc.": 14,
        "Squarespace Domains II LLC": 2,
        "VIRTUA DRUG Kutatási Szolgáltató Korlátolt Felelősségű Társaság": 2,
        "Virtualia LLC": 2,
        "iNET SOFTWARE COMPANY LIMITED": 2,
        "total": 1214
    },
    "percentage": {
        "Amazon Registrar, Inc.": 0.6589785831960461,
        "Blue Razor Domains, LLC": 0.16474464579901152,
        "Dynadot Inc": 1.6474464579901154,
        "Dynadot LLC": 0.16474464579901152,
        "Dynadot, LLC": 0.16474464579901152,
        "ERANET INTERNATIONAL LIMITED": 0.16474464579901152,
        "GMO Internet Group, Inc. d/b/a Onamae.com": 0.16474464579901152,
        "Gname 008 Inc": 0.16474464579901152,
        "Gname.com Pte. Ltd.": 2.3064250411861615,
        "Go Australia Domains Inc": 0.6589785831960461,
        "Go Canada Domains Inc": 0.6589785831960461,
        "Go China Domains Inc": 0.16474464579901152,
        "Go Daddy, LLC": 83.52553542009885,
        "Go France Domains Inc": 0.32948929159802304,
        "Go Montenegro Domains, LLC": 0.4942339373970346,
        "GoDaddy.com, LLC": 1.6474464579901154,
        "HOSTINGER operations, UAB": 0.16474464579901152,
        "InsaneNames LLC": 0.16474464579901152,
        "NAMEMART PTE. LTD.": 0.16474464579901152,
        "Name.com, Inc": 0.32948929159802304,
        "Name.com, Inc.": 1.3179571663920921,
        "NameCheap, Inc.": 1.6474464579901154,
        "NameSilo, LLC": 0.16474464579901152,
        "Namecheap": 0.9884678747940692,
        "Sav.com, LLC- 6": 0.16474464579901152,
        "Spaceship, Inc.": 1.1532125205930808,
        "Squarespace Domains II LLC": 0.16474464579901152,
        "VIRTUA DRUG Kutatási Szolgáltató Korlátolt Felelősségű Társaság": 0.16474464579901152,
        "Virtualia LLC": 0.16474464579901152,
        "iNET SOFTWARE COMPANY LIMITED": 0.16474464579901152,
        "total": 100.0
    }
}