{
    "counter": {
        "CSC Corporate Domains, Inc.": 12,
        "Chengdu West Dimension Digital Technology Co., Ltd.": 6,
        "Communigal Communications Ltd": 2,
        "Dynadot Inc": 26,
        "Dynadot LLC": 2,
        "ERANET INTERNATIONAL LIMITED": 2,
        "Edomains LLC": 2,
        "GMO Internet Group, Inc. d/b/a Onamae.com": 2,
        "Gname 002 Inc": 2,
        "Gname 010 Inc": 2,
        "Gname.com Pte. Ltd.": 16,
        "Go Australia Domains Inc": 2,
        "Go Montenegro Domains, LLC": 4,
        "GoDaddy.com, LLC": 10,
        "Name.com, Inc": 4,
        "Name.com, Inc.": 8,
        "NameCheap, Inc.": 2,
        "Spaceship, Inc.": 2,
        "URL Solutions, Inc.": 2,
        "West263 International Limited": 2,
        "Wild West Domains, Inc.": 4,
        "total": 114
    },
    "percentage": {
        "CSC Corporate Domains, Inc.": 10.526315789473685,
        "Chengdu West Dimension Digital Technology Co., Ltd.": 5.2631578947368425,
        "Communigal Communications Ltd": 1.7543859649122806,
        "Dynadot Inc": 22.80701754385965,
        "Dynadot LLC": 1.7543859649122806,
        "ERANET INTERNATIONAL LIMITED": 1.7543859649122806,
        "Edomains LLC": 1.7543859649122806,
        "GMO Internet Group, Inc. d/b/a Onamae.com": 1.7543859649122806,
        "Gname 002 Inc": 1.7543859649122806,
        "Gname 010 Inc": 1.7543859649122806,
        "Gname.com Pte. Ltd.": 14.035087719298245,
        "Go Australia Domains Inc": 1.7543859649122806,
        "Go Montenegro Domains, LLC": 3.508771929824561,
        "GoDaddy.com, LLC": 8.771929824561404,
        "Name.com, Inc": 3.508771929824561,
        "Name.com, Inc.": 7.017543859649122,
        "NameCheap, Inc.": 1.7543859649122806,
        "Spaceship, Inc.": 1.7543859649122806,
        "URL Solutions, Inc.": 1.7543859649122806,
        "West263 International Limited": 1.7543859649122806,
        "Wild West Domains, Inc.": 3.508771929824561,
        "total": 100.0
    }
}