{
    "counter": {
        "Amazon Registrar, Inc.": 10,
        "Blue Razor Domains, LLC": 2,
        "CSC Corporate Domains, Inc.": 18,
        "CommuniGal Communication Ltd.": 6,
        "Communigal Communications Ltd": 4,
        "Dynadot": 2,
        "Dynadot Inc": 42,
        "Dynadot LLC": 4,
        "ERANET INTERNATIONAL LIMITED": 2,
        "GMO Internet Group, Inc. d/b/a Onamae.com": 4,
        "Gname 002 Inc": 2,
        "Gname 005 Inc": 2,
        "Gname 008 Inc": 2,
        "Gname.com Pte. Ltd.": 24,
        "Go Australia Domains Inc": 4,
        "Go Canada Domains Inc": 4,
        "Go Daddy, LLC": 8,
        "Go Montenegro Domains, LLC": 10,
        "GoDaddy.com, LLC": 46,
        "HOSTINGER operations, UAB": 2,
        "InsaneNames LLC": 2,
        "NAMECHEAP": 2,
        "NAMEMART PTE. LTD.": 2,
        "Name.com, Inc": 4,
        "Name.com, Inc.": 14,
        "NameCheap, Inc.": 44,
        "NameSilo, LLC": 2,
        "Namecheap": 14,
        "Network Solutions, LLC": 2,
        "PDR Ltd. d/b/a PublicDomainRegistry.com": 4,
        "Porkbun LLC": 2,
        "Spaceship, Inc.": 20,
        "URL Solutions, Inc.": 2,
        "Virtualia LLC": 2,
        "West263 International Limited": 2,
        "Wild West Domains, Inc.": 6,
        "iNET SOFTWARE COMPANY LIMITED": 2,
        "total": 324
    },
    "percentage": {
        "Amazon Registrar, Inc.": 3.0864197530864197,
        "Blue Razor Domains, LLC": 0.6172839506172839,
        "CSC Corporate Domains, Inc.": 5.555555555555555,
        "CommuniGal Communication Ltd.": 1.8518518518518519,
        "Communigal Communications Ltd": 1.2345679012345678,
        "Dynadot": 0.6172839506172839,
        "Dynadot Inc": 12.962962962962964,
        "Dynadot LLC": 1.2345679012345678,
        "ERANET INTERNATIONAL LIMITED": 0.6172839506172839,
        "GMO Internet Group, Inc. d/b/a Onamae.com": 1.2345679012345678,
        "Gname 002 Inc": 0.6172839506172839,
        "Gname 005 Inc": 0.6172839506172839,
        "Gname 008 Inc": 0.6172839506172839,
        "Gname.com Pte. Ltd.": 7.407407407407407,
        "Go Australia Domains Inc": 1.2345679012345678,
        "Go Canada Domains Inc": 1.2345679012345678,
        "Go Daddy, LLC": 2.4691358024691357,
        "Go Montenegro Domains, LLC": 3.0864197530864197,
        "GoDaddy.com, LLC": 14.197530864197532,
        "HOSTINGER operations, UAB": 0.6172839506172839,
        "InsaneNames LLC": 0.6172839506172839,
        "NAMECHEAP": 0.6172839506172839,
        "NAMEMART PTE. LTD.": 0.6172839506172839,
        "Name.com, Inc": 1.2345679012345678,
        "Name.com, Inc.": 4.320987654320987,
        "NameCheap, Inc.": 13.580246913580247,
        "NameSilo, LLC": 0.6172839506172839,
        "Namecheap": 4.320987654320987,
        "Network Solutions, LLC": 0.6172839506172839,
        "PDR Ltd. d/b/a PublicDomainRegistry.com": 1.2345679012345678,
        "Porkbun LLC": 0.6172839506172839,
        "Spaceship, Inc.": 6.172839506172839,
        "URL Solutions, Inc.": 0.6172839506172839,
        "Virtualia LLC": 0.6172839506172839,
        "West263 International Limited": 0.6172839506172839,
        "Wild West Domains, Inc.": 1.8518518518518519,
        "iNET SOFTWARE COMPANY LIMITED": 0.6172839506172839,
        "total": 100.0
    }
}