{
    "counter": {
        "Chengdu West Dimension Digital Technology Co., Ltd.": 4,
        "Communigal Communications Ltd": 2,
        "Domain International Services Limited": 18,
        "Dynadot Inc": 24,
        "Dynadot LLC": 2,
        "ERANET INTERNATIONAL LIMITED": 2,
        "Eranet International Limited": 8,
        "Gname.com Pte. Ltd.": 16,
        "Go Australia Domains Inc": 4,
        "Go Canada Domains Inc": 2,
        "Go Montenegro Domains, LLC": 4,
        "GoDaddy.com, LLC": 18,
        "Name.com, Inc": 2,
        "Name.com, Inc.": 8,
        "NameCheap, Inc.": 4,
        "NameSilo, LLC": 2,
        "Namecheap": 10,
        "Spaceship, Inc.": 2,
        "Tucows Domains Inc.": 2,
        "West263 International Limited": 2,
        "eName Technology Co., Ltd.": 4,
        "total": 140
    },
    "percentage": {
        "Chengdu West Dimension Digital Technology Co., Ltd.": 2.857142857142857,
        "Communigal Communications Ltd": 1.4285714285714286,
        "Domain International Services Limited": 12.857142857142858,
        "Dynadot Inc": 17.142857142857142,
        "Dynadot LLC": 1.4285714285714286,
        "ERANET INTERNATIONAL LIMITED": 1.4285714285714286,
        "Eranet International Limited": 5.714285714285714,
        "Gname.com Pte. Ltd.": 11.428571428571429,
        "Go Australia Domains Inc": 2.857142857142857,
        "Go Canada Domains Inc": 1.4285714285714286,
        "Go Montenegro Domains, LLC": 2.857142857142857,
        "GoDaddy.com, LLC": 12.857142857142858,
        "Name.com, Inc": 1.4285714285714286,
        "Name.com, Inc.": 5.714285714285714,
        "NameCheap, Inc.": 2.857142857142857,
        "NameSilo, LLC": 1.4285714285714286,
        "Namecheap": 7.142857142857143,
        "Spaceship, Inc.": 1.4285714285714286,
        "Tucows Domains Inc.": 1.4285714285714286,
        "West263 International Limited": 1.4285714285714286,
        "eName Technology Co., Ltd.": 2.857142857142857,
        "total": 100.0
    }
}