{
    "counter": {
        "Amazon Registrar, Inc.": 4,
        "Blue Razor Domains, LLC": 2,
        "Dynadot Inc": 20,
        "Dynadot LLC": 2,
        "Dynadot, LLC": 2,
        "ERANET INTERNATIONAL LIMITED": 2,
        "Edomains LLC": 2,
        "GMO Internet Group, Inc. d/b/a Onamae.com": 2,
        "Gname 002 Inc": 2,
        "Gname 005 Inc": 2,
        "Gname 007 Inc": 4,
        "Gname.com Pte. Ltd.": 12,
        "Go Australia Domains Inc": 6,
        "Go Canada Domains Inc": 8,
        "Go Daddy, LLC": 670,
        "Go Montenegro Domains, LLC": 2,
        "GoDaddy.com, LLC": 28,
        "HOSTINGER operations, UAB": 2,
        "InsaneNames LLC": 2,
        "NAMEMART PTE. LTD.": 2,
        "Name.com, Inc": 4,
        "Name.com, Inc.": 14,
        "NameCheap, Inc.": 14,
        "NameSilo, LLC": 4,
        "Namecheap": 4,
        "Nicnames, Inc.": 2,
        "Sav.com, LLC- 6": 2,
        "Spaceship, Inc.": 4,
        "Virtualia LLC": 4,
        "Wild West Domains, Inc.": 2,
        "iNET SOFTWARE COMPANY LIMITED": 2,
        "total": 832
    },
    "percentage": {
        "Amazon Registrar, Inc.": 0.4807692307692308,
        "Blue Razor Domains, LLC": 0.2403846153846154,
        "Dynadot Inc": 2.4038461538461537,
        "Dynadot LLC": 0.2403846153846154,
        "Dynadot, LLC": 0.2403846153846154,
        "ERANET INTERNATIONAL LIMITED": 0.2403846153846154,
        "Edomains LLC": 0.2403846153846154,
        "GMO Internet Group, Inc. d/b/a Onamae.com": 0.2403846153846154,
        "Gname 002 Inc": 0.2403846153846154,
        "Gname 005 Inc": 0.2403846153846154,
        "Gname 007 Inc": 0.4807692307692308,
        "Gname.com Pte. Ltd.": 1.4423076923076923,
        "Go Australia Domains Inc": 0.7211538461538461,
        "Go Canada Domains Inc": 0.9615384615384616,
        "Go Daddy, LLC": 80.52884615384616,
        "Go Montenegro Domains, LLC": 0.2403846153846154,
        "GoDaddy.com, LLC": 3.3653846153846154,
        "HOSTINGER operations, UAB": 0.2403846153846154,
        "InsaneNames LLC": 0.2403846153846154,
        "NAMEMART PTE. LTD.": 0.2403846153846154,
        "Name.com, Inc": 0.4807692307692308,
        "Name.com, Inc.": 1.6826923076923077,
        "NameCheap, Inc.": 1.6826923076923077,
        "NameSilo, LLC": 0.4807692307692308,
        "Namecheap": 0.4807692307692308,
        "Nicnames, Inc.": 0.2403846153846154,
        "Sav.com, LLC- 6": 0.2403846153846154,
        "Spaceship, Inc.": 0.4807692307692308,
        "Virtualia LLC": 0.4807692307692308,
        "Wild West Domains, Inc.": 0.2403846153846154,
        "iNET SOFTWARE COMPANY LIMITED": 0.2403846153846154,
        "total": 100.0
    }
}