{
    "counter": {
        "Amazon Registrar, Inc.": 8,
        "Blue Razor Domains, LLC": 2,
        "Dynadot Inc": 24,
        "Dynadot LLC": 2,
        "Dynadot, LLC": 2,
        "ERANET INTERNATIONAL LIMITED": 2,
        "Edomains LLC": 2,
        "GMO Internet Group, Inc. d/b/a Onamae.com": 2,
        "Gname 008 Inc": 2,
        "Gname 009 Inc": 2,
        "Gname 010 Inc": 2,
        "Gname.com Pte. Ltd.": 20,
        "Go Australia Domains Inc": 8,
        "Go Canada Domains Inc": 8,
        "Go China Domains Inc": 2,
        "Go Daddy, LLC": 1028,
        "Go France Domains Inc": 4,
        "Go Montenegro Domains, LLC": 4,
        "GoDaddy.com, LLC": 20,
        "HOSTINGER operations, UAB": 2,
        "InsaneNames LLC": 2,
        "NAMEMART PTE. LTD.": 2,
        "Name.com, Inc": 4,
        "Name.com, Inc.": 18,
        "NameCheap, Inc.": 26,
        "NameSilo, LLC": 2,
        "Namecheap": 10,
        "Sav.com, LLC- 6": 2,
        "Spaceship, Inc.": 14,
        "Squarespace Domains II LLC": 2,
        "VIRTUA DRUG Kutatási Szolgáltató Korlátolt Felelősségű Társaság": 2,
        "Virtualia LLC": 2,
        "Wild West Domains, Inc.": 2,
        "iNET SOFTWARE COMPANY LIMITED": 2,
        "total": 1236
    },
    "percentage": {
        "Amazon Registrar, Inc.": 0.6472491909385113,
        "Blue Razor Domains, LLC": 0.16181229773462782,
        "Dynadot Inc": 1.941747572815534,
        "Dynadot LLC": 0.16181229773462782,
        "Dynadot, LLC": 0.16181229773462782,
        "ERANET INTERNATIONAL LIMITED": 0.16181229773462782,
        "Edomains LLC": 0.16181229773462782,
        "GMO Internet Group, Inc. d/b/a Onamae.com": 0.16181229773462782,
        "Gname 008 Inc": 0.16181229773462782,
        "Gname 009 Inc": 0.16181229773462782,
        "Gname 010 Inc": 0.16181229773462782,
        "Gname.com Pte. Ltd.": 1.6181229773462784,
        "Go Australia Domains Inc": 0.6472491909385113,
        "Go Canada Domains Inc": 0.6472491909385113,
        "Go China Domains Inc": 0.16181229773462782,
        "Go Daddy, LLC": 83.1715210355987,
        "Go France Domains Inc": 0.32362459546925565,
        "Go Montenegro Domains, LLC": 0.32362459546925565,
        "GoDaddy.com, LLC": 1.6181229773462784,
        "HOSTINGER operations, UAB": 0.16181229773462782,
        "InsaneNames LLC": 0.16181229773462782,
        "NAMEMART PTE. LTD.": 0.16181229773462782,
        "Name.com, Inc": 0.32362459546925565,
        "Name.com, Inc.": 1.4563106796116505,
        "NameCheap, Inc.": 2.103559870550162,
        "NameSilo, LLC": 0.16181229773462782,
        "Namecheap": 0.8090614886731392,
        "Sav.com, LLC- 6": 0.16181229773462782,
        "Spaceship, Inc.": 1.132686084142395,
        "Squarespace Domains II LLC": 0.16181229773462782,
        "VIRTUA DRUG Kutatási Szolgáltató Korlátolt Felelősségű Társaság": 0.16181229773462782,
        "Virtualia LLC": 0.16181229773462782,
        "Wild West Domains, Inc.": 0.16181229773462782,
        "iNET SOFTWARE COMPANY LIMITED": 0.16181229773462782,
        "total": 100.0
    }
}