{
    "counter": {
        "Amazon Registrar, Inc.": 8,
        "Blue Razor Domains, LLC": 2,
        "CommuniGal Communication Ltd.": 2,
        "Dynadot Inc": 24,
        "Dynadot LLC": 2,
        "Dynadot, LLC": 2,
        "ERANET INTERNATIONAL LIMITED": 2,
        "GMO Internet Group, Inc. d/b/a Onamae.com": 2,
        "Gname 004 Inc": 2,
        "Gname 010 Inc": 2,
        "Gname.com Pte. Ltd.": 22,
        "Go Australia Domains Inc": 8,
        "Go Canada Domains Inc": 8,
        "Go China Domains Inc": 2,
        "Go Daddy, LLC": 1024,
        "Go France Domains Inc": 2,
        "Go Montenegro Domains, LLC": 6,
        "GoDaddy.com, LLC": 32,
        "HOSTINGER operations, UAB": 2,
        "InsaneNames LLC": 2,
        "NAMEMART PTE. LTD.": 2,
        "Name.com, Inc": 4,
        "Name.com, Inc.": 14,
        "NameCheap, Inc.": 18,
        "NameSilo, LLC": 2,
        "Namecheap": 10,
        "Sav.com, LLC- 6": 2,
        "Spaceship, Inc.": 18,
        "Squarespace Domains II LLC": 2,
        "URL Solutions Inc.": 2,
        "VIRTUA DRUG Kutatási Szolgáltató Korlátolt Felelősségű Társaság": 2,
        "Virtualia LLC": 2,
        "iNET SOFTWARE COMPANY LIMITED": 2,
        "total": 1236
    },
    "percentage": {
        "Amazon Registrar, Inc.": 0.6472491909385113,
        "Blue Razor Domains, LLC": 0.16181229773462782,
        "CommuniGal Communication Ltd.": 0.16181229773462782,
        "Dynadot Inc": 1.941747572815534,
        "Dynadot LLC": 0.16181229773462782,
        "Dynadot, LLC": 0.16181229773462782,
        "ERANET INTERNATIONAL LIMITED": 0.16181229773462782,
        "GMO Internet Group, Inc. d/b/a Onamae.com": 0.16181229773462782,
        "Gname 004 Inc": 0.16181229773462782,
        "Gname 010 Inc": 0.16181229773462782,
        "Gname.com Pte. Ltd.": 1.779935275080906,
        "Go Australia Domains Inc": 0.6472491909385113,
        "Go Canada Domains Inc": 0.6472491909385113,
        "Go China Domains Inc": 0.16181229773462782,
        "Go Daddy, LLC": 82.84789644012945,
        "Go France Domains Inc": 0.16181229773462782,
        "Go Montenegro Domains, LLC": 0.4854368932038835,
        "GoDaddy.com, LLC": 2.588996763754045,
        "HOSTINGER operations, UAB": 0.16181229773462782,
        "InsaneNames LLC": 0.16181229773462782,
        "NAMEMART PTE. LTD.": 0.16181229773462782,
        "Name.com, Inc": 0.32362459546925565,
        "Name.com, Inc.": 1.132686084142395,
        "NameCheap, Inc.": 1.4563106796116505,
        "NameSilo, LLC": 0.16181229773462782,
        "Namecheap": 0.8090614886731392,
        "Sav.com, LLC- 6": 0.16181229773462782,
        "Spaceship, Inc.": 1.4563106796116505,
        "Squarespace Domains II LLC": 0.16181229773462782,
        "URL Solutions Inc.": 0.16181229773462782,
        "VIRTUA DRUG Kutatási Szolgáltató Korlátolt Felelősségű Társaság": 0.16181229773462782,
        "Virtualia LLC": 0.16181229773462782,
        "iNET SOFTWARE COMPANY LIMITED": 0.16181229773462782,
        "total": 100.0
    }
}