{
    "counter": {
        "Amazon Registrar, Inc.": 8,
        "Blue Razor Domains, LLC": 2,
        "CommuniGal Communication Ltd.": 2,
        "Dynadot Inc": 24,
        "Dynadot LLC": 2,
        "Dynadot, LLC": 2,
        "ERANET INTERNATIONAL LIMITED": 2,
        "GMO Internet Group, Inc. d/b/a Onamae.com": 2,
        "Gname 004 Inc": 2,
        "Gname 010 Inc": 2,
        "Gname.com Pte. Ltd.": 22,
        "Go Australia Domains Inc": 8,
        "Go Canada Domains Inc": 8,
        "Go China Domains Inc": 2,
        "Go Daddy, LLC": 1024,
        "Go France Domains Inc": 2,
        "Go Montenegro Domains, LLC": 6,
        "GoDaddy.com, LLC": 30,
        "HOSTINGER operations, UAB": 2,
        "InsaneNames LLC": 2,
        "NAMEMART PTE. LTD.": 2,
        "Name.com, Inc": 4,
        "Name.com, Inc.": 18,
        "NameCheap, Inc.": 18,
        "NameMart Pte. Ltd.": 2,
        "NameSilo, LLC": 2,
        "Namecheap": 12,
        "Sav.com, LLC- 6": 2,
        "Spaceship, Inc.": 20,
        "Squarespace Domains II LLC": 2,
        "URL Solutions Inc.": 2,
        "VIRTUA DRUG Kutatási Szolgáltató Korlátolt Felelősségű Társaság": 2,
        "Virtualia LLC": 2,
        "iNET SOFTWARE COMPANY LIMITED": 2,
        "total": 1244
    },
    "percentage": {
        "Amazon Registrar, Inc.": 0.6430868167202572,
        "Blue Razor Domains, LLC": 0.1607717041800643,
        "CommuniGal Communication Ltd.": 0.1607717041800643,
        "Dynadot Inc": 1.9292604501607717,
        "Dynadot LLC": 0.1607717041800643,
        "Dynadot, LLC": 0.1607717041800643,
        "ERANET INTERNATIONAL LIMITED": 0.1607717041800643,
        "GMO Internet Group, Inc. d/b/a Onamae.com": 0.1607717041800643,
        "Gname 004 Inc": 0.1607717041800643,
        "Gname 010 Inc": 0.1607717041800643,
        "Gname.com Pte. Ltd.": 1.7684887459807075,
        "Go Australia Domains Inc": 0.6430868167202572,
        "Go Canada Domains Inc": 0.6430868167202572,
        "Go China Domains Inc": 0.1607717041800643,
        "Go Daddy, LLC": 82.31511254019293,
        "Go France Domains Inc": 0.1607717041800643,
        "Go Montenegro Domains, LLC": 0.48231511254019294,
        "GoDaddy.com, LLC": 2.4115755627009645,
        "HOSTINGER operations, UAB": 0.1607717041800643,
        "InsaneNames LLC": 0.1607717041800643,
        "NAMEMART PTE. LTD.": 0.1607717041800643,
        "Name.com, Inc": 0.3215434083601286,
        "Name.com, Inc.": 1.4469453376205788,
        "NameCheap, Inc.": 1.4469453376205788,
        "NameMart Pte. Ltd.": 0.1607717041800643,
        "NameSilo, LLC": 0.1607717041800643,
        "Namecheap": 0.9646302250803859,
        "Sav.com, LLC- 6": 0.1607717041800643,
        "Spaceship, Inc.": 1.607717041800643,
        "Squarespace Domains II LLC": 0.1607717041800643,
        "URL Solutions Inc.": 0.1607717041800643,
        "VIRTUA DRUG Kutatási Szolgáltató Korlátolt Felelősségű Társaság": 0.1607717041800643,
        "Virtualia LLC": 0.1607717041800643,
        "iNET SOFTWARE COMPANY LIMITED": 0.1607717041800643,
        "total": 100.0
    }
}