{
    "counter": {
        "Domain International Services Limited": 10,
        "Dynadot Inc": 12,
        "Dynadot LLC": 2,
        "Eranet International Limited": 4,
        "Go Australia Domains Inc": 4,
        "Go Canada Domains Inc": 2,
        "Go Montenegro Domains, LLC": 4,
        "GoDaddy.com, LLC": 10,
        "Name.com, Inc.": 2,
        "Namecheap": 4,
        "Spaceship, Inc.": 2,
        "Tucows Domains Inc.": 2,
        "West263 International Limited": 2,
        "eName Technology Co., Ltd.": 2,
        "total": 62
    },
    "percentage": {
        "Domain International Services Limited": 16.129032258064516,
        "Dynadot Inc": 19.35483870967742,
        "Dynadot LLC": 3.225806451612903,
        "Eranet International Limited": 6.451612903225806,
        "Go Australia Domains Inc": 6.451612903225806,
        "Go Canada Domains Inc": 3.225806451612903,
        "Go Montenegro Domains, LLC": 6.451612903225806,
        "GoDaddy.com, LLC": 16.129032258064516,
        "Name.com, Inc.": 3.225806451612903,
        "Namecheap": 6.451612903225806,
        "Spaceship, Inc.": 3.225806451612903,
        "Tucows Domains Inc.": 3.225806451612903,
        "West263 International Limited": 3.225806451612903,
        "eName Technology Co., Ltd.": 3.225806451612903,
        "total": 100.0
    }
}