{
    "counter": {
        "Amazon Registrar, Inc.": 4,
        "Blue Razor Domains, LLC": 2,
        "CommuniGal Communication Ltd.": 2,
        "Communigal Communications Ltd": 4,
        "Dynadot": 2,
        "Dynadot Inc": 28,
        "Dynadot LLC": 4,
        "ERANET INTERNATIONAL LIMITED": 2,
        "Edomains LLC": 2,
        "GMO Internet Group, Inc. d/b/a Onamae.com": 6,
        "Gname 007 Inc": 2,
        "Gname 010 Inc": 2,
        "Gname.com Pte. Ltd.": 32,
        "Go Australia Domains Inc": 4,
        "Go Canada Domains Inc": 6,
        "Go Daddy, LLC": 32,
        "Go France Domains Inc": 2,
        "Go Montenegro Domains, LLC": 4,
        "GoDaddy.com, LLC": 20,
        "HOSTINGER operations, UAB": 2,
        "InsaneNames LLC": 2,
        "Name.com, Inc": 4,
        "Name.com, Inc.": 10,
        "NameCheap, Inc.": 12,
        "NameSilo, LLC": 2,
        "Namecheap": 4,
        "Spaceship, Inc.": 12,
        "VIRTUA DRUG Kutatási Szolgáltató Korlátolt Felelősségű Társaság": 2,
        "Virtualia LLC": 2,
        "iNET SOFTWARE COMPANY LIMITED": 2,
        "total": 214
    },
    "percentage": {
        "Amazon Registrar, Inc.": 1.8691588785046729,
        "Blue Razor Domains, LLC": 0.9345794392523364,
        "CommuniGal Communication Ltd.": 0.9345794392523364,
        "Communigal Communications Ltd": 1.8691588785046729,
        "Dynadot": 0.9345794392523364,
        "Dynadot Inc": 13.08411214953271,
        "Dynadot LLC": 1.8691588785046729,
        "ERANET INTERNATIONAL LIMITED": 0.9345794392523364,
        "Edomains LLC": 0.9345794392523364,
        "GMO Internet Group, Inc. d/b/a Onamae.com": 2.803738317757009,
        "Gname 007 Inc": 0.9345794392523364,
        "Gname 010 Inc": 0.9345794392523364,
        "Gname.com Pte. Ltd.": 14.953271028037383,
        "Go Australia Domains Inc": 1.8691588785046729,
        "Go Canada Domains Inc": 2.803738317757009,
        "Go Daddy, LLC": 14.953271028037383,
        "Go France Domains Inc": 0.9345794392523364,
        "Go Montenegro Domains, LLC": 1.8691588785046729,
        "GoDaddy.com, LLC": 9.345794392523365,
        "HOSTINGER operations, UAB": 0.9345794392523364,
        "InsaneNames LLC": 0.9345794392523364,
        "Name.com, Inc": 1.8691588785046729,
        "Name.com, Inc.": 4.672897196261682,
        "NameCheap, Inc.": 5.607476635514018,
        "NameSilo, LLC": 0.9345794392523364,
        "Namecheap": 1.8691588785046729,
        "Spaceship, Inc.": 5.607476635514018,
        "VIRTUA DRUG Kutatási Szolgáltató Korlátolt Felelősségű Társaság": 0.9345794392523364,
        "Virtualia LLC": 0.9345794392523364,
        "iNET SOFTWARE COMPANY LIMITED": 0.9345794392523364,
        "total": 100.0
    }
}