{
    "counter": {
        "Amazon Registrar, Inc.": 8,
        "Blue Razor Domains, LLC": 2,
        "Dynadot Inc": 16,
        "Dynadot LLC": 2,
        "Dynadot, LLC": 4,
        "ERANET INTERNATIONAL LIMITED": 2,
        "Edomains LLC": 2,
        "GMO Internet Group, Inc. d/b/a Onamae.com": 2,
        "Gname 008 Inc": 4,
        "Gname 010 Inc": 2,
        "Gname.com Pte. Ltd.": 18,
        "Go Australia Domains Inc": 8,
        "Go Canada Domains Inc": 8,
        "Go China Domains Inc": 2,
        "Go Daddy, LLC": 1010,
        "Go France Domains Inc": 2,
        "Go Montenegro Domains, LLC": 6,
        "GoDaddy.com, LLC": 30,
        "HOSTINGER operations, UAB": 2,
        "InsaneNames LLC": 2,
        "NAMEMART PTE. LTD.": 2,
        "Name.com, Inc": 4,
        "Name.com, Inc.": 12,
        "NameCheap, Inc.": 24,
        "NameSilo, LLC": 4,
        "Namecheap": 2,
        "Network Solutions, LLC": 2,
        "Sav.com, LLC- 6": 2,
        "Spaceship, Inc.": 2,
        "URL Solutions Inc.": 2,
        "VIRTUA DRUG Kutatási Szolgáltató Korlátolt Felelősségű Társaság": 2,
        "Virtualia LLC": 2,
        "West263 International Limited": 2,
        "Wild West Domains, Inc.": 2,
        "iNET SOFTWARE COMPANY LIMITED": 2,
        "total": 1198
    },
    "percentage": {
        "Amazon Registrar, Inc.": 0.667779632721202,
        "Blue Razor Domains, LLC": 0.1669449081803005,
        "Dynadot Inc": 1.335559265442404,
        "Dynadot LLC": 0.1669449081803005,
        "Dynadot, LLC": 0.333889816360601,
        "ERANET INTERNATIONAL LIMITED": 0.1669449081803005,
        "Edomains LLC": 0.1669449081803005,
        "GMO Internet Group, Inc. d/b/a Onamae.com": 0.1669449081803005,
        "Gname 008 Inc": 0.333889816360601,
        "Gname 010 Inc": 0.1669449081803005,
        "Gname.com Pte. Ltd.": 1.5025041736227045,
        "Go Australia Domains Inc": 0.667779632721202,
        "Go Canada Domains Inc": 0.667779632721202,
        "Go China Domains Inc": 0.1669449081803005,
        "Go Daddy, LLC": 84.30717863105176,
        "Go France Domains Inc": 0.1669449081803005,
        "Go Montenegro Domains, LLC": 0.5008347245409015,
        "GoDaddy.com, LLC": 2.5041736227045077,
        "HOSTINGER operations, UAB": 0.1669449081803005,
        "InsaneNames LLC": 0.1669449081803005,
        "NAMEMART PTE. LTD.": 0.1669449081803005,
        "Name.com, Inc": 0.333889816360601,
        "Name.com, Inc.": 1.001669449081803,
        "NameCheap, Inc.": 2.003338898163606,
        "NameSilo, LLC": 0.333889816360601,
        "Namecheap": 0.1669449081803005,
        "Network Solutions, LLC": 0.1669449081803005,
        "Sav.com, LLC- 6": 0.1669449081803005,
        "Spaceship, Inc.": 0.1669449081803005,
        "URL Solutions Inc.": 0.1669449081803005,
        "VIRTUA DRUG Kutatási Szolgáltató Korlátolt Felelősségű Társaság": 0.1669449081803005,
        "Virtualia LLC": 0.1669449081803005,
        "West263 International Limited": 0.1669449081803005,
        "Wild West Domains, Inc.": 0.1669449081803005,
        "iNET SOFTWARE COMPANY LIMITED": 0.1669449081803005,
        "total": 100.0
    }
}