{
    "counter": {
        "CSC Corporate Domains, Inc.": 12,
        "Chengdu West Dimension Digital Technology Co., Ltd.": 4,
        "Dynadot Inc": 20,
        "Dynadot LLC": 2,
        "ERANET INTERNATIONAL LIMITED": 2,
        "GMO Internet Group, Inc. d/b/a Onamae.com": 2,
        "Gname 002 Inc": 2,
        "Gname.com Pte. Ltd.": 14,
        "Go Australia Domains Inc": 2,
        "Go Montenegro Domains, LLC": 4,
        "GoDaddy.com, LLC": 10,
        "Name.com, Inc": 4,
        "Name.com, Inc.": 4,
        "NameCheap, Inc.": 4,
        "Spaceship, Inc.": 6,
        "URL Solutions, Inc.": 2,
        "West263 International Limited": 2,
        "Wild West Domains, Inc.": 2,
        "total": 98
    },
    "percentage": {
        "CSC Corporate Domains, Inc.": 12.244897959183673,
        "Chengdu West Dimension Digital Technology Co., Ltd.": 4.081632653061225,
        "Dynadot Inc": 20.408163265306122,
        "Dynadot LLC": 2.0408163265306123,
        "ERANET INTERNATIONAL LIMITED": 2.0408163265306123,
        "GMO Internet Group, Inc. d/b/a Onamae.com": 2.0408163265306123,
        "Gname 002 Inc": 2.0408163265306123,
        "Gname.com Pte. Ltd.": 14.285714285714286,
        "Go Australia Domains Inc": 2.0408163265306123,
        "Go Montenegro Domains, LLC": 4.081632653061225,
        "GoDaddy.com, LLC": 10.204081632653061,
        "Name.com, Inc": 4.081632653061225,
        "Name.com, Inc.": 4.081632653061225,
        "NameCheap, Inc.": 4.081632653061225,
        "Spaceship, Inc.": 6.122448979591836,
        "URL Solutions, Inc.": 2.0408163265306123,
        "West263 International Limited": 2.0408163265306123,
        "Wild West Domains, Inc.": 2.0408163265306123,
        "total": 100.0
    }
}