{
    "counter": {
        "CSC Corporate Domains, Inc.": 12,
        "Chengdu West Dimension Digital Technology Co., Ltd.": 4,
        "CommuniGal Communication Ltd.": 2,
        "Dynadot Inc": 20,
        "Dynadot LLC": 2,
        "ERANET INTERNATIONAL LIMITED": 2,
        "GMO Internet Group, Inc. d/b/a Onamae.com": 2,
        "Gname 002 Inc": 2,
        "Gname.com Pte. Ltd.": 16,
        "Go Australia Domains Inc": 2,
        "Go Montenegro Domains, LLC": 4,
        "GoDaddy.com, LLC": 14,
        "Name.com, Inc": 4,
        "Name.com, Inc.": 4,
        "NameCheap, Inc.": 4,
        "Spaceship, Inc.": 8,
        "URL Solutions, Inc.": 2,
        "VIRTUA DRUG Kutatási Szolgáltató Korlátolt Felelősségű Társaság": 2,
        "West263 International Limited": 2,
        "Wild West Domains, Inc.": 2,
        "total": 110
    },
    "percentage": {
        "CSC Corporate Domains, Inc.": 10.909090909090908,
        "Chengdu West Dimension Digital Technology Co., Ltd.": 3.6363636363636362,
        "CommuniGal Communication Ltd.": 1.8181818181818181,
        "Dynadot Inc": 18.181818181818183,
        "Dynadot LLC": 1.8181818181818181,
        "ERANET INTERNATIONAL LIMITED": 1.8181818181818181,
        "GMO Internet Group, Inc. d/b/a Onamae.com": 1.8181818181818181,
        "Gname 002 Inc": 1.8181818181818181,
        "Gname.com Pte. Ltd.": 14.545454545454545,
        "Go Australia Domains Inc": 1.8181818181818181,
        "Go Montenegro Domains, LLC": 3.6363636363636362,
        "GoDaddy.com, LLC": 12.727272727272727,
        "Name.com, Inc": 3.6363636363636362,
        "Name.com, Inc.": 3.6363636363636362,
        "NameCheap, Inc.": 3.6363636363636362,
        "Spaceship, Inc.": 7.2727272727272725,
        "URL Solutions, Inc.": 1.8181818181818181,
        "VIRTUA DRUG Kutatási Szolgáltató Korlátolt Felelősségű Társaság": 1.8181818181818181,
        "West263 International Limited": 1.8181818181818181,
        "Wild West Domains, Inc.": 1.8181818181818181,
        "total": 100.0
    }
}