{
    "counter": {
        "Alibaba Cloud Computing Ltd. d/b/a HiChina (www.net.cn)": 2,
        "Amazon Registrar, Inc.": 4,
        "CommuniGal Communication Ltd.": 2,
        "Communigal Communications Ltd": 4,
        "DNSPod, Inc.": 2,
        "Domain International Services Limited": 26,
        "Dynadot Inc": 58,
        "Dynadot LLC": 26,
        "ERANET INTERNATIONAL LIMITED": 12,
        "Eranet International Limited": 12,
        "Gname.com Pte. Ltd.": 30,
        "Go Australia Domains Inc": 10,
        "Go Canada Domains Inc": 2,
        "Go Daddy, LLC": 22,
        "Go Montenegro Domains, LLC": 2,
        "GoDaddy.com, LLC": 18,
        "HOSTINGER operations, UAB": 2,
        "InsaneNames LLC": 2,
        "NAMECHEAP": 2,
        "Name.com, Inc": 2,
        "Name.com, Inc.": 8,
        "NameCheap, Inc.": 10,
        "NameSilo, LLC": 6,
        "Namecheap": 20,
        "Porkbun LLC": 2,
        "Sav.com LLC": 6,
        "Sav.com, LLC - 40": 2,
        "Spaceship, Inc.": 32,
        "Tucows Domains Inc.": 2,
        "West263 International Limited": 8,
        "Wild West Domains, Inc.": 4,
        "iNET SOFTWARE COMPANY LIMITED": 2,
        "total": 342
    },
    "percentage": {
        "Alibaba Cloud Computing Ltd. d/b/a HiChina (www.net.cn)": 0.5847953216374269,
        "Amazon Registrar, Inc.": 1.1695906432748537,
        "CommuniGal Communication Ltd.": 0.5847953216374269,
        "Communigal Communications Ltd": 1.1695906432748537,
        "DNSPod, Inc.": 0.5847953216374269,
        "Domain International Services Limited": 7.60233918128655,
        "Dynadot Inc": 16.95906432748538,
        "Dynadot LLC": 7.60233918128655,
        "ERANET INTERNATIONAL LIMITED": 3.508771929824561,
        "Eranet International Limited": 3.508771929824561,
        "Gname.com Pte. Ltd.": 8.771929824561404,
        "Go Australia Domains Inc": 2.9239766081871346,
        "Go Canada Domains Inc": 0.5847953216374269,
        "Go Daddy, LLC": 6.432748538011696,
        "Go Montenegro Domains, LLC": 0.5847953216374269,
        "GoDaddy.com, LLC": 5.2631578947368425,
        "HOSTINGER operations, UAB": 0.5847953216374269,
        "InsaneNames LLC": 0.5847953216374269,
        "NAMECHEAP": 0.5847953216374269,
        "Name.com, Inc": 0.5847953216374269,
        "Name.com, Inc.": 2.3391812865497075,
        "NameCheap, Inc.": 2.9239766081871346,
        "NameSilo, LLC": 1.7543859649122806,
        "Namecheap": 5.847953216374269,
        "Porkbun LLC": 0.5847953216374269,
        "Sav.com LLC": 1.7543859649122806,
        "Sav.com, LLC - 40": 0.5847953216374269,
        "Spaceship, Inc.": 9.35672514619883,
        "Tucows Domains Inc.": 0.5847953216374269,
        "West263 International Limited": 2.3391812865497075,
        "Wild West Domains, Inc.": 1.1695906432748537,
        "iNET SOFTWARE COMPANY LIMITED": 0.5847953216374269,
        "total": 100.0
    }
}