{
    "counter": {
        "Amazon Registrar, Inc.": 2,
        "Blue Razor Domains, LLC": 4,
        "CSC Corporate Domains, Inc.": 8,
        "Chengdu West Dimension Digital Technology Co., Ltd.": 2,
        "CommuniGal Communication Ltd.": 2,
        "Communigal Communications Ltd": 2,
        "Dynadot Inc": 26,
        "Dynadot LLC": 4,
        "ERANET INTERNATIONAL LIMITED": 2,
        "Gname 002 Inc": 2,
        "Gname.com Pte. Ltd.": 18,
        "Go Australia Domains Inc": 4,
        "Go Canada Domains Inc": 4,
        "Go China Domains Inc": 2,
        "Go Daddy, LLC": 2,
        "Go Montenegro Domains, LLC": 8,
        "GoDaddy.com, LLC": 14,
        "InsaneNames LLC": 2,
        "Name.com, Inc": 4,
        "Name.com, Inc.": 4,
        "NameCheap, Inc.": 8,
        "Spaceship, Inc.": 22,
        "URL Solutions, Inc.": 2,
        "Virtualia LLC": 2,
        "West263 International Limited": 2,
        "Wild West Domains, Inc.": 2,
        "total": 154
    },
    "percentage": {
        "Amazon Registrar, Inc.": 1.2987012987012987,
        "Blue Razor Domains, LLC": 2.5974025974025974,
        "CSC Corporate Domains, Inc.": 5.194805194805195,
        "Chengdu West Dimension Digital Technology Co., Ltd.": 1.2987012987012987,
        "CommuniGal Communication Ltd.": 1.2987012987012987,
        "Communigal Communications Ltd": 1.2987012987012987,
        "Dynadot Inc": 16.883116883116884,
        "Dynadot LLC": 2.5974025974025974,
        "ERANET INTERNATIONAL LIMITED": 1.2987012987012987,
        "Gname 002 Inc": 1.2987012987012987,
        "Gname.com Pte. Ltd.": 11.688311688311689,
        "Go Australia Domains Inc": 2.5974025974025974,
        "Go Canada Domains Inc": 2.5974025974025974,
        "Go China Domains Inc": 1.2987012987012987,
        "Go Daddy, LLC": 1.2987012987012987,
        "Go Montenegro Domains, LLC": 5.194805194805195,
        "GoDaddy.com, LLC": 9.090909090909092,
        "InsaneNames LLC": 1.2987012987012987,
        "Name.com, Inc": 2.5974025974025974,
        "Name.com, Inc.": 2.5974025974025974,
        "NameCheap, Inc.": 5.194805194805195,
        "Spaceship, Inc.": 14.285714285714286,
        "URL Solutions, Inc.": 1.2987012987012987,
        "Virtualia LLC": 1.2987012987012987,
        "West263 International Limited": 1.2987012987012987,
        "Wild West Domains, Inc.": 1.2987012987012987,
        "total": 100.0
    }
}