{
    "counter": {
        "Amazon Registrar, Inc.": 2,
        "Chengdu West Dimension Digital Technology Co., Ltd.": 4,
        "Domain International Services Limited": 22,
        "Dynadot Inc": 22,
        "ERANET INTERNATIONAL LIMITED": 2,
        "Eranet International Limited": 8,
        "Gname.com Pte. Ltd.": 18,
        "Go Australia Domains Inc": 4,
        "Go Canada Domains Inc": 2,
        "Go Daddy, LLC": 214,
        "Go Montenegro Domains, LLC": 4,
        "GoDaddy.com, LLC": 14,
        "InsaneNames LLC": 2,
        "Name.com, Inc": 2,
        "Name.com, Inc.": 12,
        "NameCheap, Inc.": 14,
        "NameSilo, LLC": 2,
        "Namecheap": 12,
        "Spaceship, Inc.": 22,
        "Tucows Domains Inc.": 2,
        "West263 International Limited": 2,
        "eName Technology Co., Ltd.": 4,
        "total": 390
    },
    "percentage": {
        "Amazon Registrar, Inc.": 0.5128205128205128,
        "Chengdu West Dimension Digital Technology Co., Ltd.": 1.0256410256410255,
        "Domain International Services Limited": 5.641025641025641,
        "Dynadot Inc": 5.641025641025641,
        "ERANET INTERNATIONAL LIMITED": 0.5128205128205128,
        "Eranet International Limited": 2.051282051282051,
        "Gname.com Pte. Ltd.": 4.615384615384615,
        "Go Australia Domains Inc": 1.0256410256410255,
        "Go Canada Domains Inc": 0.5128205128205128,
        "Go Daddy, LLC": 54.87179487179487,
        "Go Montenegro Domains, LLC": 1.0256410256410255,
        "GoDaddy.com, LLC": 3.58974358974359,
        "InsaneNames LLC": 0.5128205128205128,
        "Name.com, Inc": 0.5128205128205128,
        "Name.com, Inc.": 3.076923076923077,
        "NameCheap, Inc.": 3.58974358974359,
        "NameSilo, LLC": 0.5128205128205128,
        "Namecheap": 3.076923076923077,
        "Spaceship, Inc.": 5.641025641025641,
        "Tucows Domains Inc.": 0.5128205128205128,
        "West263 International Limited": 0.5128205128205128,
        "eName Technology Co., Ltd.": 1.0256410256410255,
        "total": 100.0
    }
}