{
    "counter": {
        "Amazon Registrar, Inc.": 8,
        "CommuniGal Communication Ltd.": 2,
        "Dynadot Inc": 26,
        "Dynadot LLC": 2,
        "Dynadot, LLC": 4,
        "ERANET INTERNATIONAL LIMITED": 2,
        "Edomains LLC": 2,
        "GMO Internet Group, Inc. d/b/a Onamae.com": 2,
        "Gname 002 Inc": 2,
        "Gname 004 Inc": 2,
        "Gname 005 Inc": 4,
        "Gname 008 Inc": 4,
        "Gname 009 Inc": 2,
        "Gname 010 Inc": 2,
        "Gname.com Pte. Ltd.": 16,
        "Go Australia Domains Inc": 6,
        "Go Canada Domains Inc": 6,
        "Go Daddy, LLC": 1060,
        "Go France Domains Inc": 4,
        "Go Montenegro Domains, LLC": 4,
        "GoDaddy.com, LLC": 36,
        "HOSTINGER operations, UAB": 2,
        "InsaneNames LLC": 2,
        "NAMEMART PTE. LTD.": 2,
        "Name.com, Inc": 4,
        "Name.com, Inc.": 16,
        "NameCheap, Inc.": 22,
        "NameSilo, LLC": 4,
        "Namecheap": 6,
        "Network Solutions, LLC": 2,
        "Sav.com, LLC- 6": 2,
        "Spaceship, Inc.": 6,
        "Squarespace Domains II LLC": 2,
        "URL Solutions Inc.": 2,
        "VIRTUA DRUG Kutatási Szolgáltató Korlátolt Felelősségű Társaság": 2,
        "Virtualia LLC": 2,
        "West263 International Limited": 2,
        "Wild West Domains, Inc.": 2,
        "iNET SOFTWARE COMPANY LIMITED": 2,
        "total": 1278
    },
    "percentage": {
        "Amazon Registrar, Inc.": 0.6259780907668232,
        "CommuniGal Communication Ltd.": 0.1564945226917058,
        "Dynadot Inc": 2.0344287949921753,
        "Dynadot LLC": 0.1564945226917058,
        "Dynadot, LLC": 0.3129890453834116,
        "ERANET INTERNATIONAL LIMITED": 0.1564945226917058,
        "Edomains LLC": 0.1564945226917058,
        "GMO Internet Group, Inc. d/b/a Onamae.com": 0.1564945226917058,
        "Gname 002 Inc": 0.1564945226917058,
        "Gname 004 Inc": 0.1564945226917058,
        "Gname 005 Inc": 0.3129890453834116,
        "Gname 008 Inc": 0.3129890453834116,
        "Gname 009 Inc": 0.1564945226917058,
        "Gname 010 Inc": 0.1564945226917058,
        "Gname.com Pte. Ltd.": 1.2519561815336464,
        "Go Australia Domains Inc": 0.4694835680751174,
        "Go Canada Domains Inc": 0.4694835680751174,
        "Go Daddy, LLC": 82.94209702660407,
        "Go France Domains Inc": 0.3129890453834116,
        "Go Montenegro Domains, LLC": 0.3129890453834116,
        "GoDaddy.com, LLC": 2.816901408450704,
        "HOSTINGER operations, UAB": 0.1564945226917058,
        "InsaneNames LLC": 0.1564945226917058,
        "NAMEMART PTE. LTD.": 0.1564945226917058,
        "Name.com, Inc": 0.3129890453834116,
        "Name.com, Inc.": 1.2519561815336464,
        "NameCheap, Inc.": 1.7214397496087637,
        "NameSilo, LLC": 0.3129890453834116,
        "Namecheap": 0.4694835680751174,
        "Network Solutions, LLC": 0.1564945226917058,
        "Sav.com, LLC- 6": 0.1564945226917058,
        "Spaceship, Inc.": 0.4694835680751174,
        "Squarespace Domains II LLC": 0.1564945226917058,
        "URL Solutions Inc.": 0.1564945226917058,
        "VIRTUA DRUG Kutatási Szolgáltató Korlátolt Felelősségű Társaság": 0.1564945226917058,
        "Virtualia LLC": 0.1564945226917058,
        "West263 International Limited": 0.1564945226917058,
        "Wild West Domains, Inc.": 0.1564945226917058,
        "iNET SOFTWARE COMPANY LIMITED": 0.1564945226917058,
        "total": 100.0
    }
}