{
    "counter": {
        "Domain International Services Limited": 4,
        "Dynadot Inc": 2,
        "Eranet International Limited": 4,
        "GoDaddy.com, LLC": 8,
        "Tucows Domains Inc.": 2,
        "eName Technology Co., Ltd.": 2,
        "total": 22
    },
    "percentage": {
        "Domain International Services Limited": 18.181818181818183,
        "Dynadot Inc": 9.090909090909092,
        "Eranet International Limited": 18.181818181818183,
        "GoDaddy.com, LLC": 36.36363636363637,
        "Tucows Domains Inc.": 9.090909090909092,
        "eName Technology Co., Ltd.": 9.090909090909092,
        "total": 100.00000000000001
    }
}