{
    "counter": {
        "Blue Razor Domains, LLC": 2,
        "Chengdu West Dimension Digital Technology Co., Ltd.": 4,
        "Communigal Communications Ltd": 2,
        "Domain International Services Limited": 18,
        "Dynadot Inc": 28,
        "Dynadot LLC": 2,
        "ERANET INTERNATIONAL LIMITED": 2,
        "Eranet International Limited": 8,
        "Gname.com Pte. Ltd.": 18,
        "Go Australia Domains Inc": 4,
        "Go Canada Domains Inc": 2,
        "Go Montenegro Domains, LLC": 4,
        "GoDaddy.com, LLC": 30,
        "Name.com, Inc": 2,
        "Name.com, Inc.": 10,
        "NameCheap, Inc.": 4,
        "NameSilo, LLC": 2,
        "Namecheap": 10,
        "Spaceship, Inc.": 2,
        "Tucows Domains Inc.": 2,
        "West263 International Limited": 2,
        "eName Technology Co., Ltd.": 4,
        "total": 162
    },
    "percentage": {
        "Blue Razor Domains, LLC": 1.2345679012345678,
        "Chengdu West Dimension Digital Technology Co., Ltd.": 2.4691358024691357,
        "Communigal Communications Ltd": 1.2345679012345678,
        "Domain International Services Limited": 11.11111111111111,
        "Dynadot Inc": 17.28395061728395,
        "Dynadot LLC": 1.2345679012345678,
        "ERANET INTERNATIONAL LIMITED": 1.2345679012345678,
        "Eranet International Limited": 4.938271604938271,
        "Gname.com Pte. Ltd.": 11.11111111111111,
        "Go Australia Domains Inc": 2.4691358024691357,
        "Go Canada Domains Inc": 1.2345679012345678,
        "Go Montenegro Domains, LLC": 2.4691358024691357,
        "GoDaddy.com, LLC": 18.51851851851852,
        "Name.com, Inc": 1.2345679012345678,
        "Name.com, Inc.": 6.172839506172839,
        "NameCheap, Inc.": 2.4691358024691357,
        "NameSilo, LLC": 1.2345679012345678,
        "Namecheap": 6.172839506172839,
        "Spaceship, Inc.": 1.2345679012345678,
        "Tucows Domains Inc.": 1.2345679012345678,
        "West263 International Limited": 1.2345679012345678,
        "eName Technology Co., Ltd.": 2.4691358024691357,
        "total": 100.0
    }
}