{
    "counter": {
        "Amazon Registrar, Inc.": 4,
        "Blue Razor Domains, LLC": 2,
        "CSC Corporate Domains, Inc.": 14,
        "Chengdu West Dimension Digital Technology Co., Ltd.": 6,
        "CommuniGal Communication Ltd.": 4,
        "Communigal Communications Ltd": 2,
        "Dynadot Inc": 26,
        "Dynadot LLC": 2,
        "ERANET INTERNATIONAL LIMITED": 2,
        "Edomains LLC": 2,
        "GMO Internet Group, Inc. d/b/a Onamae.com": 4,
        "Gname 002 Inc": 2,
        "Gname 010 Inc": 2,
        "Gname.com Pte. Ltd.": 18,
        "Go Australia Domains Inc": 2,
        "Go Canada Domains Inc": 4,
        "Go China Domains Inc": 2,
        "Go Daddy, LLC": 2,
        "Go Montenegro Domains, LLC": 10,
        "GoDaddy.com, LLC": 56,
        "InsaneNames LLC": 2,
        "July Name Limited": 2,
        "Name.com, Inc": 4,
        "Name.com, Inc.": 6,
        "NameCheap, Inc.": 16,
        "Spaceship, Inc.": 14,
        "URL Solutions, Inc.": 2,
        "West263 International Limited": 2,
        "Wild West Domains, Inc.": 4,
        "total": 218
    },
    "percentage": {
        "Amazon Registrar, Inc.": 1.834862385321101,
        "Blue Razor Domains, LLC": 0.9174311926605505,
        "CSC Corporate Domains, Inc.": 6.422018348623853,
        "Chengdu West Dimension Digital Technology Co., Ltd.": 2.7522935779816513,
        "CommuniGal Communication Ltd.": 1.834862385321101,
        "Communigal Communications Ltd": 0.9174311926605505,
        "Dynadot Inc": 11.926605504587156,
        "Dynadot LLC": 0.9174311926605505,
        "ERANET INTERNATIONAL LIMITED": 0.9174311926605505,
        "Edomains LLC": 0.9174311926605505,
        "GMO Internet Group, Inc. d/b/a Onamae.com": 1.834862385321101,
        "Gname 002 Inc": 0.9174311926605505,
        "Gname 010 Inc": 0.9174311926605505,
        "Gname.com Pte. Ltd.": 8.256880733944953,
        "Go Australia Domains Inc": 0.9174311926605505,
        "Go Canada Domains Inc": 1.834862385321101,
        "Go China Domains Inc": 0.9174311926605505,
        "Go Daddy, LLC": 0.9174311926605505,
        "Go Montenegro Domains, LLC": 4.587155963302752,
        "GoDaddy.com, LLC": 25.68807339449541,
        "InsaneNames LLC": 0.9174311926605505,
        "July Name Limited": 0.9174311926605505,
        "Name.com, Inc": 1.834862385321101,
        "Name.com, Inc.": 2.7522935779816513,
        "NameCheap, Inc.": 7.339449541284404,
        "Spaceship, Inc.": 6.422018348623853,
        "URL Solutions, Inc.": 0.9174311926605505,
        "West263 International Limited": 0.9174311926605505,
        "Wild West Domains, Inc.": 1.834862385321101,
        "total": 100.0
    }
}