{
    "counter": {
        "Chengdu West Dimension Digital Technology Co., Ltd.": 2,
        "Communigal Communications Ltd": 2,
        "Domain International Services Limited": 22,
        "Dynadot Inc": 44,
        "ERANET INTERNATIONAL LIMITED": 2,
        "Eranet International Limited": 20,
        "Gname.com Pte. Ltd.": 14,
        "Go Australia Domains Inc": 4,
        "Go Canada Domains Inc": 2,
        "Go Daddy, LLC": 2,
        "Go Montenegro Domains, LLC": 4,
        "GoDaddy.com, LLC": 14,
        "Name.com, Inc": 2,
        "Name.com, Inc.": 8,
        "NameCheap, Inc.": 4,
        "Namecheap": 10,
        "Spaceship, Inc.": 6,
        "Tucows Domains Inc.": 2,
        "West263 International Limited": 2,
        "eName Technology Co., Ltd.": 4,
        "total": 170
    },
    "percentage": {
        "Chengdu West Dimension Digital Technology Co., Ltd.": 1.1764705882352942,
        "Communigal Communications Ltd": 1.1764705882352942,
        "Domain International Services Limited": 12.941176470588236,
        "Dynadot Inc": 25.88235294117647,
        "ERANET INTERNATIONAL LIMITED": 1.1764705882352942,
        "Eranet International Limited": 11.764705882352942,
        "Gname.com Pte. Ltd.": 8.235294117647058,
        "Go Australia Domains Inc": 2.3529411764705883,
        "Go Canada Domains Inc": 1.1764705882352942,
        "Go Daddy, LLC": 1.1764705882352942,
        "Go Montenegro Domains, LLC": 2.3529411764705883,
        "GoDaddy.com, LLC": 8.235294117647058,
        "Name.com, Inc": 1.1764705882352942,
        "Name.com, Inc.": 4.705882352941177,
        "NameCheap, Inc.": 2.3529411764705883,
        "Namecheap": 5.882352941176471,
        "Spaceship, Inc.": 3.5294117647058822,
        "Tucows Domains Inc.": 1.1764705882352942,
        "West263 International Limited": 1.1764705882352942,
        "eName Technology Co., Ltd.": 2.3529411764705883,
        "total": 100.0
    }
}