{
    "counter": {
        "Chengdu West Dimension Digital Technology Co., Ltd.": 4,
        "Communigal Communications Ltd": 2,
        "Domain International Services Limited": 16,
        "Dynadot Inc": 24,
        "Dynadot LLC": 2,
        "ERANET INTERNATIONAL LIMITED": 2,
        "Eranet International Limited": 8,
        "Gname.com Pte. Ltd.": 14,
        "Go Australia Domains Inc": 4,
        "Go Canada Domains Inc": 2,
        "Go Montenegro Domains, LLC": 4,
        "GoDaddy.com, LLC": 16,
        "Name.com, Inc": 2,
        "Name.com, Inc.": 8,
        "NameCheap, Inc.": 2,
        "Namecheap": 10,
        "Spaceship, Inc.": 2,
        "Tucows Domains Inc.": 2,
        "West263 International Limited": 2,
        "eName Technology Co., Ltd.": 4,
        "total": 130
    },
    "percentage": {
        "Chengdu West Dimension Digital Technology Co., Ltd.": 3.076923076923077,
        "Communigal Communications Ltd": 1.5384615384615385,
        "Domain International Services Limited": 12.307692307692308,
        "Dynadot Inc": 18.46153846153846,
        "Dynadot LLC": 1.5384615384615385,
        "ERANET INTERNATIONAL LIMITED": 1.5384615384615385,
        "Eranet International Limited": 6.153846153846154,
        "Gname.com Pte. Ltd.": 10.76923076923077,
        "Go Australia Domains Inc": 3.076923076923077,
        "Go Canada Domains Inc": 1.5384615384615385,
        "Go Montenegro Domains, LLC": 3.076923076923077,
        "GoDaddy.com, LLC": 12.307692307692308,
        "Name.com, Inc": 1.5384615384615385,
        "Name.com, Inc.": 6.153846153846154,
        "NameCheap, Inc.": 1.5384615384615385,
        "Namecheap": 7.6923076923076925,
        "Spaceship, Inc.": 1.5384615384615385,
        "Tucows Domains Inc.": 1.5384615384615385,
        "West263 International Limited": 1.5384615384615385,
        "eName Technology Co., Ltd.": 3.076923076923077,
        "total": 100.0
    }
}