{
    "counter": {
        "Amazon Registrar, Inc.": 8,
        "CommuniGal Communication Ltd.": 2,
        "Dynadot Inc": 26,
        "Dynadot LLC": 2,
        "Dynadot, LLC": 4,
        "ERANET INTERNATIONAL LIMITED": 2,
        "Edomains LLC": 2,
        "GMO Internet Group, Inc. d/b/a Onamae.com": 2,
        "Gname 002 Inc": 2,
        "Gname 004 Inc": 4,
        "Gname 005 Inc": 4,
        "Gname 008 Inc": 4,
        "Gname 009 Inc": 2,
        "Gname 010 Inc": 2,
        "Gname.com Pte. Ltd.": 16,
        "Go Australia Domains Inc": 6,
        "Go Canada Domains Inc": 6,
        "Go Daddy, LLC": 1054,
        "Go France Domains Inc": 4,
        "Go Montenegro Domains, LLC": 4,
        "GoDaddy.com, LLC": 36,
        "HOSTINGER operations, UAB": 2,
        "InsaneNames LLC": 2,
        "NAMEMART PTE. LTD.": 2,
        "Name.com, Inc": 4,
        "Name.com, Inc.": 16,
        "NameCheap, Inc.": 22,
        "NameSilo, LLC": 4,
        "Namecheap": 6,
        "Network Solutions, LLC": 2,
        "Sav.com, LLC- 6": 2,
        "Spaceship, Inc.": 4,
        "Squarespace Domains II LLC": 2,
        "URL Solutions Inc.": 2,
        "VIRTUA DRUG Kutatási Szolgáltató Korlátolt Felelősségű Társaság": 2,
        "Virtualia LLC": 2,
        "West263 International Limited": 2,
        "Wild West Domains, Inc.": 2,
        "iNET SOFTWARE COMPANY LIMITED": 2,
        "total": 1272
    },
    "percentage": {
        "Amazon Registrar, Inc.": 0.6289308176100629,
        "CommuniGal Communication Ltd.": 0.15723270440251572,
        "Dynadot Inc": 2.0440251572327046,
        "Dynadot LLC": 0.15723270440251572,
        "Dynadot, LLC": 0.31446540880503143,
        "ERANET INTERNATIONAL LIMITED": 0.15723270440251572,
        "Edomains LLC": 0.15723270440251572,
        "GMO Internet Group, Inc. d/b/a Onamae.com": 0.15723270440251572,
        "Gname 002 Inc": 0.15723270440251572,
        "Gname 004 Inc": 0.31446540880503143,
        "Gname 005 Inc": 0.31446540880503143,
        "Gname 008 Inc": 0.31446540880503143,
        "Gname 009 Inc": 0.15723270440251572,
        "Gname 010 Inc": 0.15723270440251572,
        "Gname.com Pte. Ltd.": 1.2578616352201257,
        "Go Australia Domains Inc": 0.4716981132075472,
        "Go Canada Domains Inc": 0.4716981132075472,
        "Go Daddy, LLC": 82.86163522012579,
        "Go France Domains Inc": 0.31446540880503143,
        "Go Montenegro Domains, LLC": 0.31446540880503143,
        "GoDaddy.com, LLC": 2.830188679245283,
        "HOSTINGER operations, UAB": 0.15723270440251572,
        "InsaneNames LLC": 0.15723270440251572,
        "NAMEMART PTE. LTD.": 0.15723270440251572,
        "Name.com, Inc": 0.31446540880503143,
        "Name.com, Inc.": 1.2578616352201257,
        "NameCheap, Inc.": 1.729559748427673,
        "NameSilo, LLC": 0.31446540880503143,
        "Namecheap": 0.4716981132075472,
        "Network Solutions, LLC": 0.15723270440251572,
        "Sav.com, LLC- 6": 0.15723270440251572,
        "Spaceship, Inc.": 0.31446540880503143,
        "Squarespace Domains II LLC": 0.15723270440251572,
        "URL Solutions Inc.": 0.15723270440251572,
        "VIRTUA DRUG Kutatási Szolgáltató Korlátolt Felelősségű Társaság": 0.15723270440251572,
        "Virtualia LLC": 0.15723270440251572,
        "West263 International Limited": 0.15723270440251572,
        "Wild West Domains, Inc.": 0.15723270440251572,
        "iNET SOFTWARE COMPANY LIMITED": 0.15723270440251572,
        "total": 100.0
    }
}