{
    "counter": {
        "Amazon Registrar, Inc.": 8,
        "Blue Razor Domains, LLC": 2,
        "CommuniGal Communication Ltd.": 2,
        "Dynadot Inc": 24,
        "Dynadot LLC": 2,
        "Dynadot, LLC": 2,
        "ERANET INTERNATIONAL LIMITED": 2,
        "GMO Internet Group, Inc. d/b/a Onamae.com": 2,
        "Gname 004 Inc": 2,
        "Gname 010 Inc": 2,
        "Gname.com Pte. Ltd.": 22,
        "Go Australia Domains Inc": 8,
        "Go Canada Domains Inc": 8,
        "Go China Domains Inc": 2,
        "Go Daddy, LLC": 1024,
        "Go France Domains Inc": 2,
        "Go Montenegro Domains, LLC": 6,
        "GoDaddy.com, LLC": 30,
        "HOSTINGER operations, UAB": 2,
        "InsaneNames LLC": 2,
        "NAMEMART PTE. LTD.": 2,
        "Name.com, Inc": 4,
        "Name.com, Inc.": 18,
        "NameCheap, Inc.": 18,
        "NameSilo, LLC": 2,
        "Namecheap": 12,
        "Sav.com, LLC- 6": 2,
        "Spaceship, Inc.": 20,
        "Squarespace Domains II LLC": 2,
        "URL Solutions Inc.": 2,
        "VIRTUA DRUG Kutatási Szolgáltató Korlátolt Felelősségű Társaság": 2,
        "Virtualia LLC": 2,
        "iNET SOFTWARE COMPANY LIMITED": 2,
        "total": 1242
    },
    "percentage": {
        "Amazon Registrar, Inc.": 0.644122383252818,
        "Blue Razor Domains, LLC": 0.1610305958132045,
        "CommuniGal Communication Ltd.": 0.1610305958132045,
        "Dynadot Inc": 1.932367149758454,
        "Dynadot LLC": 0.1610305958132045,
        "Dynadot, LLC": 0.1610305958132045,
        "ERANET INTERNATIONAL LIMITED": 0.1610305958132045,
        "GMO Internet Group, Inc. d/b/a Onamae.com": 0.1610305958132045,
        "Gname 004 Inc": 0.1610305958132045,
        "Gname 010 Inc": 0.1610305958132045,
        "Gname.com Pte. Ltd.": 1.7713365539452497,
        "Go Australia Domains Inc": 0.644122383252818,
        "Go Canada Domains Inc": 0.644122383252818,
        "Go China Domains Inc": 0.1610305958132045,
        "Go Daddy, LLC": 82.4476650563607,
        "Go France Domains Inc": 0.1610305958132045,
        "Go Montenegro Domains, LLC": 0.4830917874396135,
        "GoDaddy.com, LLC": 2.4154589371980677,
        "HOSTINGER operations, UAB": 0.1610305958132045,
        "InsaneNames LLC": 0.1610305958132045,
        "NAMEMART PTE. LTD.": 0.1610305958132045,
        "Name.com, Inc": 0.322061191626409,
        "Name.com, Inc.": 1.4492753623188406,
        "NameCheap, Inc.": 1.4492753623188406,
        "NameSilo, LLC": 0.1610305958132045,
        "Namecheap": 0.966183574879227,
        "Sav.com, LLC- 6": 0.1610305958132045,
        "Spaceship, Inc.": 1.6103059581320451,
        "Squarespace Domains II LLC": 0.1610305958132045,
        "URL Solutions Inc.": 0.1610305958132045,
        "VIRTUA DRUG Kutatási Szolgáltató Korlátolt Felelősségű Társaság": 0.1610305958132045,
        "Virtualia LLC": 0.1610305958132045,
        "iNET SOFTWARE COMPANY LIMITED": 0.1610305958132045,
        "total": 100.0
    }
}