{
    "counter": {
        "Amazon Registrar, Inc.": 8,
        "Blue Razor Domains, LLC": 2,
        "CSC Corporate Domains, Inc.": 14,
        "Chengdu West Dimension Digital Technology Co., Ltd.": 6,
        "CommuniGal Communication Ltd.": 6,
        "Communigal Communications Ltd": 4,
        "Dynadot": 2,
        "Dynadot Inc": 34,
        "Dynadot LLC": 2,
        "ERANET INTERNATIONAL LIMITED": 2,
        "Eranet International Limited": 2,
        "GMO Internet Group, Inc. d/b/a Onamae.com": 2,
        "Gname 002 Inc": 2,
        "Gname.com Pte. Ltd.": 18,
        "Go Australia Domains Inc": 2,
        "Go Canada Domains Inc": 2,
        "Go Daddy, LLC": 4,
        "Go Montenegro Domains, LLC": 6,
        "GoDaddy.com, LLC": 126,
        "InsaneNames LLC": 2,
        "Name.com, Inc": 4,
        "Name.com, Inc.": 12,
        "NameCheap, Inc.": 28,
        "Namecheap": 2,
        "Porkbun LLC": 4,
        "Spaceship, Inc.": 16,
        "URL Solutions, Inc.": 2,
        "Virtualia LLC": 2,
        "West263 International Limited": 2,
        "Wild West Domains, Inc.": 6,
        "iNET SOFTWARE COMPANY LIMITED": 2,
        "total": 326
    },
    "percentage": {
        "Amazon Registrar, Inc.": 2.4539877300613497,
        "Blue Razor Domains, LLC": 0.6134969325153374,
        "CSC Corporate Domains, Inc.": 4.294478527607362,
        "Chengdu West Dimension Digital Technology Co., Ltd.": 1.8404907975460123,
        "CommuniGal Communication Ltd.": 1.8404907975460123,
        "Communigal Communications Ltd": 1.2269938650306749,
        "Dynadot": 0.6134969325153374,
        "Dynadot Inc": 10.429447852760736,
        "Dynadot LLC": 0.6134969325153374,
        "ERANET INTERNATIONAL LIMITED": 0.6134969325153374,
        "Eranet International Limited": 0.6134969325153374,
        "GMO Internet Group, Inc. d/b/a Onamae.com": 0.6134969325153374,
        "Gname 002 Inc": 0.6134969325153374,
        "Gname.com Pte. Ltd.": 5.521472392638037,
        "Go Australia Domains Inc": 0.6134969325153374,
        "Go Canada Domains Inc": 0.6134969325153374,
        "Go Daddy, LLC": 1.2269938650306749,
        "Go Montenegro Domains, LLC": 1.8404907975460123,
        "GoDaddy.com, LLC": 38.65030674846626,
        "InsaneNames LLC": 0.6134969325153374,
        "Name.com, Inc": 1.2269938650306749,
        "Name.com, Inc.": 3.6809815950920246,
        "NameCheap, Inc.": 8.588957055214724,
        "Namecheap": 0.6134969325153374,
        "Porkbun LLC": 1.2269938650306749,
        "Spaceship, Inc.": 4.9079754601226995,
        "URL Solutions, Inc.": 0.6134969325153374,
        "Virtualia LLC": 0.6134969325153374,
        "West263 International Limited": 0.6134969325153374,
        "Wild West Domains, Inc.": 1.8404907975460123,
        "iNET SOFTWARE COMPANY LIMITED": 0.6134969325153374,
        "total": 100.0
    }
}