{
    "counter": {
        "Chengdu West Dimension Digital Technology Co., Ltd.": 4,
        "Communigal Communications Ltd": 2,
        "Domain International Services Limited": 18,
        "Dynadot Inc": 28,
        "Dynadot LLC": 2,
        "ERANET INTERNATIONAL LIMITED": 2,
        "Eranet International Limited": 8,
        "Gname.com Pte. Ltd.": 18,
        "Go Australia Domains Inc": 4,
        "Go Canada Domains Inc": 2,
        "Go Montenegro Domains, LLC": 4,
        "GoDaddy.com, LLC": 28,
        "Name.com, Inc": 2,
        "Name.com, Inc.": 10,
        "NameCheap, Inc.": 4,
        "NameSilo, LLC": 2,
        "Namecheap": 10,
        "Spaceship, Inc.": 2,
        "Tucows Domains Inc.": 2,
        "West263 International Limited": 2,
        "eName Technology Co., Ltd.": 4,
        "total": 158
    },
    "percentage": {
        "Chengdu West Dimension Digital Technology Co., Ltd.": 2.5316455696202533,
        "Communigal Communications Ltd": 1.2658227848101267,
        "Domain International Services Limited": 11.39240506329114,
        "Dynadot Inc": 17.72151898734177,
        "Dynadot LLC": 1.2658227848101267,
        "ERANET INTERNATIONAL LIMITED": 1.2658227848101267,
        "Eranet International Limited": 5.063291139240507,
        "Gname.com Pte. Ltd.": 11.39240506329114,
        "Go Australia Domains Inc": 2.5316455696202533,
        "Go Canada Domains Inc": 1.2658227848101267,
        "Go Montenegro Domains, LLC": 2.5316455696202533,
        "GoDaddy.com, LLC": 17.72151898734177,
        "Name.com, Inc": 1.2658227848101267,
        "Name.com, Inc.": 6.329113924050633,
        "NameCheap, Inc.": 2.5316455696202533,
        "NameSilo, LLC": 1.2658227848101267,
        "Namecheap": 6.329113924050633,
        "Spaceship, Inc.": 1.2658227848101267,
        "Tucows Domains Inc.": 1.2658227848101267,
        "West263 International Limited": 1.2658227848101267,
        "eName Technology Co., Ltd.": 2.5316455696202533,
        "total": 100.0
    }
}