{
    "counter": {
        "Amazon Registrar, Inc.": 8,
        "Blue Razor Domains, LLC": 2,
        "Dynadot Inc": 26,
        "Dynadot LLC": 2,
        "Dynadot, LLC": 2,
        "ERANET INTERNATIONAL LIMITED": 2,
        "GMO Internet Group, Inc. d/b/a Onamae.com": 2,
        "Gname 005 Inc": 2,
        "Gname 009 Inc": 2,
        "Gname 010 Inc": 4,
        "Gname.com Pte. Ltd.": 26,
        "Go Australia Domains Inc": 8,
        "Go Canada Domains Inc": 8,
        "Go China Domains Inc": 2,
        "Go Daddy, LLC": 1066,
        "Go France Domains Inc": 4,
        "Go Montenegro Domains, LLC": 6,
        "GoDaddy.com, LLC": 26,
        "HOSTINGER operations, UAB": 2,
        "Hefei Juming Network Technology Co., Ltd": 2,
        "InsaneNames LLC": 2,
        "NAMEMART PTE. LTD.": 2,
        "Name.com, Inc": 4,
        "Name.com, Inc.": 18,
        "NameCheap, Inc.": 22,
        "NameSilo, LLC": 2,
        "Namecheap": 10,
        "Sav.com, LLC- 6": 2,
        "Spaceship, Inc.": 20,
        "Squarespace Domains II LLC": 2,
        "URL Solutions Inc.": 2,
        "VIRTUA DRUG Kutatási Szolgáltató Korlátolt Felelősségű Társaság": 2,
        "Virtualia LLC": 2,
        "iNET SOFTWARE COMPANY LIMITED": 2,
        "total": 1294
    },
    "percentage": {
        "Amazon Registrar, Inc.": 0.6182380216383307,
        "Blue Razor Domains, LLC": 0.1545595054095827,
        "Dynadot Inc": 2.009273570324575,
        "Dynadot LLC": 0.1545595054095827,
        "Dynadot, LLC": 0.1545595054095827,
        "ERANET INTERNATIONAL LIMITED": 0.1545595054095827,
        "GMO Internet Group, Inc. d/b/a Onamae.com": 0.1545595054095827,
        "Gname 005 Inc": 0.1545595054095827,
        "Gname 009 Inc": 0.1545595054095827,
        "Gname 010 Inc": 0.3091190108191654,
        "Gname.com Pte. Ltd.": 2.009273570324575,
        "Go Australia Domains Inc": 0.6182380216383307,
        "Go Canada Domains Inc": 0.6182380216383307,
        "Go China Domains Inc": 0.1545595054095827,
        "Go Daddy, LLC": 82.38021638330757,
        "Go France Domains Inc": 0.3091190108191654,
        "Go Montenegro Domains, LLC": 0.46367851622874806,
        "GoDaddy.com, LLC": 2.009273570324575,
        "HOSTINGER operations, UAB": 0.1545595054095827,
        "Hefei Juming Network Technology Co., Ltd": 0.1545595054095827,
        "InsaneNames LLC": 0.1545595054095827,
        "NAMEMART PTE. LTD.": 0.1545595054095827,
        "Name.com, Inc": 0.3091190108191654,
        "Name.com, Inc.": 1.3910355486862442,
        "NameCheap, Inc.": 1.7001545595054095,
        "NameSilo, LLC": 0.1545595054095827,
        "Namecheap": 0.7727975270479135,
        "Sav.com, LLC- 6": 0.1545595054095827,
        "Spaceship, Inc.": 1.545595054095827,
        "Squarespace Domains II LLC": 0.1545595054095827,
        "URL Solutions Inc.": 0.1545595054095827,
        "VIRTUA DRUG Kutatási Szolgáltató Korlátolt Felelősségű Társaság": 0.1545595054095827,
        "Virtualia LLC": 0.1545595054095827,
        "iNET SOFTWARE COMPANY LIMITED": 0.1545595054095827,
        "total": 100.0
    }
}