{
    "counter": {
        "Chengdu West Dimension Digital Technology Co., Ltd.": 2,
        "Domain International Services Limited": 14,
        "Dynadot Inc": 14,
        "Dynadot LLC": 2,
        "ERANET INTERNATIONAL LIMITED": 2,
        "Eranet International Limited": 4,
        "Gname.com Pte. Ltd.": 2,
        "Go Australia Domains Inc": 4,
        "Go Canada Domains Inc": 2,
        "Go Montenegro Domains, LLC": 4,
        "GoDaddy.com, LLC": 12,
        "Name.com, Inc": 2,
        "Name.com, Inc.": 2,
        "Namecheap": 4,
        "Spaceship, Inc.": 2,
        "Tucows Domains Inc.": 2,
        "West263 International Limited": 2,
        "eName Technology Co., Ltd.": 2,
        "total": 78
    },
    "percentage": {
        "Chengdu West Dimension Digital Technology Co., Ltd.": 2.5641025641025643,
        "Domain International Services Limited": 17.94871794871795,
        "Dynadot Inc": 17.94871794871795,
        "Dynadot LLC": 2.5641025641025643,
        "ERANET INTERNATIONAL LIMITED": 2.5641025641025643,
        "Eranet International Limited": 5.128205128205129,
        "Gname.com Pte. Ltd.": 2.5641025641025643,
        "Go Australia Domains Inc": 5.128205128205129,
        "Go Canada Domains Inc": 2.5641025641025643,
        "Go Montenegro Domains, LLC": 5.128205128205129,
        "GoDaddy.com, LLC": 15.384615384615385,
        "Name.com, Inc": 2.5641025641025643,
        "Name.com, Inc.": 2.5641025641025643,
        "Namecheap": 5.128205128205129,
        "Spaceship, Inc.": 2.5641025641025643,
        "Tucows Domains Inc.": 2.5641025641025643,
        "West263 International Limited": 2.5641025641025643,
        "eName Technology Co., Ltd.": 2.5641025641025643,
        "total": 100.0
    }
}