{
    "counter": {
        "Amazon Registrar, Inc.": 8,
        "Blue Razor Domains, LLC": 2,
        "Dynadot Inc": 22,
        "Dynadot LLC": 2,
        "ERANET INTERNATIONAL LIMITED": 2,
        "Edomains LLC": 2,
        "GMO Internet Group, Inc. d/b/a Onamae.com": 2,
        "Gname 004 Inc": 2,
        "Gname 008 Inc": 2,
        "Gname 010 Inc": 2,
        "Gname.com Pte. Ltd.": 16,
        "Go Australia Domains Inc": 8,
        "Go Canada Domains Inc": 8,
        "Go China Domains Inc": 2,
        "Go Daddy, LLC": 994,
        "Go France Domains Inc": 2,
        "Go Montenegro Domains, LLC": 6,
        "GoDaddy.com, LLC": 26,
        "HOSTINGER operations, UAB": 2,
        "InsaneNames LLC": 2,
        "NAMEMART PTE. LTD.": 2,
        "Name.com, Inc": 4,
        "Name.com, Inc.": 14,
        "NameCheap, Inc.": 20,
        "NameSilo, LLC": 4,
        "Namecheap": 2,
        "Sav.com, LLC- 6": 2,
        "Spaceship, Inc.": 2,
        "Squarespace Domains II LLC": 2,
        "URL Solutions Inc.": 2,
        "VIRTUA DRUG Kutatási Szolgáltató Korlátolt Felelősségű Társaság": 2,
        "Virtualia LLC": 2,
        "Wild West Domains, Inc.": 2,
        "iNET SOFTWARE COMPANY LIMITED": 2,
        "total": 1174
    },
    "percentage": {
        "Amazon Registrar, Inc.": 0.6814310051107325,
        "Blue Razor Domains, LLC": 0.17035775127768313,
        "Dynadot Inc": 1.8739352640545144,
        "Dynadot LLC": 0.17035775127768313,
        "ERANET INTERNATIONAL LIMITED": 0.17035775127768313,
        "Edomains LLC": 0.17035775127768313,
        "GMO Internet Group, Inc. d/b/a Onamae.com": 0.17035775127768313,
        "Gname 004 Inc": 0.17035775127768313,
        "Gname 008 Inc": 0.17035775127768313,
        "Gname 010 Inc": 0.17035775127768313,
        "Gname.com Pte. Ltd.": 1.362862010221465,
        "Go Australia Domains Inc": 0.6814310051107325,
        "Go Canada Domains Inc": 0.6814310051107325,
        "Go China Domains Inc": 0.17035775127768313,
        "Go Daddy, LLC": 84.66780238500851,
        "Go France Domains Inc": 0.17035775127768313,
        "Go Montenegro Domains, LLC": 0.5110732538330494,
        "GoDaddy.com, LLC": 2.2146507666098807,
        "HOSTINGER operations, UAB": 0.17035775127768313,
        "InsaneNames LLC": 0.17035775127768313,
        "NAMEMART PTE. LTD.": 0.17035775127768313,
        "Name.com, Inc": 0.34071550255536626,
        "Name.com, Inc.": 1.192504258943782,
        "NameCheap, Inc.": 1.7035775127768313,
        "NameSilo, LLC": 0.34071550255536626,
        "Namecheap": 0.17035775127768313,
        "Sav.com, LLC- 6": 0.17035775127768313,
        "Spaceship, Inc.": 0.17035775127768313,
        "Squarespace Domains II LLC": 0.17035775127768313,
        "URL Solutions Inc.": 0.17035775127768313,
        "VIRTUA DRUG Kutatási Szolgáltató Korlátolt Felelősségű Társaság": 0.17035775127768313,
        "Virtualia LLC": 0.17035775127768313,
        "Wild West Domains, Inc.": 0.17035775127768313,
        "iNET SOFTWARE COMPANY LIMITED": 0.17035775127768313,
        "total": 100.0
    }
}