{
    "counter": {
        "Communigal Communications Ltd": 2,
        "Domain International Services Limited": 12,
        "Dynadot Inc": 26,
        "Dynadot LLC": 4,
        "Gname.com Pte. Ltd.": 4,
        "Go Australia Domains Inc": 4,
        "Go Canada Domains Inc": 2,
        "Go Daddy, LLC": 2,
        "NameSilo, LLC": 2,
        "Namecheap": 4,
        "Spaceship, Inc.": 4,
        "West263 International Limited": 4,
        "total": 70
    },
    "percentage": {
        "Communigal Communications Ltd": 2.857142857142857,
        "Domain International Services Limited": 17.142857142857142,
        "Dynadot Inc": 37.142857142857146,
        "Dynadot LLC": 5.714285714285714,
        "Gname.com Pte. Ltd.": 5.714285714285714,
        "Go Australia Domains Inc": 5.714285714285714,
        "Go Canada Domains Inc": 2.857142857142857,
        "Go Daddy, LLC": 2.857142857142857,
        "NameSilo, LLC": 2.857142857142857,
        "Namecheap": 5.714285714285714,
        "Spaceship, Inc.": 5.714285714285714,
        "West263 International Limited": 5.714285714285714,
        "total": 100.0
    }
}