{
    "counter": {
        "Amazon Registrar, Inc.": 4,
        "Blue Razor Domains, LLC": 2,
        "CommuniGal Communication Ltd.": 2,
        "Communigal Communications Ltd": 4,
        "Dynadot": 2,
        "Dynadot Inc": 28,
        "Dynadot LLC": 4,
        "ERANET INTERNATIONAL LIMITED": 2,
        "Edomains LLC": 2,
        "GMO Internet Group, Inc. d/b/a Onamae.com": 6,
        "Gname 007 Inc": 2,
        "Gname 010 Inc": 2,
        "Gname.com Pte. Ltd.": 32,
        "Go Australia Domains Inc": 4,
        "Go Canada Domains Inc": 6,
        "Go Daddy, LLC": 38,
        "Go France Domains Inc": 2,
        "Go Montenegro Domains, LLC": 4,
        "GoDaddy.com, LLC": 26,
        "HOSTINGER operations, UAB": 2,
        "InsaneNames LLC": 2,
        "NAMECHEAP": 2,
        "NAMEMART PTE. LTD.": 2,
        "Name.com, Inc": 4,
        "Name.com, Inc.": 10,
        "NameCheap, Inc.": 16,
        "NameSilo, LLC": 2,
        "Namecheap": 6,
        "Spaceship, Inc.": 12,
        "VIRTUA DRUG Kutatási Szolgáltató Korlátolt Felelősségű Társaság": 2,
        "Virtualia LLC": 2,
        "iNET SOFTWARE COMPANY LIMITED": 2,
        "total": 236
    },
    "percentage": {
        "Amazon Registrar, Inc.": 1.694915254237288,
        "Blue Razor Domains, LLC": 0.847457627118644,
        "CommuniGal Communication Ltd.": 0.847457627118644,
        "Communigal Communications Ltd": 1.694915254237288,
        "Dynadot": 0.847457627118644,
        "Dynadot Inc": 11.864406779661017,
        "Dynadot LLC": 1.694915254237288,
        "ERANET INTERNATIONAL LIMITED": 0.847457627118644,
        "Edomains LLC": 0.847457627118644,
        "GMO Internet Group, Inc. d/b/a Onamae.com": 2.542372881355932,
        "Gname 007 Inc": 0.847457627118644,
        "Gname 010 Inc": 0.847457627118644,
        "Gname.com Pte. Ltd.": 13.559322033898304,
        "Go Australia Domains Inc": 1.694915254237288,
        "Go Canada Domains Inc": 2.542372881355932,
        "Go Daddy, LLC": 16.10169491525424,
        "Go France Domains Inc": 0.847457627118644,
        "Go Montenegro Domains, LLC": 1.694915254237288,
        "GoDaddy.com, LLC": 11.016949152542374,
        "HOSTINGER operations, UAB": 0.847457627118644,
        "InsaneNames LLC": 0.847457627118644,
        "NAMECHEAP": 0.847457627118644,
        "NAMEMART PTE. LTD.": 0.847457627118644,
        "Name.com, Inc": 1.694915254237288,
        "Name.com, Inc.": 4.237288135593221,
        "NameCheap, Inc.": 6.779661016949152,
        "NameSilo, LLC": 0.847457627118644,
        "Namecheap": 2.542372881355932,
        "Spaceship, Inc.": 5.084745762711864,
        "VIRTUA DRUG Kutatási Szolgáltató Korlátolt Felelősségű Társaság": 0.847457627118644,
        "Virtualia LLC": 0.847457627118644,
        "iNET SOFTWARE COMPANY LIMITED": 0.847457627118644,
        "total": 100.0
    }
}