{
    "counter": {
        "Amazon Registrar, Inc.": 8,
        "Blue Razor Domains, LLC": 2,
        "Dynadot Inc": 24,
        "Dynadot LLC": 4,
        "Dynadot, LLC": 4,
        "ERANET INTERNATIONAL LIMITED": 2,
        "Edomains LLC": 2,
        "GMO Internet Group, Inc. d/b/a Onamae.com": 2,
        "Gname 002 Inc": 2,
        "Gname 005 Inc": 4,
        "Gname 007 Inc": 4,
        "Gname 008 Inc": 2,
        "Gname 009 Inc": 2,
        "Gname 010 Inc": 2,
        "Gname.com Pte. Ltd.": 12,
        "Go Australia Domains Inc": 6,
        "Go Canada Domains Inc": 8,
        "Go Daddy Domains Canada, Inc": 2,
        "Go Daddy, LLC": 960,
        "Go France Domains Inc": 2,
        "Go Montenegro Domains, LLC": 4,
        "GoDaddy.com, LLC": 30,
        "HOSTINGER operations, UAB": 2,
        "InsaneNames LLC": 2,
        "July Name Limited": 2,
        "NAMEMART PTE. LTD.": 2,
        "Name.com, Inc": 4,
        "Name.com, Inc.": 18,
        "NameCheap, Inc.": 20,
        "NameSilo, LLC": 4,
        "Namecheap": 6,
        "Network Solutions, LLC": 2,
        "Sav.com, LLC- 6": 2,
        "Spaceship, Inc.": 2,
        "URL Solutions Inc.": 2,
        "VIRTUA DRUG Kutatási Szolgáltató Korlátolt Felelősségű Társaság": 2,
        "Virtualia LLC": 4,
        "Wild West Domains, Inc.": 2,
        "iNET SOFTWARE COMPANY LIMITED": 2,
        "total": 1166
    },
    "percentage": {
        "Amazon Registrar, Inc.": 0.6861063464837049,
        "Blue Razor Domains, LLC": 0.17152658662092624,
        "Dynadot Inc": 2.058319039451115,
        "Dynadot LLC": 0.34305317324185247,
        "Dynadot, LLC": 0.34305317324185247,
        "ERANET INTERNATIONAL LIMITED": 0.17152658662092624,
        "Edomains LLC": 0.17152658662092624,
        "GMO Internet Group, Inc. d/b/a Onamae.com": 0.17152658662092624,
        "Gname 002 Inc": 0.17152658662092624,
        "Gname 005 Inc": 0.34305317324185247,
        "Gname 007 Inc": 0.34305317324185247,
        "Gname 008 Inc": 0.17152658662092624,
        "Gname 009 Inc": 0.17152658662092624,
        "Gname 010 Inc": 0.17152658662092624,
        "Gname.com Pte. Ltd.": 1.0291595197255574,
        "Go Australia Domains Inc": 0.5145797598627787,
        "Go Canada Domains Inc": 0.6861063464837049,
        "Go Daddy Domains Canada, Inc": 0.17152658662092624,
        "Go Daddy, LLC": 82.3327615780446,
        "Go France Domains Inc": 0.17152658662092624,
        "Go Montenegro Domains, LLC": 0.34305317324185247,
        "GoDaddy.com, LLC": 2.5728987993138936,
        "HOSTINGER operations, UAB": 0.17152658662092624,
        "InsaneNames LLC": 0.17152658662092624,
        "July Name Limited": 0.17152658662092624,
        "NAMEMART PTE. LTD.": 0.17152658662092624,
        "Name.com, Inc": 0.34305317324185247,
        "Name.com, Inc.": 1.5437392795883362,
        "NameCheap, Inc.": 1.7152658662092624,
        "NameSilo, LLC": 0.34305317324185247,
        "Namecheap": 0.5145797598627787,
        "Network Solutions, LLC": 0.17152658662092624,
        "Sav.com, LLC- 6": 0.17152658662092624,
        "Spaceship, Inc.": 0.17152658662092624,
        "URL Solutions Inc.": 0.17152658662092624,
        "VIRTUA DRUG Kutatási Szolgáltató Korlátolt Felelősségű Társaság": 0.17152658662092624,
        "Virtualia LLC": 0.34305317324185247,
        "Wild West Domains, Inc.": 0.17152658662092624,
        "iNET SOFTWARE COMPANY LIMITED": 0.17152658662092624,
        "total": 100.0
    }
}