{
    "counter": {
        "Alibaba Cloud Computing Ltd. d/b/a HiChina (www.net.cn)": 2,
        "Blue Razor Domains, LLC": 6,
        "CommuniGal Communication Ltd.": 2,
        "Communigal Communications Ltd": 4,
        "DNSPod, Inc.": 2,
        "Domain International Services Limited": 26,
        "Dynadot Inc": 66,
        "Dynadot LLC": 30,
        "Eranet International Limited": 12,
        "Gname.com Pte. Ltd.": 30,
        "Go Australia Domains Inc": 12,
        "Go Canada Domains Inc": 6,
        "Go China Domains Inc": 4,
        "Go Daddy, LLC": 16,
        "Go France Domains Inc": 2,
        "Go Montenegro Domains, LLC": 4,
        "GoDaddy.com, LLC": 20,
        "InsaneNames LLC": 2,
        "NAMECHEAP": 2,
        "Name.com, Inc": 14,
        "Name.com, Inc.": 6,
        "NameCheap, Inc.": 16,
        "NameSilo, LLC": 6,
        "Namecheap": 20,
        "Porkbun LLC": 2,
        "Sav.com LLC": 6,
        "Sav.com, LLC - 40": 2,
        "Spaceship, Inc.": 34,
        "West263 International Limited": 6,
        "Wild West Domains, Inc.": 10,
        "total": 370
    },
    "percentage": {
        "Alibaba Cloud Computing Ltd. d/b/a HiChina (www.net.cn)": 0.5405405405405406,
        "Blue Razor Domains, LLC": 1.6216216216216217,
        "CommuniGal Communication Ltd.": 0.5405405405405406,
        "Communigal Communications Ltd": 1.0810810810810811,
        "DNSPod, Inc.": 0.5405405405405406,
        "Domain International Services Limited": 7.027027027027027,
        "Dynadot Inc": 17.83783783783784,
        "Dynadot LLC": 8.108108108108109,
        "Eranet International Limited": 3.2432432432432434,
        "Gname.com Pte. Ltd.": 8.108108108108109,
        "Go Australia Domains Inc": 3.2432432432432434,
        "Go Canada Domains Inc": 1.6216216216216217,
        "Go China Domains Inc": 1.0810810810810811,
        "Go Daddy, LLC": 4.324324324324325,
        "Go France Domains Inc": 0.5405405405405406,
        "Go Montenegro Domains, LLC": 1.0810810810810811,
        "GoDaddy.com, LLC": 5.405405405405405,
        "InsaneNames LLC": 0.5405405405405406,
        "NAMECHEAP": 0.5405405405405406,
        "Name.com, Inc": 3.7837837837837838,
        "Name.com, Inc.": 1.6216216216216217,
        "NameCheap, Inc.": 4.324324324324325,
        "NameSilo, LLC": 1.6216216216216217,
        "Namecheap": 5.405405405405405,
        "Porkbun LLC": 0.5405405405405406,
        "Sav.com LLC": 1.6216216216216217,
        "Sav.com, LLC - 40": 0.5405405405405406,
        "Spaceship, Inc.": 9.18918918918919,
        "West263 International Limited": 1.6216216216216217,
        "Wild West Domains, Inc.": 2.7027027027027026,
        "total": 100.0
    }
}