{
    "counter": {
        "Amazon Registrar, Inc.": 6,
        "Dynadot Inc": 14,
        "Dynadot, LLC": 2,
        "ERANET INTERNATIONAL LIMITED": 2,
        "Edomains LLC": 2,
        "GMO Internet Group, Inc. d/b/a Onamae.com": 2,
        "Gname 010 Inc": 2,
        "Gname.com Pte. Ltd.": 2,
        "Go Australia Domains Inc": 4,
        "Go Canada Domains Inc": 4,
        "Go China Domains Inc": 2,
        "Go Daddy, LLC": 862,
        "Go France Domains Inc": 2,
        "Go Montenegro Domains, LLC": 4,
        "GoDaddy.com, LLC": 20,
        "HOSTINGER operations, UAB": 2,
        "InsaneNames LLC": 2,
        "NAMEMART PTE. LTD.": 2,
        "Name.com, Inc": 4,
        "Name.com, Inc.": 4,
        "NameCheap, Inc.": 12,
        "Namecheap": 2,
        "Sav.com, LLC- 6": 2,
        "Spaceship, Inc.": 4,
        "URL Solutions Inc.": 2,
        "VIRTUA DRUG Kutatási Szolgáltató Korlátolt Felelősségű Társaság": 2,
        "Virtualia LLC": 2,
        "iNET SOFTWARE COMPANY LIMITED": 2,
        "total": 972
    },
    "percentage": {
        "Amazon Registrar, Inc.": 0.6172839506172839,
        "Dynadot Inc": 1.440329218106996,
        "Dynadot, LLC": 0.205761316872428,
        "ERANET INTERNATIONAL LIMITED": 0.205761316872428,
        "Edomains LLC": 0.205761316872428,
        "GMO Internet Group, Inc. d/b/a Onamae.com": 0.205761316872428,
        "Gname 010 Inc": 0.205761316872428,
        "Gname.com Pte. Ltd.": 0.205761316872428,
        "Go Australia Domains Inc": 0.411522633744856,
        "Go Canada Domains Inc": 0.411522633744856,
        "Go China Domains Inc": 0.205761316872428,
        "Go Daddy, LLC": 88.68312757201646,
        "Go France Domains Inc": 0.205761316872428,
        "Go Montenegro Domains, LLC": 0.411522633744856,
        "GoDaddy.com, LLC": 2.05761316872428,
        "HOSTINGER operations, UAB": 0.205761316872428,
        "InsaneNames LLC": 0.205761316872428,
        "NAMEMART PTE. LTD.": 0.205761316872428,
        "Name.com, Inc": 0.411522633744856,
        "Name.com, Inc.": 0.411522633744856,
        "NameCheap, Inc.": 1.2345679012345678,
        "Namecheap": 0.205761316872428,
        "Sav.com, LLC- 6": 0.205761316872428,
        "Spaceship, Inc.": 0.411522633744856,
        "URL Solutions Inc.": 0.205761316872428,
        "VIRTUA DRUG Kutatási Szolgáltató Korlátolt Felelősségű Társaság": 0.205761316872428,
        "Virtualia LLC": 0.205761316872428,
        "iNET SOFTWARE COMPANY LIMITED": 0.205761316872428,
        "total": 100.0
    }
}