{
    "counter": {
        "Amazon Registrar, Inc.": 8,
        "Dynadot Inc": 22,
        "Dynadot LLC": 4,
        "Dynadot, LLC": 4,
        "ERANET INTERNATIONAL LIMITED": 2,
        "Edomains LLC": 2,
        "GMO Internet Group, Inc. d/b/a Onamae.com": 2,
        "Gname 002 Inc": 2,
        "Gname 005 Inc": 4,
        "Gname 007 Inc": 4,
        "Gname 008 Inc": 2,
        "Gname.com Pte. Ltd.": 2,
        "Go Australia Domains Inc": 4,
        "Go Canada Domains Inc": 2,
        "Go Daddy Domains Canada, Inc": 2,
        "Go Daddy, LLC": 1072,
        "Go France Domains Inc": 2,
        "Go Montenegro Domains, LLC": 6,
        "GoDaddy.com, LLC": 22,
        "HOSTINGER operations, UAB": 2,
        "InsaneNames LLC": 2,
        "July Name Limited": 2,
        "NAMEMART PTE. LTD.": 2,
        "Name.com, Inc": 4,
        "Name.com, Inc.": 6,
        "NameCheap, Inc.": 10,
        "Namecheap": 6,
        "Network Solutions, LLC": 2,
        "Sav.com, LLC- 6": 2,
        "Spaceship, Inc.": 6,
        "Squarespace Domains II LLC": 2,
        "URL Solutions Inc.": 2,
        "VIRTUA DRUG Kutatási Szolgáltató Korlátolt Felelősségű Társaság": 2,
        "Virtualia LLC": 4,
        "Web Commerce Communications Limited dba WebNic.cc": 2,
        "iNET SOFTWARE COMPANY LIMITED": 2,
        "total": 1226
    },
    "percentage": {
        "Amazon Registrar, Inc.": 0.6525285481239804,
        "Dynadot Inc": 1.7944535073409462,
        "Dynadot LLC": 0.3262642740619902,
        "Dynadot, LLC": 0.3262642740619902,
        "ERANET INTERNATIONAL LIMITED": 0.1631321370309951,
        "Edomains LLC": 0.1631321370309951,
        "GMO Internet Group, Inc. d/b/a Onamae.com": 0.1631321370309951,
        "Gname 002 Inc": 0.1631321370309951,
        "Gname 005 Inc": 0.3262642740619902,
        "Gname 007 Inc": 0.3262642740619902,
        "Gname 008 Inc": 0.1631321370309951,
        "Gname.com Pte. Ltd.": 0.1631321370309951,
        "Go Australia Domains Inc": 0.3262642740619902,
        "Go Canada Domains Inc": 0.1631321370309951,
        "Go Daddy Domains Canada, Inc": 0.1631321370309951,
        "Go Daddy, LLC": 87.43882544861337,
        "Go France Domains Inc": 0.1631321370309951,
        "Go Montenegro Domains, LLC": 0.4893964110929853,
        "GoDaddy.com, LLC": 1.7944535073409462,
        "HOSTINGER operations, UAB": 0.1631321370309951,
        "InsaneNames LLC": 0.1631321370309951,
        "July Name Limited": 0.1631321370309951,
        "NAMEMART PTE. LTD.": 0.1631321370309951,
        "Name.com, Inc": 0.3262642740619902,
        "Name.com, Inc.": 0.4893964110929853,
        "NameCheap, Inc.": 0.8156606851549756,
        "Namecheap": 0.4893964110929853,
        "Network Solutions, LLC": 0.1631321370309951,
        "Sav.com, LLC- 6": 0.1631321370309951,
        "Spaceship, Inc.": 0.4893964110929853,
        "Squarespace Domains II LLC": 0.1631321370309951,
        "URL Solutions Inc.": 0.1631321370309951,
        "VIRTUA DRUG Kutatási Szolgáltató Korlátolt Felelősségű Társaság": 0.1631321370309951,
        "Virtualia LLC": 0.3262642740619902,
        "Web Commerce Communications Limited dba WebNic.cc": 0.1631321370309951,
        "iNET SOFTWARE COMPANY LIMITED": 0.1631321370309951,
        "total": 100.0
    }
}