{
    "counter": {
        "Amazon Registrar, Inc.": 8,
        "Blue Razor Domains, LLC": 2,
        "CommuniGal Communication Ltd.": 2,
        "Dynadot Inc": 26,
        "Dynadot LLC": 2,
        "Dynadot, LLC": 2,
        "ERANET INTERNATIONAL LIMITED": 2,
        "GMO Internet Group, Inc. d/b/a Onamae.com": 2,
        "Gname 004 Inc": 2,
        "Gname 010 Inc": 2,
        "Gname.com Pte. Ltd.": 22,
        "Go Australia Domains Inc": 8,
        "Go Canada Domains Inc": 8,
        "Go China Domains Inc": 2,
        "Go Daddy, LLC": 1024,
        "Go France Domains Inc": 2,
        "Go Montenegro Domains, LLC": 6,
        "GoDaddy.com, LLC": 32,
        "HOSTINGER operations, UAB": 2,
        "InsaneNames LLC": 2,
        "NAMEMART PTE. LTD.": 2,
        "Name.com, Inc": 4,
        "Name.com, Inc.": 14,
        "NameCheap, Inc.": 18,
        "NameSilo, LLC": 2,
        "Namecheap": 10,
        "Sav.com, LLC- 6": 2,
        "Spaceship, Inc.": 18,
        "Squarespace Domains II LLC": 2,
        "URL Solutions Inc.": 2,
        "VIRTUA DRUG Kutatási Szolgáltató Korlátolt Felelősségű Társaság": 2,
        "Virtualia LLC": 2,
        "iNET SOFTWARE COMPANY LIMITED": 2,
        "total": 1238
    },
    "percentage": {
        "Amazon Registrar, Inc.": 0.6462035541195477,
        "Blue Razor Domains, LLC": 0.16155088852988692,
        "CommuniGal Communication Ltd.": 0.16155088852988692,
        "Dynadot Inc": 2.10016155088853,
        "Dynadot LLC": 0.16155088852988692,
        "Dynadot, LLC": 0.16155088852988692,
        "ERANET INTERNATIONAL LIMITED": 0.16155088852988692,
        "GMO Internet Group, Inc. d/b/a Onamae.com": 0.16155088852988692,
        "Gname 004 Inc": 0.16155088852988692,
        "Gname 010 Inc": 0.16155088852988692,
        "Gname.com Pte. Ltd.": 1.7770597738287561,
        "Go Australia Domains Inc": 0.6462035541195477,
        "Go Canada Domains Inc": 0.6462035541195477,
        "Go China Domains Inc": 0.16155088852988692,
        "Go Daddy, LLC": 82.7140549273021,
        "Go France Domains Inc": 0.16155088852988692,
        "Go Montenegro Domains, LLC": 0.48465266558966075,
        "GoDaddy.com, LLC": 2.5848142164781907,
        "HOSTINGER operations, UAB": 0.16155088852988692,
        "InsaneNames LLC": 0.16155088852988692,
        "NAMEMART PTE. LTD.": 0.16155088852988692,
        "Name.com, Inc": 0.32310177705977383,
        "Name.com, Inc.": 1.1308562197092085,
        "NameCheap, Inc.": 1.4539579967689822,
        "NameSilo, LLC": 0.16155088852988692,
        "Namecheap": 0.8077544426494345,
        "Sav.com, LLC- 6": 0.16155088852988692,
        "Spaceship, Inc.": 1.4539579967689822,
        "Squarespace Domains II LLC": 0.16155088852988692,
        "URL Solutions Inc.": 0.16155088852988692,
        "VIRTUA DRUG Kutatási Szolgáltató Korlátolt Felelősségű Társaság": 0.16155088852988692,
        "Virtualia LLC": 0.16155088852988692,
        "iNET SOFTWARE COMPANY LIMITED": 0.16155088852988692,
        "total": 100.0
    }
}