{
    "counter": {
        "Amazon Registrar, Inc.": 8,
        "Blue Razor Domains, LLC": 2,
        "Dynadot Inc": 24,
        "Dynadot LLC": 2,
        "Dynadot, LLC": 2,
        "ERANET INTERNATIONAL LIMITED": 2,
        "GMO Internet Group, Inc. d/b/a Onamae.com": 2,
        "Gname 008 Inc": 2,
        "Gname 010 Inc": 2,
        "Gname.com Pte. Ltd.": 28,
        "Go Australia Domains Inc": 8,
        "Go Canada Domains Inc": 8,
        "Go China Domains Inc": 2,
        "Go Daddy, LLC": 1066,
        "Go France Domains Inc": 4,
        "Go Montenegro Domains, LLC": 6,
        "GoDaddy.com, LLC": 20,
        "HOSTINGER operations, UAB": 2,
        "InsaneNames LLC": 2,
        "NAMEMART PTE. LTD.": 2,
        "Name.com, Inc": 4,
        "Name.com, Inc.": 16,
        "NameCheap, Inc.": 24,
        "NameSilo, LLC": 2,
        "Namecheap": 12,
        "Sav.com, LLC- 6": 2,
        "Spaceship, Inc.": 14,
        "Squarespace Domains II LLC": 2,
        "VIRTUA DRUG Kutatási Szolgáltató Korlátolt Felelősségű Társaság": 2,
        "Virtualia LLC": 2,
        "Wild West Domains, Inc.": 2,
        "iNET SOFTWARE COMPANY LIMITED": 2,
        "total": 1278
    },
    "percentage": {
        "Amazon Registrar, Inc.": 0.6259780907668232,
        "Blue Razor Domains, LLC": 0.1564945226917058,
        "Dynadot Inc": 1.8779342723004695,
        "Dynadot LLC": 0.1564945226917058,
        "Dynadot, LLC": 0.1564945226917058,
        "ERANET INTERNATIONAL LIMITED": 0.1564945226917058,
        "GMO Internet Group, Inc. d/b/a Onamae.com": 0.1564945226917058,
        "Gname 008 Inc": 0.1564945226917058,
        "Gname 010 Inc": 0.1564945226917058,
        "Gname.com Pte. Ltd.": 2.190923317683881,
        "Go Australia Domains Inc": 0.6259780907668232,
        "Go Canada Domains Inc": 0.6259780907668232,
        "Go China Domains Inc": 0.1564945226917058,
        "Go Daddy, LLC": 83.41158059467918,
        "Go France Domains Inc": 0.3129890453834116,
        "Go Montenegro Domains, LLC": 0.4694835680751174,
        "GoDaddy.com, LLC": 1.5649452269170578,
        "HOSTINGER operations, UAB": 0.1564945226917058,
        "InsaneNames LLC": 0.1564945226917058,
        "NAMEMART PTE. LTD.": 0.1564945226917058,
        "Name.com, Inc": 0.3129890453834116,
        "Name.com, Inc.": 1.2519561815336464,
        "NameCheap, Inc.": 1.8779342723004695,
        "NameSilo, LLC": 0.1564945226917058,
        "Namecheap": 0.9389671361502347,
        "Sav.com, LLC- 6": 0.1564945226917058,
        "Spaceship, Inc.": 1.0954616588419406,
        "Squarespace Domains II LLC": 0.1564945226917058,
        "VIRTUA DRUG Kutatási Szolgáltató Korlátolt Felelősségű Társaság": 0.1564945226917058,
        "Virtualia LLC": 0.1564945226917058,
        "Wild West Domains, Inc.": 0.1564945226917058,
        "iNET SOFTWARE COMPANY LIMITED": 0.1564945226917058,
        "total": 100.0
    }
}