{
    "counter": {
        "Chengdu West Dimension Digital Technology Co., Ltd.": 2,
        "Domain International Services Limited": 16,
        "Dynadot Inc": 18,
        "ERANET INTERNATIONAL LIMITED": 2,
        "Eranet International Limited": 8,
        "Gname.com Pte. Ltd.": 2,
        "Go Australia Domains Inc": 4,
        "Go Canada Domains Inc": 2,
        "Go Montenegro Domains, LLC": 4,
        "GoDaddy.com, LLC": 8,
        "Name.com, Inc": 2,
        "Name.com, Inc.": 8,
        "NameCheap, Inc.": 2,
        "Namecheap": 10,
        "Spaceship, Inc.": 2,
        "Tucows Domains Inc.": 2,
        "West263 International Limited": 2,
        "eName Technology Co., Ltd.": 4,
        "total": 98
    },
    "percentage": {
        "Chengdu West Dimension Digital Technology Co., Ltd.": 2.0408163265306123,
        "Domain International Services Limited": 16.3265306122449,
        "Dynadot Inc": 18.367346938775512,
        "ERANET INTERNATIONAL LIMITED": 2.0408163265306123,
        "Eranet International Limited": 8.16326530612245,
        "Gname.com Pte. Ltd.": 2.0408163265306123,
        "Go Australia Domains Inc": 4.081632653061225,
        "Go Canada Domains Inc": 2.0408163265306123,
        "Go Montenegro Domains, LLC": 4.081632653061225,
        "GoDaddy.com, LLC": 8.16326530612245,
        "Name.com, Inc": 2.0408163265306123,
        "Name.com, Inc.": 8.16326530612245,
        "NameCheap, Inc.": 2.0408163265306123,
        "Namecheap": 10.204081632653061,
        "Spaceship, Inc.": 2.0408163265306123,
        "Tucows Domains Inc.": 2.0408163265306123,
        "West263 International Limited": 2.0408163265306123,
        "eName Technology Co., Ltd.": 4.081632653061225,
        "total": 100.0
    }
}