{
    "counter": {
        "Amazon Registrar, Inc.": 8,
        "CommuniGal Communication Ltd.": 2,
        "Dynadot Inc": 18,
        "Dynadot LLC": 2,
        "Dynadot, LLC": 4,
        "ERANET INTERNATIONAL LIMITED": 2,
        "Edomains LLC": 2,
        "Eranet International Limited": 2,
        "GMO Internet Group, Inc. d/b/a Onamae.com": 2,
        "Gname 004 Inc": 2,
        "Gname 005 Inc": 2,
        "Gname 008 Inc": 4,
        "Gname 009 Inc": 2,
        "Gname 010 Inc": 4,
        "Gname.com Pte. Ltd.": 2,
        "Go Australia Domains Inc": 4,
        "Go Canada Domains Inc": 4,
        "Go China Domains Inc": 2,
        "Go Daddy, LLC": 1066,
        "Go France Domains Inc": 2,
        "Go Montenegro Domains, LLC": 6,
        "GoDaddy.com, LLC": 26,
        "HOSTINGER operations, UAB": 2,
        "Hefei Juming Network Technology Co., Ltd": 2,
        "InsaneNames LLC": 2,
        "July Name Limited": 2,
        "NAMEMART PTE. LTD.": 2,
        "Name.com, Inc": 4,
        "Name.com, Inc.": 8,
        "NameCheap, Inc.": 14,
        "Namecheap": 4,
        "Sav.com, LLC- 6": 2,
        "Spaceship, Inc.": 4,
        "URL Solutions Inc.": 2,
        "VIRTUA DRUG Kutatási Szolgáltató Korlátolt Felelősségű Társaság": 2,
        "Virtualia LLC": 2,
        "West263 International Limited": 2,
        "iNET SOFTWARE COMPANY LIMITED": 2,
        "total": 1224
    },
    "percentage": {
        "Amazon Registrar, Inc.": 0.6535947712418301,
        "CommuniGal Communication Ltd.": 0.16339869281045752,
        "Dynadot Inc": 1.4705882352941178,
        "Dynadot LLC": 0.16339869281045752,
        "Dynadot, LLC": 0.32679738562091504,
        "ERANET INTERNATIONAL LIMITED": 0.16339869281045752,
        "Edomains LLC": 0.16339869281045752,
        "Eranet International Limited": 0.16339869281045752,
        "GMO Internet Group, Inc. d/b/a Onamae.com": 0.16339869281045752,
        "Gname 004 Inc": 0.16339869281045752,
        "Gname 005 Inc": 0.16339869281045752,
        "Gname 008 Inc": 0.32679738562091504,
        "Gname 009 Inc": 0.16339869281045752,
        "Gname 010 Inc": 0.32679738562091504,
        "Gname.com Pte. Ltd.": 0.16339869281045752,
        "Go Australia Domains Inc": 0.32679738562091504,
        "Go Canada Domains Inc": 0.32679738562091504,
        "Go China Domains Inc": 0.16339869281045752,
        "Go Daddy, LLC": 87.09150326797386,
        "Go France Domains Inc": 0.16339869281045752,
        "Go Montenegro Domains, LLC": 0.49019607843137253,
        "GoDaddy.com, LLC": 2.1241830065359477,
        "HOSTINGER operations, UAB": 0.16339869281045752,
        "Hefei Juming Network Technology Co., Ltd": 0.16339869281045752,
        "InsaneNames LLC": 0.16339869281045752,
        "July Name Limited": 0.16339869281045752,
        "NAMEMART PTE. LTD.": 0.16339869281045752,
        "Name.com, Inc": 0.32679738562091504,
        "Name.com, Inc.": 0.6535947712418301,
        "NameCheap, Inc.": 1.1437908496732025,
        "Namecheap": 0.32679738562091504,
        "Sav.com, LLC- 6": 0.16339869281045752,
        "Spaceship, Inc.": 0.32679738562091504,
        "URL Solutions Inc.": 0.16339869281045752,
        "VIRTUA DRUG Kutatási Szolgáltató Korlátolt Felelősségű Társaság": 0.16339869281045752,
        "Virtualia LLC": 0.16339869281045752,
        "West263 International Limited": 0.16339869281045752,
        "iNET SOFTWARE COMPANY LIMITED": 0.16339869281045752,
        "total": 100.0
    }
}