{
    "counter": {
        "Amazon Registrar, Inc.": 8,
        "Blue Razor Domains, LLC": 2,
        "Dynadot Inc": 24,
        "Dynadot LLC": 2,
        "Dynadot, LLC": 2,
        "ERANET INTERNATIONAL LIMITED": 2,
        "GMO Internet Group, Inc. d/b/a Onamae.com": 2,
        "Gname 010 Inc": 2,
        "Gname.com Pte. Ltd.": 26,
        "Go Australia Domains Inc": 8,
        "Go Canada Domains Inc": 8,
        "Go China Domains Inc": 2,
        "Go Daddy, LLC": 1016,
        "Go France Domains Inc": 4,
        "Go Montenegro Domains, LLC": 6,
        "GoDaddy.com, LLC": 26,
        "HOSTINGER operations, UAB": 2,
        "Hefei Juming Network Technology Co., Ltd": 2,
        "InsaneNames LLC": 2,
        "July Name Limited": 2,
        "NAMEMART PTE. LTD.": 2,
        "Name.com, Inc": 4,
        "Name.com, Inc.": 14,
        "NameCheap, Inc.": 20,
        "NameSilo, LLC": 2,
        "Namecheap": 10,
        "Sav.com, LLC- 6": 2,
        "Spaceship, Inc.": 18,
        "Squarespace Domains II LLC": 2,
        "URL Solutions Inc.": 2,
        "VIRTUA DRUG Kutatási Szolgáltató Korlátolt Felelősségű Társaság": 2,
        "Virtualia LLC": 2,
        "iNET SOFTWARE COMPANY LIMITED": 2,
        "total": 1230
    },
    "percentage": {
        "Amazon Registrar, Inc.": 0.6504065040650406,
        "Blue Razor Domains, LLC": 0.16260162601626016,
        "Dynadot Inc": 1.951219512195122,
        "Dynadot LLC": 0.16260162601626016,
        "Dynadot, LLC": 0.16260162601626016,
        "ERANET INTERNATIONAL LIMITED": 0.16260162601626016,
        "GMO Internet Group, Inc. d/b/a Onamae.com": 0.16260162601626016,
        "Gname 010 Inc": 0.16260162601626016,
        "Gname.com Pte. Ltd.": 2.113821138211382,
        "Go Australia Domains Inc": 0.6504065040650406,
        "Go Canada Domains Inc": 0.6504065040650406,
        "Go China Domains Inc": 0.16260162601626016,
        "Go Daddy, LLC": 82.60162601626017,
        "Go France Domains Inc": 0.3252032520325203,
        "Go Montenegro Domains, LLC": 0.4878048780487805,
        "GoDaddy.com, LLC": 2.113821138211382,
        "HOSTINGER operations, UAB": 0.16260162601626016,
        "Hefei Juming Network Technology Co., Ltd": 0.16260162601626016,
        "InsaneNames LLC": 0.16260162601626016,
        "July Name Limited": 0.16260162601626016,
        "NAMEMART PTE. LTD.": 0.16260162601626016,
        "Name.com, Inc": 0.3252032520325203,
        "Name.com, Inc.": 1.1382113821138211,
        "NameCheap, Inc.": 1.6260162601626016,
        "NameSilo, LLC": 0.16260162601626016,
        "Namecheap": 0.8130081300813008,
        "Sav.com, LLC- 6": 0.16260162601626016,
        "Spaceship, Inc.": 1.4634146341463414,
        "Squarespace Domains II LLC": 0.16260162601626016,
        "URL Solutions Inc.": 0.16260162601626016,
        "VIRTUA DRUG Kutatási Szolgáltató Korlátolt Felelősségű Társaság": 0.16260162601626016,
        "Virtualia LLC": 0.16260162601626016,
        "iNET SOFTWARE COMPANY LIMITED": 0.16260162601626016,
        "total": 100.0
    }
}