{
    "counter": {
        "Amazon Registrar, Inc.": 4,
        "Blue Razor Domains, LLC": 2,
        "Dynadot Inc": 18,
        "ERANET INTERNATIONAL LIMITED": 2,
        "Edomains LLC": 2,
        "Eranet International Limited": 2,
        "GMO Internet Group, Inc. d/b/a Onamae.com": 2,
        "Gname 005 Inc": 2,
        "Gname 010 Inc": 2,
        "Gname.com Pte. Ltd.": 18,
        "Go Australia Domains Inc": 8,
        "Go Canada Domains Inc": 6,
        "Go Daddy, LLC": 828,
        "Go France Domains Inc": 4,
        "Go Montenegro Domains, LLC": 4,
        "GoDaddy.com, LLC": 24,
        "HOSTINGER operations, UAB": 2,
        "Hefei Juming Network Technology Co., Ltd": 2,
        "InsaneNames LLC": 2,
        "July Name Limited": 2,
        "NAMEMART PTE. LTD.": 2,
        "Name.com, Inc": 6,
        "Name.com, Inc.": 22,
        "NameCheap, Inc.": 16,
        "NameSilo, LLC": 4,
        "Namecheap": 4,
        "Sav.com, LLC- 6": 2,
        "Spaceship, Inc.": 4,
        "Squarespace Domains II LLC": 2,
        "Virtualia LLC": 2,
        "Wild West Domains, Inc.": 2,
        "iNET SOFTWARE COMPANY LIMITED": 2,
        "total": 1004
    },
    "percentage": {
        "Amazon Registrar, Inc.": 0.398406374501992,
        "Blue Razor Domains, LLC": 0.199203187250996,
        "Dynadot Inc": 1.792828685258964,
        "ERANET INTERNATIONAL LIMITED": 0.199203187250996,
        "Edomains LLC": 0.199203187250996,
        "Eranet International Limited": 0.199203187250996,
        "GMO Internet Group, Inc. d/b/a Onamae.com": 0.199203187250996,
        "Gname 005 Inc": 0.199203187250996,
        "Gname 010 Inc": 0.199203187250996,
        "Gname.com Pte. Ltd.": 1.792828685258964,
        "Go Australia Domains Inc": 0.796812749003984,
        "Go Canada Domains Inc": 0.5976095617529881,
        "Go Daddy, LLC": 82.47011952191235,
        "Go France Domains Inc": 0.398406374501992,
        "Go Montenegro Domains, LLC": 0.398406374501992,
        "GoDaddy.com, LLC": 2.3904382470119523,
        "HOSTINGER operations, UAB": 0.199203187250996,
        "Hefei Juming Network Technology Co., Ltd": 0.199203187250996,
        "InsaneNames LLC": 0.199203187250996,
        "July Name Limited": 0.199203187250996,
        "NAMEMART PTE. LTD.": 0.199203187250996,
        "Name.com, Inc": 0.5976095617529881,
        "Name.com, Inc.": 2.191235059760956,
        "NameCheap, Inc.": 1.593625498007968,
        "NameSilo, LLC": 0.398406374501992,
        "Namecheap": 0.398406374501992,
        "Sav.com, LLC- 6": 0.199203187250996,
        "Spaceship, Inc.": 0.398406374501992,
        "Squarespace Domains II LLC": 0.199203187250996,
        "Virtualia LLC": 0.199203187250996,
        "Wild West Domains, Inc.": 0.199203187250996,
        "iNET SOFTWARE COMPANY LIMITED": 0.199203187250996,
        "total": 100.0
    }
}