{
    "counter": {
        "Amazon Registrar, Inc.": 8,
        "Dynadot Inc": 26,
        "Dynadot LLC": 2,
        "Dynadot, LLC": 4,
        "ERANET INTERNATIONAL LIMITED": 2,
        "Edomains LLC": 2,
        "GMO Internet Group, Inc. d/b/a Onamae.com": 2,
        "Gname 002 Inc": 2,
        "Gname 004 Inc": 2,
        "Gname 005 Inc": 4,
        "Gname 007 Inc": 2,
        "Gname 008 Inc": 2,
        "Gname 010 Inc": 2,
        "Gname.com Pte. Ltd.": 16,
        "Go Australia Domains Inc": 6,
        "Go Canada Domains Inc": 6,
        "Go Daddy, LLC": 1024,
        "Go France Domains Inc": 4,
        "Go Montenegro Domains, LLC": 4,
        "GoDaddy.com, LLC": 34,
        "HOSTINGER operations, UAB": 2,
        "InsaneNames LLC": 2,
        "NAMEMART PTE. LTD.": 2,
        "Name.com, Inc": 4,
        "Name.com, Inc.": 14,
        "NameCheap, Inc.": 24,
        "NameSilo, LLC": 4,
        "Namecheap": 10,
        "Sav.com, LLC- 6": 2,
        "Spaceship, Inc.": 2,
        "Squarespace Domains II LLC": 2,
        "VIRTUA DRUG Kutatási Szolgáltató Korlátolt Felelősségű Társaság": 4,
        "Virtualia LLC": 4,
        "West263 International Limited": 2,
        "Wild West Domains, Inc.": 2,
        "iNET SOFTWARE COMPANY LIMITED": 2,
        "total": 1236
    },
    "percentage": {
        "Amazon Registrar, Inc.": 0.6472491909385113,
        "Dynadot Inc": 2.103559870550162,
        "Dynadot LLC": 0.16181229773462782,
        "Dynadot, LLC": 0.32362459546925565,
        "ERANET INTERNATIONAL LIMITED": 0.16181229773462782,
        "Edomains LLC": 0.16181229773462782,
        "GMO Internet Group, Inc. d/b/a Onamae.com": 0.16181229773462782,
        "Gname 002 Inc": 0.16181229773462782,
        "Gname 004 Inc": 0.16181229773462782,
        "Gname 005 Inc": 0.32362459546925565,
        "Gname 007 Inc": 0.16181229773462782,
        "Gname 008 Inc": 0.16181229773462782,
        "Gname 010 Inc": 0.16181229773462782,
        "Gname.com Pte. Ltd.": 1.2944983818770226,
        "Go Australia Domains Inc": 0.4854368932038835,
        "Go Canada Domains Inc": 0.4854368932038835,
        "Go Daddy, LLC": 82.84789644012945,
        "Go France Domains Inc": 0.32362459546925565,
        "Go Montenegro Domains, LLC": 0.32362459546925565,
        "GoDaddy.com, LLC": 2.750809061488673,
        "HOSTINGER operations, UAB": 0.16181229773462782,
        "InsaneNames LLC": 0.16181229773462782,
        "NAMEMART PTE. LTD.": 0.16181229773462782,
        "Name.com, Inc": 0.32362459546925565,
        "Name.com, Inc.": 1.132686084142395,
        "NameCheap, Inc.": 1.941747572815534,
        "NameSilo, LLC": 0.32362459546925565,
        "Namecheap": 0.8090614886731392,
        "Sav.com, LLC- 6": 0.16181229773462782,
        "Spaceship, Inc.": 0.16181229773462782,
        "Squarespace Domains II LLC": 0.16181229773462782,
        "VIRTUA DRUG Kutatási Szolgáltató Korlátolt Felelősségű Társaság": 0.32362459546925565,
        "Virtualia LLC": 0.32362459546925565,
        "West263 International Limited": 0.16181229773462782,
        "Wild West Domains, Inc.": 0.16181229773462782,
        "iNET SOFTWARE COMPANY LIMITED": 0.16181229773462782,
        "total": 100.0
    }
}