{
    "counter": {
        "Blue Razor Domains, LLC": 2,
        "Chengdu West Dimension Digital Technology Co., Ltd.": 4,
        "Communigal Communications Ltd": 2,
        "Domain International Services Limited": 22,
        "Dynadot Inc": 42,
        "Dynadot LLC": 4,
        "ERANET INTERNATIONAL LIMITED": 2,
        "Eranet International Limited": 8,
        "Gname.com Pte. Ltd.": 18,
        "Go Australia Domains Inc": 4,
        "Go Canada Domains Inc": 4,
        "Go Daddy, LLC": 68,
        "Go Montenegro Domains, LLC": 4,
        "GoDaddy.com, LLC": 40,
        "InsaneNames LLC": 2,
        "Name.com, Inc": 2,
        "Name.com, Inc.": 12,
        "NameCheap, Inc.": 10,
        "NameSilo, LLC": 4,
        "Namecheap": 10,
        "Spaceship, Inc.": 4,
        "Tucows Domains Inc.": 2,
        "West263 International Limited": 2,
        "eName Technology Co., Ltd.": 4,
        "total": 276
    },
    "percentage": {
        "Blue Razor Domains, LLC": 0.7246376811594203,
        "Chengdu West Dimension Digital Technology Co., Ltd.": 1.4492753623188406,
        "Communigal Communications Ltd": 0.7246376811594203,
        "Domain International Services Limited": 7.971014492753623,
        "Dynadot Inc": 15.217391304347826,
        "Dynadot LLC": 1.4492753623188406,
        "ERANET INTERNATIONAL LIMITED": 0.7246376811594203,
        "Eranet International Limited": 2.898550724637681,
        "Gname.com Pte. Ltd.": 6.521739130434782,
        "Go Australia Domains Inc": 1.4492753623188406,
        "Go Canada Domains Inc": 1.4492753623188406,
        "Go Daddy, LLC": 24.63768115942029,
        "Go Montenegro Domains, LLC": 1.4492753623188406,
        "GoDaddy.com, LLC": 14.492753623188406,
        "InsaneNames LLC": 0.7246376811594203,
        "Name.com, Inc": 0.7246376811594203,
        "Name.com, Inc.": 4.3478260869565215,
        "NameCheap, Inc.": 3.6231884057971016,
        "NameSilo, LLC": 1.4492753623188406,
        "Namecheap": 3.6231884057971016,
        "Spaceship, Inc.": 1.4492753623188406,
        "Tucows Domains Inc.": 0.7246376811594203,
        "West263 International Limited": 0.7246376811594203,
        "eName Technology Co., Ltd.": 1.4492753623188406,
        "total": 100.0
    }
}