{
    "counter": {
        "Alibaba Cloud Computing Ltd. d/b/a HiChina (www.net.cn)": 2,
        "CommuniGal Communication Ltd.": 2,
        "Communigal Communications Ltd": 4,
        "DNSPod, Inc.": 2,
        "Domain International Services Limited": 26,
        "Dynadot Inc": 60,
        "Dynadot LLC": 30,
        "Eranet International Limited": 12,
        "Gname.com Pte. Ltd.": 30,
        "Go Australia Domains Inc": 8,
        "Go Canada Domains Inc": 2,
        "Go Daddy, LLC": 14,
        "GoDaddy.com, LLC": 16,
        "InsaneNames LLC": 2,
        "NAMECHEAP": 2,
        "Name.com, Inc": 14,
        "Name.com, Inc.": 4,
        "NameCheap, Inc.": 12,
        "NameSilo, LLC": 6,
        "Namecheap": 18,
        "Porkbun LLC": 2,
        "Sav.com LLC": 6,
        "Sav.com, LLC - 40": 2,
        "Spaceship, Inc.": 36,
        "West263 International Limited": 6,
        "Wild West Domains, Inc.": 4,
        "total": 322
    },
    "percentage": {
        "Alibaba Cloud Computing Ltd. d/b/a HiChina (www.net.cn)": 0.6211180124223602,
        "CommuniGal Communication Ltd.": 0.6211180124223602,
        "Communigal Communications Ltd": 1.2422360248447204,
        "DNSPod, Inc.": 0.6211180124223602,
        "Domain International Services Limited": 8.074534161490684,
        "Dynadot Inc": 18.633540372670808,
        "Dynadot LLC": 9.316770186335404,
        "Eranet International Limited": 3.7267080745341614,
        "Gname.com Pte. Ltd.": 9.316770186335404,
        "Go Australia Domains Inc": 2.484472049689441,
        "Go Canada Domains Inc": 0.6211180124223602,
        "Go Daddy, LLC": 4.3478260869565215,
        "GoDaddy.com, LLC": 4.968944099378882,
        "InsaneNames LLC": 0.6211180124223602,
        "NAMECHEAP": 0.6211180124223602,
        "Name.com, Inc": 4.3478260869565215,
        "Name.com, Inc.": 1.2422360248447204,
        "NameCheap, Inc.": 3.7267080745341614,
        "NameSilo, LLC": 1.8633540372670807,
        "Namecheap": 5.590062111801243,
        "Porkbun LLC": 0.6211180124223602,
        "Sav.com LLC": 1.8633540372670807,
        "Sav.com, LLC - 40": 0.6211180124223602,
        "Spaceship, Inc.": 11.180124223602485,
        "West263 International Limited": 1.8633540372670807,
        "Wild West Domains, Inc.": 1.2422360248447204,
        "total": 100.0
    }
}