{
    "counter": {
        "Chengdu West Dimension Digital Technology Co., Ltd.": 2,
        "Communigal Communications Ltd": 2,
        "Domain International Services Limited": 22,
        "Dynadot Inc": 32,
        "ERANET INTERNATIONAL LIMITED": 2,
        "Eranet International Limited": 20,
        "Gname.com Pte. Ltd.": 14,
        "Go Australia Domains Inc": 4,
        "Go Canada Domains Inc": 2,
        "Go Daddy, LLC": 2,
        "Go Montenegro Domains, LLC": 4,
        "GoDaddy.com, LLC": 12,
        "Name.com, Inc": 2,
        "Name.com, Inc.": 8,
        "NameCheap, Inc.": 4,
        "Namecheap": 10,
        "Spaceship, Inc.": 6,
        "Tucows Domains Inc.": 2,
        "West263 International Limited": 2,
        "eName Technology Co., Ltd.": 4,
        "total": 156
    },
    "percentage": {
        "Chengdu West Dimension Digital Technology Co., Ltd.": 1.2820512820512822,
        "Communigal Communications Ltd": 1.2820512820512822,
        "Domain International Services Limited": 14.102564102564102,
        "Dynadot Inc": 20.512820512820515,
        "ERANET INTERNATIONAL LIMITED": 1.2820512820512822,
        "Eranet International Limited": 12.820512820512821,
        "Gname.com Pte. Ltd.": 8.974358974358974,
        "Go Australia Domains Inc": 2.5641025641025643,
        "Go Canada Domains Inc": 1.2820512820512822,
        "Go Daddy, LLC": 1.2820512820512822,
        "Go Montenegro Domains, LLC": 2.5641025641025643,
        "GoDaddy.com, LLC": 7.6923076923076925,
        "Name.com, Inc": 1.2820512820512822,
        "Name.com, Inc.": 5.128205128205129,
        "NameCheap, Inc.": 2.5641025641025643,
        "Namecheap": 6.410256410256411,
        "Spaceship, Inc.": 3.8461538461538463,
        "Tucows Domains Inc.": 1.2820512820512822,
        "West263 International Limited": 1.2820512820512822,
        "eName Technology Co., Ltd.": 2.5641025641025643,
        "total": 100.0
    }
}