{
    "counter": {
        "Amazon Registrar, Inc.": 10,
        "Blue Razor Domains, LLC": 4,
        "CSC Corporate Domains, Inc.": 18,
        "CommuniGal Communication Ltd.": 6,
        "Communigal Communications Ltd": 4,
        "Dynadot": 2,
        "Dynadot Inc": 48,
        "Dynadot LLC": 6,
        "ERANET INTERNATIONAL LIMITED": 2,
        "GMO Internet Group, Inc. d/b/a Onamae.com": 4,
        "Gname 002 Inc": 2,
        "Gname 009 Inc": 2,
        "Gname 010 Inc": 2,
        "Gname.com Pte. Ltd.": 26,
        "Go Australia Domains Inc": 4,
        "Go Canada Domains Inc": 2,
        "Go Daddy, LLC": 6,
        "Go Montenegro Domains, LLC": 10,
        "GoDaddy.com, LLC": 44,
        "HOSTINGER operations, UAB": 2,
        "InsaneNames LLC": 2,
        "NAMECHEAP": 2,
        "NAMEMART PTE. LTD.": 2,
        "Name.com, Inc": 4,
        "Name.com, Inc.": 14,
        "NameCheap, Inc.": 46,
        "NameSilo, LLC": 2,
        "Namecheap": 14,
        "Network Solutions, LLC": 2,
        "PDR Ltd. d/b/a PublicDomainRegistry.com": 4,
        "Porkbun LLC": 2,
        "Spaceship, Inc.": 20,
        "URL Solutions, Inc.": 2,
        "Virtualia LLC": 2,
        "West263 International Limited": 2,
        "Wild West Domains, Inc.": 6,
        "iNET SOFTWARE COMPANY LIMITED": 2,
        "total": 332
    },
    "percentage": {
        "Amazon Registrar, Inc.": 3.0120481927710845,
        "Blue Razor Domains, LLC": 1.2048192771084338,
        "CSC Corporate Domains, Inc.": 5.421686746987952,
        "CommuniGal Communication Ltd.": 1.8072289156626506,
        "Communigal Communications Ltd": 1.2048192771084338,
        "Dynadot": 0.6024096385542169,
        "Dynadot Inc": 14.457831325301205,
        "Dynadot LLC": 1.8072289156626506,
        "ERANET INTERNATIONAL LIMITED": 0.6024096385542169,
        "GMO Internet Group, Inc. d/b/a Onamae.com": 1.2048192771084338,
        "Gname 002 Inc": 0.6024096385542169,
        "Gname 009 Inc": 0.6024096385542169,
        "Gname 010 Inc": 0.6024096385542169,
        "Gname.com Pte. Ltd.": 7.831325301204819,
        "Go Australia Domains Inc": 1.2048192771084338,
        "Go Canada Domains Inc": 0.6024096385542169,
        "Go Daddy, LLC": 1.8072289156626506,
        "Go Montenegro Domains, LLC": 3.0120481927710845,
        "GoDaddy.com, LLC": 13.25301204819277,
        "HOSTINGER operations, UAB": 0.6024096385542169,
        "InsaneNames LLC": 0.6024096385542169,
        "NAMECHEAP": 0.6024096385542169,
        "NAMEMART PTE. LTD.": 0.6024096385542169,
        "Name.com, Inc": 1.2048192771084338,
        "Name.com, Inc.": 4.216867469879518,
        "NameCheap, Inc.": 13.855421686746988,
        "NameSilo, LLC": 0.6024096385542169,
        "Namecheap": 4.216867469879518,
        "Network Solutions, LLC": 0.6024096385542169,
        "PDR Ltd. d/b/a PublicDomainRegistry.com": 1.2048192771084338,
        "Porkbun LLC": 0.6024096385542169,
        "Spaceship, Inc.": 6.024096385542169,
        "URL Solutions, Inc.": 0.6024096385542169,
        "Virtualia LLC": 0.6024096385542169,
        "West263 International Limited": 0.6024096385542169,
        "Wild West Domains, Inc.": 1.8072289156626506,
        "iNET SOFTWARE COMPANY LIMITED": 0.6024096385542169,
        "total": 100.0
    }
}