{
    "counter": {
        "Amazon Registrar, Inc.": 4,
        "Blue Razor Domains, LLC": 2,
        "Dynadot Inc": 16,
        "ERANET INTERNATIONAL LIMITED": 2,
        "GMO Internet Group, Inc. d/b/a Onamae.com": 2,
        "Gname 010 Inc": 2,
        "Gname.com Pte. Ltd.": 28,
        "Go Australia Domains Inc": 8,
        "Go Canada Domains Inc": 6,
        "Go Daddy, LLC": 826,
        "Go France Domains Inc": 4,
        "Go Montenegro Domains, LLC": 4,
        "GoDaddy.com, LLC": 16,
        "HOSTINGER operations, UAB": 2,
        "InsaneNames LLC": 2,
        "NAMEMART PTE. LTD.": 2,
        "Name.com, Inc": 4,
        "Name.com, Inc.": 16,
        "NameCheap, Inc.": 18,
        "NameSilo, LLC": 2,
        "Namecheap": 8,
        "Sav.com, LLC- 6": 2,
        "Spaceship, Inc.": 6,
        "Squarespace Domains II LLC": 2,
        "Virtualia LLC": 2,
        "Wild West Domains, Inc.": 2,
        "iNET SOFTWARE COMPANY LIMITED": 2,
        "total": 990
    },
    "percentage": {
        "Amazon Registrar, Inc.": 0.40404040404040403,
        "Blue Razor Domains, LLC": 0.20202020202020202,
        "Dynadot Inc": 1.6161616161616161,
        "ERANET INTERNATIONAL LIMITED": 0.20202020202020202,
        "GMO Internet Group, Inc. d/b/a Onamae.com": 0.20202020202020202,
        "Gname 010 Inc": 0.20202020202020202,
        "Gname.com Pte. Ltd.": 2.8282828282828283,
        "Go Australia Domains Inc": 0.8080808080808081,
        "Go Canada Domains Inc": 0.6060606060606061,
        "Go Daddy, LLC": 83.43434343434343,
        "Go France Domains Inc": 0.40404040404040403,
        "Go Montenegro Domains, LLC": 0.40404040404040403,
        "GoDaddy.com, LLC": 1.6161616161616161,
        "HOSTINGER operations, UAB": 0.20202020202020202,
        "InsaneNames LLC": 0.20202020202020202,
        "NAMEMART PTE. LTD.": 0.20202020202020202,
        "Name.com, Inc": 0.40404040404040403,
        "Name.com, Inc.": 1.6161616161616161,
        "NameCheap, Inc.": 1.8181818181818181,
        "NameSilo, LLC": 0.20202020202020202,
        "Namecheap": 0.8080808080808081,
        "Sav.com, LLC- 6": 0.20202020202020202,
        "Spaceship, Inc.": 0.6060606060606061,
        "Squarespace Domains II LLC": 0.20202020202020202,
        "Virtualia LLC": 0.20202020202020202,
        "Wild West Domains, Inc.": 0.20202020202020202,
        "iNET SOFTWARE COMPANY LIMITED": 0.20202020202020202,
        "total": 100.0
    }
}