{
    "counter": {
        "Amazon Registrar, Inc.": 8,
        "Blue Razor Domains, LLC": 2,
        "CommuniGal Communication Ltd.": 2,
        "Dynadot Inc": 22,
        "Dynadot LLC": 2,
        "Dynadot, LLC": 2,
        "ERANET INTERNATIONAL LIMITED": 2,
        "GMO Internet Group, Inc. d/b/a Onamae.com": 2,
        "Gname 004 Inc": 2,
        "Gname 009 Inc": 2,
        "Gname 010 Inc": 4,
        "Gname.com Pte. Ltd.": 24,
        "Go Australia Domains Inc": 8,
        "Go Canada Domains Inc": 8,
        "Go China Domains Inc": 2,
        "Go Daddy, LLC": 1040,
        "Go France Domains Inc": 2,
        "Go Montenegro Domains, LLC": 6,
        "GoDaddy.com, LLC": 30,
        "HOSTINGER operations, UAB": 2,
        "InsaneNames LLC": 2,
        "July Name Limited": 2,
        "NAMEMART PTE. LTD.": 2,
        "Name.com, Inc": 4,
        "Name.com, Inc.": 16,
        "NameCheap, Inc.": 20,
        "NameSilo, LLC": 2,
        "Namecheap": 10,
        "Sav.com, LLC- 6": 2,
        "Spaceship, Inc.": 18,
        "Squarespace Domains II LLC": 2,
        "URL Solutions Inc.": 2,
        "VIRTUA DRUG Kutatási Szolgáltató Korlátolt Felelősségű Társaság": 2,
        "Virtualia LLC": 2,
        "iNET SOFTWARE COMPANY LIMITED": 2,
        "total": 1260
    },
    "percentage": {
        "Amazon Registrar, Inc.": 0.6349206349206349,
        "Blue Razor Domains, LLC": 0.15873015873015872,
        "CommuniGal Communication Ltd.": 0.15873015873015872,
        "Dynadot Inc": 1.746031746031746,
        "Dynadot LLC": 0.15873015873015872,
        "Dynadot, LLC": 0.15873015873015872,
        "ERANET INTERNATIONAL LIMITED": 0.15873015873015872,
        "GMO Internet Group, Inc. d/b/a Onamae.com": 0.15873015873015872,
        "Gname 004 Inc": 0.15873015873015872,
        "Gname 009 Inc": 0.15873015873015872,
        "Gname 010 Inc": 0.31746031746031744,
        "Gname.com Pte. Ltd.": 1.9047619047619047,
        "Go Australia Domains Inc": 0.6349206349206349,
        "Go Canada Domains Inc": 0.6349206349206349,
        "Go China Domains Inc": 0.15873015873015872,
        "Go Daddy, LLC": 82.53968253968254,
        "Go France Domains Inc": 0.15873015873015872,
        "Go Montenegro Domains, LLC": 0.47619047619047616,
        "GoDaddy.com, LLC": 2.380952380952381,
        "HOSTINGER operations, UAB": 0.15873015873015872,
        "InsaneNames LLC": 0.15873015873015872,
        "July Name Limited": 0.15873015873015872,
        "NAMEMART PTE. LTD.": 0.15873015873015872,
        "Name.com, Inc": 0.31746031746031744,
        "Name.com, Inc.": 1.2698412698412698,
        "NameCheap, Inc.": 1.5873015873015872,
        "NameSilo, LLC": 0.15873015873015872,
        "Namecheap": 0.7936507936507936,
        "Sav.com, LLC- 6": 0.15873015873015872,
        "Spaceship, Inc.": 1.4285714285714286,
        "Squarespace Domains II LLC": 0.15873015873015872,
        "URL Solutions Inc.": 0.15873015873015872,
        "VIRTUA DRUG Kutatási Szolgáltató Korlátolt Felelősségű Társaság": 0.15873015873015872,
        "Virtualia LLC": 0.15873015873015872,
        "iNET SOFTWARE COMPANY LIMITED": 0.15873015873015872,
        "total": 100.0
    }
}