{
    "counter": {
        "Amazon Registrar, Inc.": 8,
        "CommuniGal Communication Ltd.": 2,
        "Dynadot Inc": 26,
        "Dynadot LLC": 2,
        "Dynadot, LLC": 4,
        "ERANET INTERNATIONAL LIMITED": 2,
        "Edomains LLC": 2,
        "Eranet International Limited": 2,
        "GMO Internet Group, Inc. d/b/a Onamae.com": 2,
        "Gname 002 Inc": 2,
        "Gname 004 Inc": 2,
        "Gname 005 Inc": 4,
        "Gname 008 Inc": 4,
        "Gname 010 Inc": 4,
        "Gname.com Pte. Ltd.": 16,
        "Go Australia Domains Inc": 6,
        "Go Canada Domains Inc": 6,
        "Go Daddy, LLC": 1060,
        "Go France Domains Inc": 4,
        "Go Montenegro Domains, LLC": 4,
        "GoDaddy.com, LLC": 36,
        "HOSTINGER operations, UAB": 2,
        "InsaneNames LLC": 2,
        "NAMEMART PTE. LTD.": 2,
        "Name.com, Inc": 4,
        "Name.com, Inc.": 14,
        "NameCheap, Inc.": 24,
        "NameSilo, LLC": 4,
        "Namecheap": 8,
        "Network Solutions, LLC": 2,
        "Sav.com, LLC- 6": 2,
        "Spaceship, Inc.": 2,
        "Squarespace Domains II LLC": 2,
        "VIRTUA DRUG Kutatási Szolgáltató Korlátolt Felelősségű Társaság": 2,
        "Virtualia LLC": 2,
        "West263 International Limited": 2,
        "Wild West Domains, Inc.": 2,
        "iNET SOFTWARE COMPANY LIMITED": 2,
        "total": 1276
    },
    "percentage": {
        "Amazon Registrar, Inc.": 0.6269592476489029,
        "CommuniGal Communication Ltd.": 0.15673981191222572,
        "Dynadot Inc": 2.0376175548589344,
        "Dynadot LLC": 0.15673981191222572,
        "Dynadot, LLC": 0.31347962382445144,
        "ERANET INTERNATIONAL LIMITED": 0.15673981191222572,
        "Edomains LLC": 0.15673981191222572,
        "Eranet International Limited": 0.15673981191222572,
        "GMO Internet Group, Inc. d/b/a Onamae.com": 0.15673981191222572,
        "Gname 002 Inc": 0.15673981191222572,
        "Gname 004 Inc": 0.15673981191222572,
        "Gname 005 Inc": 0.31347962382445144,
        "Gname 008 Inc": 0.31347962382445144,
        "Gname 010 Inc": 0.31347962382445144,
        "Gname.com Pte. Ltd.": 1.2539184952978057,
        "Go Australia Domains Inc": 0.4702194357366771,
        "Go Canada Domains Inc": 0.4702194357366771,
        "Go Daddy, LLC": 83.07210031347962,
        "Go France Domains Inc": 0.31347962382445144,
        "Go Montenegro Domains, LLC": 0.31347962382445144,
        "GoDaddy.com, LLC": 2.8213166144200628,
        "HOSTINGER operations, UAB": 0.15673981191222572,
        "InsaneNames LLC": 0.15673981191222572,
        "NAMEMART PTE. LTD.": 0.15673981191222572,
        "Name.com, Inc": 0.31347962382445144,
        "Name.com, Inc.": 1.09717868338558,
        "NameCheap, Inc.": 1.8808777429467085,
        "NameSilo, LLC": 0.31347962382445144,
        "Namecheap": 0.6269592476489029,
        "Network Solutions, LLC": 0.15673981191222572,
        "Sav.com, LLC- 6": 0.15673981191222572,
        "Spaceship, Inc.": 0.15673981191222572,
        "Squarespace Domains II LLC": 0.15673981191222572,
        "VIRTUA DRUG Kutatási Szolgáltató Korlátolt Felelősségű Társaság": 0.15673981191222572,
        "Virtualia LLC": 0.15673981191222572,
        "West263 International Limited": 0.15673981191222572,
        "Wild West Domains, Inc.": 0.15673981191222572,
        "iNET SOFTWARE COMPANY LIMITED": 0.15673981191222572,
        "total": 100.0
    }
}