{
    "counter": {
        "Blue Razor Domains, LLC": 2,
        "Chengdu West Dimension Digital Technology Co., Ltd.": 4,
        "Communigal Communications Ltd": 2,
        "Domain International Services Limited": 18,
        "Dynadot Inc": 32,
        "Dynadot LLC": 2,
        "ERANET INTERNATIONAL LIMITED": 2,
        "Eranet International Limited": 8,
        "Gname.com Pte. Ltd.": 18,
        "Go Australia Domains Inc": 4,
        "Go Canada Domains Inc": 2,
        "Go Montenegro Domains, LLC": 4,
        "GoDaddy.com, LLC": 34,
        "Name.com, Inc": 2,
        "Name.com, Inc.": 10,
        "NameCheap, Inc.": 6,
        "NameSilo, LLC": 4,
        "Namecheap": 10,
        "Spaceship, Inc.": 2,
        "Tucows Domains Inc.": 2,
        "West263 International Limited": 2,
        "eName Technology Co., Ltd.": 4,
        "total": 174
    },
    "percentage": {
        "Blue Razor Domains, LLC": 1.1494252873563218,
        "Chengdu West Dimension Digital Technology Co., Ltd.": 2.2988505747126435,
        "Communigal Communications Ltd": 1.1494252873563218,
        "Domain International Services Limited": 10.344827586206897,
        "Dynadot Inc": 18.39080459770115,
        "Dynadot LLC": 1.1494252873563218,
        "ERANET INTERNATIONAL LIMITED": 1.1494252873563218,
        "Eranet International Limited": 4.597701149425287,
        "Gname.com Pte. Ltd.": 10.344827586206897,
        "Go Australia Domains Inc": 2.2988505747126435,
        "Go Canada Domains Inc": 1.1494252873563218,
        "Go Montenegro Domains, LLC": 2.2988505747126435,
        "GoDaddy.com, LLC": 19.54022988505747,
        "Name.com, Inc": 1.1494252873563218,
        "Name.com, Inc.": 5.747126436781609,
        "NameCheap, Inc.": 3.4482758620689653,
        "NameSilo, LLC": 2.2988505747126435,
        "Namecheap": 5.747126436781609,
        "Spaceship, Inc.": 1.1494252873563218,
        "Tucows Domains Inc.": 1.1494252873563218,
        "West263 International Limited": 1.1494252873563218,
        "eName Technology Co., Ltd.": 2.2988505747126435,
        "total": 100.0
    }
}