{
    "counter": {
        "CSC Corporate Domains, Inc.": 12,
        "Chengdu West Dimension Digital Technology Co., Ltd.": 4,
        "CommuniGal Communication Ltd.": 4,
        "Dynadot Inc": 20,
        "Dynadot LLC": 2,
        "ERANET INTERNATIONAL LIMITED": 2,
        "GMO Internet Group, Inc. d/b/a Onamae.com": 2,
        "Gname 002 Inc": 2,
        "Gname.com Pte. Ltd.": 16,
        "Go Australia Domains Inc": 2,
        "Go Montenegro Domains, LLC": 4,
        "GoDaddy.com, LLC": 14,
        "Name.com, Inc": 4,
        "Name.com, Inc.": 4,
        "NameCheap, Inc.": 6,
        "Spaceship, Inc.": 8,
        "URL Solutions, Inc.": 2,
        "West263 International Limited": 2,
        "Wild West Domains, Inc.": 2,
        "total": 112
    },
    "percentage": {
        "CSC Corporate Domains, Inc.": 10.714285714285714,
        "Chengdu West Dimension Digital Technology Co., Ltd.": 3.5714285714285716,
        "CommuniGal Communication Ltd.": 3.5714285714285716,
        "Dynadot Inc": 17.857142857142858,
        "Dynadot LLC": 1.7857142857142858,
        "ERANET INTERNATIONAL LIMITED": 1.7857142857142858,
        "GMO Internet Group, Inc. d/b/a Onamae.com": 1.7857142857142858,
        "Gname 002 Inc": 1.7857142857142858,
        "Gname.com Pte. Ltd.": 14.285714285714286,
        "Go Australia Domains Inc": 1.7857142857142858,
        "Go Montenegro Domains, LLC": 3.5714285714285716,
        "GoDaddy.com, LLC": 12.5,
        "Name.com, Inc": 3.5714285714285716,
        "Name.com, Inc.": 3.5714285714285716,
        "NameCheap, Inc.": 5.357142857142857,
        "Spaceship, Inc.": 7.142857142857143,
        "URL Solutions, Inc.": 1.7857142857142858,
        "West263 International Limited": 1.7857142857142858,
        "Wild West Domains, Inc.": 1.7857142857142858,
        "total": 100.0
    }
}