{
    "counter": {
        "1API GmbH": 2,
        "Amazon Registrar, Inc.": 8,
        "Blue Razor Domains, LLC": 2,
        "Domain International Services Limited": 4,
        "Dynadot Inc": 22,
        "ERANET INTERNATIONAL LIMITED": 2,
        "GMO Internet Group, Inc. d/b/a Onamae.com": 2,
        "Gname.com Pte. Ltd.": 20,
        "Go Australia Domains Inc": 8,
        "Go Canada Domains Inc": 8,
        "Go China Domains Inc": 2,
        "Go Daddy, LLC": 722,
        "Go France Domains Inc": 2,
        "Go Montenegro Domains, LLC": 4,
        "GoDaddy.com, LLC": 26,
        "HOSTINGER operations, UAB": 2,
        "Hefei Juming Network Technology Co., Ltd": 2,
        "InsaneNames LLC": 2,
        "NAMEMART PTE. LTD.": 2,
        "Name.com, Inc": 4,
        "Name.com, Inc.": 22,
        "NameCheap, Inc.": 18,
        "NameSilo, LLC": 2,
        "Namecheap": 10,
        "Sav.com, LLC - 1": 2,
        "Sav.com, LLC- 6": 2,
        "Spaceship, Inc.": 14,
        "Squarespace Domains II LLC": 2,
        "VIRTUA DRUG Kutatási Szolgáltató Korlátolt Felelősségű Társaság": 2,
        "eName Technology Co., Ltd.": 4,
        "iNET SOFTWARE COMPANY LIMITED": 2,
        "total": 926
    },
    "percentage": {
        "1API GmbH": 0.2159827213822894,
        "Amazon Registrar, Inc.": 0.8639308855291576,
        "Blue Razor Domains, LLC": 0.2159827213822894,
        "Domain International Services Limited": 0.4319654427645788,
        "Dynadot Inc": 2.375809935205184,
        "ERANET INTERNATIONAL LIMITED": 0.2159827213822894,
        "GMO Internet Group, Inc. d/b/a Onamae.com": 0.2159827213822894,
        "Gname.com Pte. Ltd.": 2.159827213822894,
        "Go Australia Domains Inc": 0.8639308855291576,
        "Go Canada Domains Inc": 0.8639308855291576,
        "Go China Domains Inc": 0.2159827213822894,
        "Go Daddy, LLC": 77.96976241900649,
        "Go France Domains Inc": 0.2159827213822894,
        "Go Montenegro Domains, LLC": 0.4319654427645788,
        "GoDaddy.com, LLC": 2.8077753779697625,
        "HOSTINGER operations, UAB": 0.2159827213822894,
        "Hefei Juming Network Technology Co., Ltd": 0.2159827213822894,
        "InsaneNames LLC": 0.2159827213822894,
        "NAMEMART PTE. LTD.": 0.2159827213822894,
        "Name.com, Inc": 0.4319654427645788,
        "Name.com, Inc.": 2.375809935205184,
        "NameCheap, Inc.": 1.9438444924406046,
        "NameSilo, LLC": 0.2159827213822894,
        "Namecheap": 1.079913606911447,
        "Sav.com, LLC - 1": 0.2159827213822894,
        "Sav.com, LLC- 6": 0.2159827213822894,
        "Spaceship, Inc.": 1.511879049676026,
        "Squarespace Domains II LLC": 0.2159827213822894,
        "VIRTUA DRUG Kutatási Szolgáltató Korlátolt Felelősségű Társaság": 0.2159827213822894,
        "eName Technology Co., Ltd.": 0.4319654427645788,
        "iNET SOFTWARE COMPANY LIMITED": 0.2159827213822894,
        "total": 100.0
    }
}