{
    "counter": {
        "Blue Razor Domains, LLC": 2,
        "Chengdu West Dimension Digital Technology Co., Ltd.": 4,
        "Communigal Communications Ltd": 2,
        "Domain International Services Limited": 20,
        "Dynadot Inc": 42,
        "Dynadot LLC": 4,
        "ERANET INTERNATIONAL LIMITED": 2,
        "Eranet International Limited": 8,
        "Gname.com Pte. Ltd.": 18,
        "Go Australia Domains Inc": 4,
        "Go Canada Domains Inc": 4,
        "Go Daddy, LLC": 2,
        "Go Montenegro Domains, LLC": 4,
        "GoDaddy.com, LLC": 38,
        "Name.com, Inc": 2,
        "Name.com, Inc.": 12,
        "NameCheap, Inc.": 6,
        "NameSilo, LLC": 4,
        "Namecheap": 10,
        "Spaceship, Inc.": 2,
        "Tucows Domains Inc.": 2,
        "West263 International Limited": 2,
        "eName Technology Co., Ltd.": 4,
        "total": 198
    },
    "percentage": {
        "Blue Razor Domains, LLC": 1.0101010101010102,
        "Chengdu West Dimension Digital Technology Co., Ltd.": 2.0202020202020203,
        "Communigal Communications Ltd": 1.0101010101010102,
        "Domain International Services Limited": 10.1010101010101,
        "Dynadot Inc": 21.21212121212121,
        "Dynadot LLC": 2.0202020202020203,
        "ERANET INTERNATIONAL LIMITED": 1.0101010101010102,
        "Eranet International Limited": 4.040404040404041,
        "Gname.com Pte. Ltd.": 9.090909090909092,
        "Go Australia Domains Inc": 2.0202020202020203,
        "Go Canada Domains Inc": 2.0202020202020203,
        "Go Daddy, LLC": 1.0101010101010102,
        "Go Montenegro Domains, LLC": 2.0202020202020203,
        "GoDaddy.com, LLC": 19.19191919191919,
        "Name.com, Inc": 1.0101010101010102,
        "Name.com, Inc.": 6.0606060606060606,
        "NameCheap, Inc.": 3.0303030303030303,
        "NameSilo, LLC": 2.0202020202020203,
        "Namecheap": 5.05050505050505,
        "Spaceship, Inc.": 1.0101010101010102,
        "Tucows Domains Inc.": 1.0101010101010102,
        "West263 International Limited": 1.0101010101010102,
        "eName Technology Co., Ltd.": 2.0202020202020203,
        "total": 100.0
    }
}