{
    "counter": {
        "Amazon Registrar, Inc.": 8,
        "CommuniGal Communication Ltd.": 2,
        "Dynadot Inc": 18,
        "Dynadot LLC": 2,
        "Dynadot, LLC": 4,
        "ERANET INTERNATIONAL LIMITED": 2,
        "Edomains LLC": 2,
        "Eranet International Limited": 2,
        "GMO Internet Group, Inc. d/b/a Onamae.com": 2,
        "Gname 004 Inc": 2,
        "Gname 008 Inc": 4,
        "Gname 010 Inc": 2,
        "Gname.com Pte. Ltd.": 2,
        "Go Australia Domains Inc": 4,
        "Go Canada Domains Inc": 4,
        "Go China Domains Inc": 2,
        "Go Daddy, LLC": 1066,
        "Go France Domains Inc": 2,
        "Go Montenegro Domains, LLC": 6,
        "GoDaddy.com, LLC": 24,
        "HOSTINGER operations, UAB": 2,
        "InsaneNames LLC": 2,
        "NAMEMART PTE. LTD.": 2,
        "Name.com, Inc": 4,
        "Name.com, Inc.": 4,
        "NameCheap, Inc.": 16,
        "Namecheap": 4,
        "Sav.com, LLC- 6": 2,
        "Spaceship, Inc.": 2,
        "URL Solutions Inc.": 2,
        "VIRTUA DRUG Kutatási Szolgáltató Korlátolt Felelősségű Társaság": 2,
        "Virtualia LLC": 2,
        "West263 International Limited": 2,
        "iNET SOFTWARE COMPANY LIMITED": 2,
        "total": 1208
    },
    "percentage": {
        "Amazon Registrar, Inc.": 0.6622516556291391,
        "CommuniGal Communication Ltd.": 0.16556291390728478,
        "Dynadot Inc": 1.490066225165563,
        "Dynadot LLC": 0.16556291390728478,
        "Dynadot, LLC": 0.33112582781456956,
        "ERANET INTERNATIONAL LIMITED": 0.16556291390728478,
        "Edomains LLC": 0.16556291390728478,
        "Eranet International Limited": 0.16556291390728478,
        "GMO Internet Group, Inc. d/b/a Onamae.com": 0.16556291390728478,
        "Gname 004 Inc": 0.16556291390728478,
        "Gname 008 Inc": 0.33112582781456956,
        "Gname 010 Inc": 0.16556291390728478,
        "Gname.com Pte. Ltd.": 0.16556291390728478,
        "Go Australia Domains Inc": 0.33112582781456956,
        "Go Canada Domains Inc": 0.33112582781456956,
        "Go China Domains Inc": 0.16556291390728478,
        "Go Daddy, LLC": 88.24503311258277,
        "Go France Domains Inc": 0.16556291390728478,
        "Go Montenegro Domains, LLC": 0.4966887417218543,
        "GoDaddy.com, LLC": 1.9867549668874172,
        "HOSTINGER operations, UAB": 0.16556291390728478,
        "InsaneNames LLC": 0.16556291390728478,
        "NAMEMART PTE. LTD.": 0.16556291390728478,
        "Name.com, Inc": 0.33112582781456956,
        "Name.com, Inc.": 0.33112582781456956,
        "NameCheap, Inc.": 1.3245033112582782,
        "Namecheap": 0.33112582781456956,
        "Sav.com, LLC- 6": 0.16556291390728478,
        "Spaceship, Inc.": 0.16556291390728478,
        "URL Solutions Inc.": 0.16556291390728478,
        "VIRTUA DRUG Kutatási Szolgáltató Korlátolt Felelősségű Társaság": 0.16556291390728478,
        "Virtualia LLC": 0.16556291390728478,
        "West263 International Limited": 0.16556291390728478,
        "iNET SOFTWARE COMPANY LIMITED": 0.16556291390728478,
        "total": 100.0
    }
}