{
    "counter": {
        "Ascio Technologies, Inc. Danmark - Filial af Ascio technologies, Inc. USA": 1,
        "DYNADOT, LLC": 2,
        "Dynadot LLC": 1,
        "Gname.com Pte. Ltd.": 1,
        "Go Australia Domains Inc": 2,
        "Go Canada Domains Inc": 1,
        "Go China Domains Inc": 1,
        "Go Daddy, LLC": 5,
        "Go France Domains Inc": 2,
        "Go Montenegro Domains, LLC": 3,
        "GoDaddy.com, LLC": 105,
        "Name.com, Inc.": 19,
        "NameCheap, Inc.": 4,
        "NameSilo, LLC": 45,
        "PDR Ltd. d/b/a PublicDomainRegistry.com": 1,
        "Web Commerce Communications Limited dba WebNic.cc": 2,
        "Wild West Domains, Inc.": 1,
        "eNom, LLC": 2,
        "total": 198
    },
    "percentage": {
        "Ascio Technologies, Inc. Danmark - Filial af Ascio technologies, Inc. USA": 0.5050505050505051,
        "DYNADOT, LLC": 1.0101010101010102,
        "Dynadot LLC": 0.5050505050505051,
        "Gname.com Pte. Ltd.": 0.5050505050505051,
        "Go Australia Domains Inc": 1.0101010101010102,
        "Go Canada Domains Inc": 0.5050505050505051,
        "Go China Domains Inc": 0.5050505050505051,
        "Go Daddy, LLC": 2.525252525252525,
        "Go France Domains Inc": 1.0101010101010102,
        "Go Montenegro Domains, LLC": 1.5151515151515151,
        "GoDaddy.com, LLC": 53.03030303030303,
        "Name.com, Inc.": 9.595959595959595,
        "NameCheap, Inc.": 2.0202020202020203,
        "NameSilo, LLC": 22.727272727272727,
        "PDR Ltd. d/b/a PublicDomainRegistry.com": 0.5050505050505051,
        "Web Commerce Communications Limited dba WebNic.cc": 1.0101010101010102,
        "Wild West Domains, Inc.": 0.5050505050505051,
        "eNom, LLC": 1.0101010101010102,
        "total": 100.0
    }
}