{
    "counter": {
        "Amazon Registrar, Inc.": 2,
        "Blue Razor Domains, LLC": 6,
        "Chengdu West Dimension Digital Technology Co., Ltd.": 2,
        "Communigal Communications Ltd": 4,
        "DNSPod, Inc.": 2,
        "Domain International Services Limited": 26,
        "Dynadot Inc": 52,
        "Dynadot LLC": 14,
        "ERANET INTERNATIONAL LIMITED": 2,
        "Eranet International Limited": 22,
        "GMO Internet Group, Inc. d/b/a Onamae.com": 2,
        "Gname.com Pte. Ltd.": 20,
        "Go Australia Domains Inc": 8,
        "Go Canada Domains Inc": 4,
        "Go China Domains Inc": 2,
        "Go Daddy, LLC": 8,
        "Go France Domains Inc": 2,
        "Go Montenegro Domains, LLC": 4,
        "GoDaddy.com, LLC": 34,
        "InsaneNames LLC": 2,
        "Name.com, Inc": 4,
        "Name.com, Inc.": 12,
        "NameCheap, Inc.": 12,
        "Namecheap": 16,
        "Sav.com LLC": 2,
        "Spaceship, Inc.": 32,
        "Tucows Domains Inc.": 2,
        "West263 International Limited": 8,
        "Wild West Domains, Inc.": 4,
        "eName Technology Co., Ltd.": 4,
        "total": 314
    },
    "percentage": {
        "Amazon Registrar, Inc.": 0.6369426751592356,
        "Blue Razor Domains, LLC": 1.910828025477707,
        "Chengdu West Dimension Digital Technology Co., Ltd.": 0.6369426751592356,
        "Communigal Communications Ltd": 1.2738853503184713,
        "DNSPod, Inc.": 0.6369426751592356,
        "Domain International Services Limited": 8.280254777070065,
        "Dynadot Inc": 16.56050955414013,
        "Dynadot LLC": 4.45859872611465,
        "ERANET INTERNATIONAL LIMITED": 0.6369426751592356,
        "Eranet International Limited": 7.006369426751593,
        "GMO Internet Group, Inc. d/b/a Onamae.com": 0.6369426751592356,
        "Gname.com Pte. Ltd.": 6.369426751592357,
        "Go Australia Domains Inc": 2.5477707006369426,
        "Go Canada Domains Inc": 1.2738853503184713,
        "Go China Domains Inc": 0.6369426751592356,
        "Go Daddy, LLC": 2.5477707006369426,
        "Go France Domains Inc": 0.6369426751592356,
        "Go Montenegro Domains, LLC": 1.2738853503184713,
        "GoDaddy.com, LLC": 10.828025477707007,
        "InsaneNames LLC": 0.6369426751592356,
        "Name.com, Inc": 1.2738853503184713,
        "Name.com, Inc.": 3.821656050955414,
        "NameCheap, Inc.": 3.821656050955414,
        "Namecheap": 5.095541401273885,
        "Sav.com LLC": 0.6369426751592356,
        "Spaceship, Inc.": 10.19108280254777,
        "Tucows Domains Inc.": 0.6369426751592356,
        "West263 International Limited": 2.5477707006369426,
        "Wild West Domains, Inc.": 1.2738853503184713,
        "eName Technology Co., Ltd.": 1.2738853503184713,
        "total": 100.0
    }
}