{
    "counter": {
        "Amazon Registrar, Inc.": 4,
        "Blue Razor Domains, LLC": 2,
        "CSC Corporate Domains, Inc.": 14,
        "Chengdu West Dimension Digital Technology Co., Ltd.": 6,
        "CommuniGal Communication Ltd.": 4,
        "Communigal Communications Ltd": 2,
        "Dynadot Inc": 28,
        "Dynadot LLC": 2,
        "ERANET INTERNATIONAL LIMITED": 2,
        "Edomains LLC": 2,
        "GMO Internet Group, Inc. d/b/a Onamae.com": 6,
        "Gname 002 Inc": 2,
        "Gname 010 Inc": 2,
        "Gname.com Pte. Ltd.": 18,
        "Go Australia Domains Inc": 2,
        "Go Canada Domains Inc": 2,
        "Go China Domains Inc": 2,
        "Go Daddy, LLC": 2,
        "Go Montenegro Domains, LLC": 8,
        "GoDaddy.com, LLC": 68,
        "InsaneNames LLC": 2,
        "Name.com, Inc": 4,
        "Name.com, Inc.": 6,
        "NameCheap, Inc.": 16,
        "Spaceship, Inc.": 12,
        "URL Solutions, Inc.": 2,
        "West263 International Limited": 2,
        "Wild West Domains, Inc.": 6,
        "total": 228
    },
    "percentage": {
        "Amazon Registrar, Inc.": 1.7543859649122806,
        "Blue Razor Domains, LLC": 0.8771929824561403,
        "CSC Corporate Domains, Inc.": 6.140350877192983,
        "Chengdu West Dimension Digital Technology Co., Ltd.": 2.6315789473684212,
        "CommuniGal Communication Ltd.": 1.7543859649122806,
        "Communigal Communications Ltd": 0.8771929824561403,
        "Dynadot Inc": 12.280701754385966,
        "Dynadot LLC": 0.8771929824561403,
        "ERANET INTERNATIONAL LIMITED": 0.8771929824561403,
        "Edomains LLC": 0.8771929824561403,
        "GMO Internet Group, Inc. d/b/a Onamae.com": 2.6315789473684212,
        "Gname 002 Inc": 0.8771929824561403,
        "Gname 010 Inc": 0.8771929824561403,
        "Gname.com Pte. Ltd.": 7.894736842105263,
        "Go Australia Domains Inc": 0.8771929824561403,
        "Go Canada Domains Inc": 0.8771929824561403,
        "Go China Domains Inc": 0.8771929824561403,
        "Go Daddy, LLC": 0.8771929824561403,
        "Go Montenegro Domains, LLC": 3.508771929824561,
        "GoDaddy.com, LLC": 29.82456140350877,
        "InsaneNames LLC": 0.8771929824561403,
        "Name.com, Inc": 1.7543859649122806,
        "Name.com, Inc.": 2.6315789473684212,
        "NameCheap, Inc.": 7.017543859649122,
        "Spaceship, Inc.": 5.2631578947368425,
        "URL Solutions, Inc.": 0.8771929824561403,
        "West263 International Limited": 0.8771929824561403,
        "Wild West Domains, Inc.": 2.6315789473684212,
        "total": 100.0
    }
}