{
    "counter": {
        "Chengdu West Dimension Digital Technology Co., Ltd.": 2,
        "Domain International Services Limited": 12,
        "Dynadot Inc": 14,
        "Dynadot LLC": 2,
        "ERANET INTERNATIONAL LIMITED": 2,
        "Eranet International Limited": 4,
        "Go Australia Domains Inc": 4,
        "Go Canada Domains Inc": 2,
        "Go Montenegro Domains, LLC": 4,
        "GoDaddy.com, LLC": 12,
        "Name.com, Inc": 2,
        "Name.com, Inc.": 2,
        "Namecheap": 4,
        "Spaceship, Inc.": 2,
        "Tucows Domains Inc.": 2,
        "West263 International Limited": 2,
        "eName Technology Co., Ltd.": 2,
        "total": 74
    },
    "percentage": {
        "Chengdu West Dimension Digital Technology Co., Ltd.": 2.7027027027027026,
        "Domain International Services Limited": 16.216216216216218,
        "Dynadot Inc": 18.91891891891892,
        "Dynadot LLC": 2.7027027027027026,
        "ERANET INTERNATIONAL LIMITED": 2.7027027027027026,
        "Eranet International Limited": 5.405405405405405,
        "Go Australia Domains Inc": 5.405405405405405,
        "Go Canada Domains Inc": 2.7027027027027026,
        "Go Montenegro Domains, LLC": 5.405405405405405,
        "GoDaddy.com, LLC": 16.216216216216218,
        "Name.com, Inc": 2.7027027027027026,
        "Name.com, Inc.": 2.7027027027027026,
        "Namecheap": 5.405405405405405,
        "Spaceship, Inc.": 2.7027027027027026,
        "Tucows Domains Inc.": 2.7027027027027026,
        "West263 International Limited": 2.7027027027027026,
        "eName Technology Co., Ltd.": 2.7027027027027026,
        "total": 100.0
    }
}