{
    "counter": {
        "Amazon Registrar, Inc.": 8,
        "Blue Razor Domains, LLC": 2,
        "Dynadot Inc": 26,
        "Dynadot LLC": 2,
        "Dynadot, LLC": 2,
        "ERANET INTERNATIONAL LIMITED": 2,
        "Edomains LLC": 2,
        "Eranet International Limited": 2,
        "GMO Internet Group, Inc. d/b/a Onamae.com": 2,
        "Gname 004 Inc": 2,
        "Gname 005 Inc": 2,
        "Gname 008 Inc": 2,
        "Gname 009 Inc": 2,
        "Gname 010 Inc": 2,
        "Gname.com Pte. Ltd.": 18,
        "Go Australia Domains Inc": 8,
        "Go Canada Domains Inc": 8,
        "Go China Domains Inc": 2,
        "Go Daddy, LLC": 1064,
        "Go France Domains Inc": 4,
        "Go Montenegro Domains, LLC": 6,
        "GoDaddy.com, LLC": 30,
        "HOSTINGER operations, UAB": 2,
        "Hefei Juming Network Technology Co., Ltd": 2,
        "InsaneNames LLC": 2,
        "July Name Limited": 2,
        "NAMEMART PTE. LTD.": 2,
        "Name.com, Inc": 6,
        "Name.com, Inc.": 22,
        "NameCheap, Inc.": 22,
        "NameSilo, LLC": 4,
        "Namecheap": 6,
        "Sav.com, LLC- 6": 2,
        "Spaceship, Inc.": 4,
        "Squarespace Domains II LLC": 2,
        "URL Solutions Inc.": 2,
        "VIRTUA DRUG Kutatási Szolgáltató Korlátolt Felelősségű Társaság": 2,
        "Virtualia LLC": 2,
        "Wild West Domains, Inc.": 2,
        "iNET SOFTWARE COMPANY LIMITED": 2,
        "total": 1286
    },
    "percentage": {
        "Amazon Registrar, Inc.": 0.6220839813374806,
        "Blue Razor Domains, LLC": 0.15552099533437014,
        "Dynadot Inc": 2.021772939346812,
        "Dynadot LLC": 0.15552099533437014,
        "Dynadot, LLC": 0.15552099533437014,
        "ERANET INTERNATIONAL LIMITED": 0.15552099533437014,
        "Edomains LLC": 0.15552099533437014,
        "Eranet International Limited": 0.15552099533437014,
        "GMO Internet Group, Inc. d/b/a Onamae.com": 0.15552099533437014,
        "Gname 004 Inc": 0.15552099533437014,
        "Gname 005 Inc": 0.15552099533437014,
        "Gname 008 Inc": 0.15552099533437014,
        "Gname 009 Inc": 0.15552099533437014,
        "Gname 010 Inc": 0.15552099533437014,
        "Gname.com Pte. Ltd.": 1.3996889580093312,
        "Go Australia Domains Inc": 0.6220839813374806,
        "Go Canada Domains Inc": 0.6220839813374806,
        "Go China Domains Inc": 0.15552099533437014,
        "Go Daddy, LLC": 82.73716951788491,
        "Go France Domains Inc": 0.3110419906687403,
        "Go Montenegro Domains, LLC": 0.4665629860031104,
        "GoDaddy.com, LLC": 2.332814930015552,
        "HOSTINGER operations, UAB": 0.15552099533437014,
        "Hefei Juming Network Technology Co., Ltd": 0.15552099533437014,
        "InsaneNames LLC": 0.15552099533437014,
        "July Name Limited": 0.15552099533437014,
        "NAMEMART PTE. LTD.": 0.15552099533437014,
        "Name.com, Inc": 0.4665629860031104,
        "Name.com, Inc.": 1.7107309486780715,
        "NameCheap, Inc.": 1.7107309486780715,
        "NameSilo, LLC": 0.3110419906687403,
        "Namecheap": 0.4665629860031104,
        "Sav.com, LLC- 6": 0.15552099533437014,
        "Spaceship, Inc.": 0.3110419906687403,
        "Squarespace Domains II LLC": 0.15552099533437014,
        "URL Solutions Inc.": 0.15552099533437014,
        "VIRTUA DRUG Kutatási Szolgáltató Korlátolt Felelősségű Társaság": 0.15552099533437014,
        "Virtualia LLC": 0.15552099533437014,
        "Wild West Domains, Inc.": 0.15552099533437014,
        "iNET SOFTWARE COMPANY LIMITED": 0.15552099533437014,
        "total": 100.0
    }
}