{
    "counter": {
        "Amazon Registrar, Inc.": 4,
        "Blue Razor Domains, LLC": 2,
        "Dynadot Inc": 12,
        "ERANET INTERNATIONAL LIMITED": 2,
        "Edomains LLC": 2,
        "GMO Internet Group, Inc. d/b/a Onamae.com": 2,
        "Gname 010 Inc": 2,
        "Gname.com Pte. Ltd.": 18,
        "Go Australia Domains Inc": 8,
        "Go Canada Domains Inc": 6,
        "Go Daddy, LLC": 540,
        "Go France Domains Inc": 2,
        "Go Montenegro Domains, LLC": 4,
        "GoDaddy.com, LLC": 16,
        "HOSTINGER operations, UAB": 2,
        "InsaneNames LLC": 2,
        "Name.com, Inc": 6,
        "Name.com, Inc.": 18,
        "NameCheap, Inc.": 14,
        "NameSilo, LLC": 4,
        "Namecheap": 4,
        "Sav.com, LLC- 6": 2,
        "Spaceship, Inc.": 2,
        "Virtualia LLC": 2,
        "Wild West Domains, Inc.": 2,
        "iNET SOFTWARE COMPANY LIMITED": 2,
        "total": 680
    },
    "percentage": {
        "Amazon Registrar, Inc.": 0.5882352941176471,
        "Blue Razor Domains, LLC": 0.29411764705882354,
        "Dynadot Inc": 1.7647058823529411,
        "ERANET INTERNATIONAL LIMITED": 0.29411764705882354,
        "Edomains LLC": 0.29411764705882354,
        "GMO Internet Group, Inc. d/b/a Onamae.com": 0.29411764705882354,
        "Gname 010 Inc": 0.29411764705882354,
        "Gname.com Pte. Ltd.": 2.6470588235294117,
        "Go Australia Domains Inc": 1.1764705882352942,
        "Go Canada Domains Inc": 0.8823529411764706,
        "Go Daddy, LLC": 79.41176470588235,
        "Go France Domains Inc": 0.29411764705882354,
        "Go Montenegro Domains, LLC": 0.5882352941176471,
        "GoDaddy.com, LLC": 2.3529411764705883,
        "HOSTINGER operations, UAB": 0.29411764705882354,
        "InsaneNames LLC": 0.29411764705882354,
        "Name.com, Inc": 0.8823529411764706,
        "Name.com, Inc.": 2.6470588235294117,
        "NameCheap, Inc.": 2.0588235294117645,
        "NameSilo, LLC": 0.5882352941176471,
        "Namecheap": 0.5882352941176471,
        "Sav.com, LLC- 6": 0.29411764705882354,
        "Spaceship, Inc.": 0.29411764705882354,
        "Virtualia LLC": 0.29411764705882354,
        "Wild West Domains, Inc.": 0.29411764705882354,
        "iNET SOFTWARE COMPANY LIMITED": 0.29411764705882354,
        "total": 100.0
    }
}