{
    "counter": {
        "Amazon Registrar, Inc.": 8,
        "Blue Razor Domains, LLC": 2,
        "Dynadot Inc": 24,
        "Dynadot LLC": 2,
        "Dynadot, LLC": 2,
        "ERANET INTERNATIONAL LIMITED": 2,
        "GMO Internet Group, Inc. d/b/a Onamae.com": 2,
        "Gname 010 Inc": 2,
        "Gname.com Pte. Ltd.": 26,
        "Go Australia Domains Inc": 8,
        "Go Canada Domains Inc": 8,
        "Go China Domains Inc": 2,
        "Go Daddy, LLC": 1050,
        "Go France Domains Inc": 4,
        "Go Montenegro Domains, LLC": 6,
        "GoDaddy.com, LLC": 26,
        "HOSTINGER operations, UAB": 2,
        "Hefei Juming Network Technology Co., Ltd": 2,
        "InsaneNames LLC": 2,
        "July Name Limited": 2,
        "NAMEMART PTE. LTD.": 2,
        "Name.com, Inc": 4,
        "Name.com, Inc.": 14,
        "NameCheap, Inc.": 20,
        "NameSilo, LLC": 2,
        "Namecheap": 10,
        "Sav.com, LLC- 6": 2,
        "Spaceship, Inc.": 18,
        "Squarespace Domains II LLC": 2,
        "URL Solutions Inc.": 2,
        "VIRTUA DRUG Kutatási Szolgáltató Korlátolt Felelősségű Társaság": 2,
        "Virtualia LLC": 2,
        "iNET SOFTWARE COMPANY LIMITED": 2,
        "total": 1264
    },
    "percentage": {
        "Amazon Registrar, Inc.": 0.6329113924050633,
        "Blue Razor Domains, LLC": 0.15822784810126583,
        "Dynadot Inc": 1.8987341772151898,
        "Dynadot LLC": 0.15822784810126583,
        "Dynadot, LLC": 0.15822784810126583,
        "ERANET INTERNATIONAL LIMITED": 0.15822784810126583,
        "GMO Internet Group, Inc. d/b/a Onamae.com": 0.15822784810126583,
        "Gname 010 Inc": 0.15822784810126583,
        "Gname.com Pte. Ltd.": 2.0569620253164556,
        "Go Australia Domains Inc": 0.6329113924050633,
        "Go Canada Domains Inc": 0.6329113924050633,
        "Go China Domains Inc": 0.15822784810126583,
        "Go Daddy, LLC": 83.06962025316456,
        "Go France Domains Inc": 0.31645569620253167,
        "Go Montenegro Domains, LLC": 0.47468354430379744,
        "GoDaddy.com, LLC": 2.0569620253164556,
        "HOSTINGER operations, UAB": 0.15822784810126583,
        "Hefei Juming Network Technology Co., Ltd": 0.15822784810126583,
        "InsaneNames LLC": 0.15822784810126583,
        "July Name Limited": 0.15822784810126583,
        "NAMEMART PTE. LTD.": 0.15822784810126583,
        "Name.com, Inc": 0.31645569620253167,
        "Name.com, Inc.": 1.1075949367088607,
        "NameCheap, Inc.": 1.5822784810126582,
        "NameSilo, LLC": 0.15822784810126583,
        "Namecheap": 0.7911392405063291,
        "Sav.com, LLC- 6": 0.15822784810126583,
        "Spaceship, Inc.": 1.4240506329113924,
        "Squarespace Domains II LLC": 0.15822784810126583,
        "URL Solutions Inc.": 0.15822784810126583,
        "VIRTUA DRUG Kutatási Szolgáltató Korlátolt Felelősségű Társaság": 0.15822784810126583,
        "Virtualia LLC": 0.15822784810126583,
        "iNET SOFTWARE COMPANY LIMITED": 0.15822784810126583,
        "total": 100.0
    }
}