{
    "counter": {
        "Alibaba Cloud Computing Ltd. d/b/a HiChina (www.net.cn)": 2,
        "Amazon Registrar, Inc.": 4,
        "CommuniGal Communication Ltd.": 2,
        "Communigal Communications Ltd": 4,
        "DNSPod, Inc.": 2,
        "Domain International Services Limited": 26,
        "Dynadot Inc": 52,
        "Dynadot LLC": 30,
        "ERANET INTERNATIONAL LIMITED": 8,
        "Eranet International Limited": 12,
        "Gname.com Pte. Ltd.": 30,
        "Go Australia Domains Inc": 10,
        "Go Canada Domains Inc": 2,
        "Go Daddy, LLC": 26,
        "Go Montenegro Domains, LLC": 2,
        "GoDaddy.com, LLC": 24,
        "HOSTINGER operations, UAB": 2,
        "InsaneNames LLC": 2,
        "NAMECHEAP": 2,
        "Name.com, Inc": 16,
        "Name.com, Inc.": 6,
        "NameCheap, Inc.": 12,
        "NameSilo, LLC": 10,
        "Namecheap": 24,
        "Porkbun LLC": 2,
        "Sav.com LLC": 6,
        "Sav.com, LLC - 40": 2,
        "Spaceship, Inc.": 34,
        "Tucows Domains Inc.": 2,
        "West263 International Limited": 8,
        "Wild West Domains, Inc.": 6,
        "iNET SOFTWARE COMPANY LIMITED": 2,
        "total": 372
    },
    "percentage": {
        "Alibaba Cloud Computing Ltd. d/b/a HiChina (www.net.cn)": 0.5376344086021505,
        "Amazon Registrar, Inc.": 1.075268817204301,
        "CommuniGal Communication Ltd.": 0.5376344086021505,
        "Communigal Communications Ltd": 1.075268817204301,
        "DNSPod, Inc.": 0.5376344086021505,
        "Domain International Services Limited": 6.989247311827957,
        "Dynadot Inc": 13.978494623655914,
        "Dynadot LLC": 8.064516129032258,
        "ERANET INTERNATIONAL LIMITED": 2.150537634408602,
        "Eranet International Limited": 3.225806451612903,
        "Gname.com Pte. Ltd.": 8.064516129032258,
        "Go Australia Domains Inc": 2.6881720430107525,
        "Go Canada Domains Inc": 0.5376344086021505,
        "Go Daddy, LLC": 6.989247311827957,
        "Go Montenegro Domains, LLC": 0.5376344086021505,
        "GoDaddy.com, LLC": 6.451612903225806,
        "HOSTINGER operations, UAB": 0.5376344086021505,
        "InsaneNames LLC": 0.5376344086021505,
        "NAMECHEAP": 0.5376344086021505,
        "Name.com, Inc": 4.301075268817204,
        "Name.com, Inc.": 1.6129032258064515,
        "NameCheap, Inc.": 3.225806451612903,
        "NameSilo, LLC": 2.6881720430107525,
        "Namecheap": 6.451612903225806,
        "Porkbun LLC": 0.5376344086021505,
        "Sav.com LLC": 1.6129032258064515,
        "Sav.com, LLC - 40": 0.5376344086021505,
        "Spaceship, Inc.": 9.13978494623656,
        "Tucows Domains Inc.": 0.5376344086021505,
        "West263 International Limited": 2.150537634408602,
        "Wild West Domains, Inc.": 1.6129032258064515,
        "iNET SOFTWARE COMPANY LIMITED": 0.5376344086021505,
        "total": 100.0
    }
}