{
    "counter": {
        "Dynadot Inc": 10,
        "ERANET INTERNATIONAL LIMITED": 2,
        "Edomains LLC": 2,
        "Gname 010 Inc": 2,
        "Gname.com Pte. Ltd.": 14,
        "Go Australia Domains Inc": 4,
        "Go Canada Domains Inc": 2,
        "Go Daddy, LLC": 104,
        "Go Montenegro Domains, LLC": 2,
        "GoDaddy.com, LLC": 14,
        "InsaneNames LLC": 2,
        "July Name Limited": 2,
        "Name.com, Inc": 4,
        "Name.com, Inc.": 14,
        "NameCheap, Inc.": 10,
        "NameSilo, LLC": 2,
        "Sav.com, LLC- 6": 2,
        "Spaceship, Inc.": 2,
        "Wild West Domains, Inc.": 2,
        "total": 196
    },
    "percentage": {
        "Dynadot Inc": 5.1020408163265305,
        "ERANET INTERNATIONAL LIMITED": 1.0204081632653061,
        "Edomains LLC": 1.0204081632653061,
        "Gname 010 Inc": 1.0204081632653061,
        "Gname.com Pte. Ltd.": 7.142857142857143,
        "Go Australia Domains Inc": 2.0408163265306123,
        "Go Canada Domains Inc": 1.0204081632653061,
        "Go Daddy, LLC": 53.06122448979592,
        "Go Montenegro Domains, LLC": 1.0204081632653061,
        "GoDaddy.com, LLC": 7.142857142857143,
        "InsaneNames LLC": 1.0204081632653061,
        "July Name Limited": 1.0204081632653061,
        "Name.com, Inc": 2.0408163265306123,
        "Name.com, Inc.": 7.142857142857143,
        "NameCheap, Inc.": 5.1020408163265305,
        "NameSilo, LLC": 1.0204081632653061,
        "Sav.com, LLC- 6": 1.0204081632653061,
        "Spaceship, Inc.": 1.0204081632653061,
        "Wild West Domains, Inc.": 1.0204081632653061,
        "total": 100.0
    }
}