{
    "counter": {
        "Amazon Registrar, Inc.": 10,
        "Blue Razor Domains, LLC": 2,
        "CSC Corporate Domains, Inc.": 18,
        "CommuniGal Communication Ltd.": 6,
        "Communigal Communications Ltd": 4,
        "Dynadot": 2,
        "Dynadot Inc": 40,
        "Dynadot LLC": 4,
        "ERANET INTERNATIONAL LIMITED": 2,
        "GMO Internet Group, Inc. d/b/a Onamae.com": 4,
        "Gname 002 Inc": 2,
        "Gname 010 Inc": 2,
        "Gname.com Pte. Ltd.": 22,
        "Go Australia Domains Inc": 4,
        "Go Canada Domains Inc": 2,
        "Go Daddy, LLC": 8,
        "Go Montenegro Domains, LLC": 8,
        "GoDaddy.com, LLC": 44,
        "HOSTINGER operations, UAB": 2,
        "InsaneNames LLC": 2,
        "NAMECHEAP": 2,
        "NAMEMART PTE. LTD.": 2,
        "Name.com, Inc": 4,
        "Name.com, Inc.": 10,
        "NameCheap, Inc.": 48,
        "NameSilo, LLC": 2,
        "Namecheap": 14,
        "Network Solutions, LLC": 2,
        "PDR Ltd. d/b/a PublicDomainRegistry.com": 4,
        "Porkbun LLC": 2,
        "Spaceship, Inc.": 20,
        "URL Solutions, Inc.": 4,
        "Virtualia LLC": 2,
        "West263 International Limited": 2,
        "Wild West Domains, Inc.": 6,
        "iNET SOFTWARE COMPANY LIMITED": 2,
        "total": 314
    },
    "percentage": {
        "Amazon Registrar, Inc.": 3.1847133757961785,
        "Blue Razor Domains, LLC": 0.6369426751592356,
        "CSC Corporate Domains, Inc.": 5.732484076433121,
        "CommuniGal Communication Ltd.": 1.910828025477707,
        "Communigal Communications Ltd": 1.2738853503184713,
        "Dynadot": 0.6369426751592356,
        "Dynadot Inc": 12.738853503184714,
        "Dynadot LLC": 1.2738853503184713,
        "ERANET INTERNATIONAL LIMITED": 0.6369426751592356,
        "GMO Internet Group, Inc. d/b/a Onamae.com": 1.2738853503184713,
        "Gname 002 Inc": 0.6369426751592356,
        "Gname 010 Inc": 0.6369426751592356,
        "Gname.com Pte. Ltd.": 7.006369426751593,
        "Go Australia Domains Inc": 1.2738853503184713,
        "Go Canada Domains Inc": 0.6369426751592356,
        "Go Daddy, LLC": 2.5477707006369426,
        "Go Montenegro Domains, LLC": 2.5477707006369426,
        "GoDaddy.com, LLC": 14.012738853503185,
        "HOSTINGER operations, UAB": 0.6369426751592356,
        "InsaneNames LLC": 0.6369426751592356,
        "NAMECHEAP": 0.6369426751592356,
        "NAMEMART PTE. LTD.": 0.6369426751592356,
        "Name.com, Inc": 1.2738853503184713,
        "Name.com, Inc.": 3.1847133757961785,
        "NameCheap, Inc.": 15.286624203821656,
        "NameSilo, LLC": 0.6369426751592356,
        "Namecheap": 4.45859872611465,
        "Network Solutions, LLC": 0.6369426751592356,
        "PDR Ltd. d/b/a PublicDomainRegistry.com": 1.2738853503184713,
        "Porkbun LLC": 0.6369426751592356,
        "Spaceship, Inc.": 6.369426751592357,
        "URL Solutions, Inc.": 1.2738853503184713,
        "Virtualia LLC": 0.6369426751592356,
        "West263 International Limited": 0.6369426751592356,
        "Wild West Domains, Inc.": 1.910828025477707,
        "iNET SOFTWARE COMPANY LIMITED": 0.6369426751592356,
        "total": 100.0
    }
}