{
    "counter": {
        "Amazon Registrar, Inc.": 4,
        "Dynadot Inc": 16,
        "Dynadot LLC": 2,
        "Dynadot, LLC": 2,
        "ERANET INTERNATIONAL LIMITED": 2,
        "Edomains LLC": 2,
        "GMO Internet Group, Inc. d/b/a Onamae.com": 2,
        "Gname 002 Inc": 2,
        "Gname 005 Inc": 2,
        "Gname 007 Inc": 4,
        "Gname.com Pte. Ltd.": 2,
        "Go Australia Domains Inc": 4,
        "Go Canada Domains Inc": 2,
        "Go Daddy, LLC": 550,
        "Go France Domains Inc": 2,
        "Go Montenegro Domains, LLC": 4,
        "GoDaddy.com, LLC": 16,
        "HOSTINGER operations, UAB": 2,
        "InsaneNames LLC": 2,
        "July Name Limited": 2,
        "Name.com, Inc": 4,
        "Name.com, Inc.": 6,
        "NameCheap, Inc.": 6,
        "Namecheap": 2,
        "Sav.com, LLC- 6": 2,
        "Spaceship, Inc.": 6,
        "Virtualia LLC": 4,
        "Web Commerce Communications Limited dba WebNic.cc": 2,
        "iNET SOFTWARE COMPANY LIMITED": 2,
        "total": 658
    },
    "percentage": {
        "Amazon Registrar, Inc.": 0.60790273556231,
        "Dynadot Inc": 2.43161094224924,
        "Dynadot LLC": 0.303951367781155,
        "Dynadot, LLC": 0.303951367781155,
        "ERANET INTERNATIONAL LIMITED": 0.303951367781155,
        "Edomains LLC": 0.303951367781155,
        "GMO Internet Group, Inc. d/b/a Onamae.com": 0.303951367781155,
        "Gname 002 Inc": 0.303951367781155,
        "Gname 005 Inc": 0.303951367781155,
        "Gname 007 Inc": 0.60790273556231,
        "Gname.com Pte. Ltd.": 0.303951367781155,
        "Go Australia Domains Inc": 0.60790273556231,
        "Go Canada Domains Inc": 0.303951367781155,
        "Go Daddy, LLC": 83.58662613981762,
        "Go France Domains Inc": 0.303951367781155,
        "Go Montenegro Domains, LLC": 0.60790273556231,
        "GoDaddy.com, LLC": 2.43161094224924,
        "HOSTINGER operations, UAB": 0.303951367781155,
        "InsaneNames LLC": 0.303951367781155,
        "July Name Limited": 0.303951367781155,
        "Name.com, Inc": 0.60790273556231,
        "Name.com, Inc.": 0.9118541033434651,
        "NameCheap, Inc.": 0.9118541033434651,
        "Namecheap": 0.303951367781155,
        "Sav.com, LLC- 6": 0.303951367781155,
        "Spaceship, Inc.": 0.9118541033434651,
        "Virtualia LLC": 0.60790273556231,
        "Web Commerce Communications Limited dba WebNic.cc": 0.303951367781155,
        "iNET SOFTWARE COMPANY LIMITED": 0.303951367781155,
        "total": 100.0
    }
}