{
    "counter": {
        "CSC Corporate Domains, Inc.": 12,
        "Chengdu West Dimension Digital Technology Co., Ltd.": 6,
        "CommuniGal Communication Ltd.": 4,
        "Dynadot Inc": 20,
        "Dynadot LLC": 2,
        "ERANET INTERNATIONAL LIMITED": 2,
        "Edomains LLC": 2,
        "GMO Internet Group, Inc. d/b/a Onamae.com": 2,
        "Gname.com Pte. Ltd.": 16,
        "Go Australia Domains Inc": 2,
        "Go Montenegro Domains, LLC": 4,
        "GoDaddy.com, LLC": 14,
        "InsaneNames LLC": 2,
        "Name.com, Inc": 4,
        "Name.com, Inc.": 8,
        "NameCheap, Inc.": 4,
        "Namemart Limited": 2,
        "Spaceship, Inc.": 4,
        "URL Solutions, Inc.": 2,
        "VIRTUA DRUG Kutatási Szolgáltató Korlátolt Felelősségű Társaság": 2,
        "West263 International Limited": 2,
        "Wild West Domains, Inc.": 2,
        "total": 118
    },
    "percentage": {
        "CSC Corporate Domains, Inc.": 10.169491525423728,
        "Chengdu West Dimension Digital Technology Co., Ltd.": 5.084745762711864,
        "CommuniGal Communication Ltd.": 3.389830508474576,
        "Dynadot Inc": 16.949152542372882,
        "Dynadot LLC": 1.694915254237288,
        "ERANET INTERNATIONAL LIMITED": 1.694915254237288,
        "Edomains LLC": 1.694915254237288,
        "GMO Internet Group, Inc. d/b/a Onamae.com": 1.694915254237288,
        "Gname.com Pte. Ltd.": 13.559322033898304,
        "Go Australia Domains Inc": 1.694915254237288,
        "Go Montenegro Domains, LLC": 3.389830508474576,
        "GoDaddy.com, LLC": 11.864406779661017,
        "InsaneNames LLC": 1.694915254237288,
        "Name.com, Inc": 3.389830508474576,
        "Name.com, Inc.": 6.779661016949152,
        "NameCheap, Inc.": 3.389830508474576,
        "Namemart Limited": 1.694915254237288,
        "Spaceship, Inc.": 3.389830508474576,
        "URL Solutions, Inc.": 1.694915254237288,
        "VIRTUA DRUG Kutatási Szolgáltató Korlátolt Felelősségű Társaság": 1.694915254237288,
        "West263 International Limited": 1.694915254237288,
        "Wild West Domains, Inc.": 1.694915254237288,
        "total": 100.0
    }
}