{
    "counter": {
        "CSC Corporate Domains, Inc.": 12,
        "Chengdu West Dimension Digital Technology Co., Ltd.": 4,
        "CommuniGal Communication Ltd.": 6,
        "Communigal Communications Ltd": 2,
        "Dynadot Inc": 22,
        "Dynadot LLC": 2,
        "ERANET INTERNATIONAL LIMITED": 2,
        "Edomains LLC": 2,
        "Eranet International Limited": 2,
        "GMO Internet Group, Inc. d/b/a Onamae.com": 2,
        "Gname 002 Inc": 2,
        "Gname.com Pte. Ltd.": 18,
        "Go Australia Domains Inc": 2,
        "Go Montenegro Domains, LLC": 2,
        "GoDaddy.com, LLC": 16,
        "InsaneNames LLC": 2,
        "Name.com, Inc": 4,
        "Name.com, Inc.": 6,
        "NameCheap, Inc.": 4,
        "NameMart Pte. Ltd.": 2,
        "Spaceship, Inc.": 8,
        "URL Solutions, Inc.": 2,
        "West263 International Limited": 2,
        "Wild West Domains, Inc.": 4,
        "total": 130
    },
    "percentage": {
        "CSC Corporate Domains, Inc.": 9.23076923076923,
        "Chengdu West Dimension Digital Technology Co., Ltd.": 3.076923076923077,
        "CommuniGal Communication Ltd.": 4.615384615384615,
        "Communigal Communications Ltd": 1.5384615384615385,
        "Dynadot Inc": 16.923076923076923,
        "Dynadot LLC": 1.5384615384615385,
        "ERANET INTERNATIONAL LIMITED": 1.5384615384615385,
        "Edomains LLC": 1.5384615384615385,
        "Eranet International Limited": 1.5384615384615385,
        "GMO Internet Group, Inc. d/b/a Onamae.com": 1.5384615384615385,
        "Gname 002 Inc": 1.5384615384615385,
        "Gname.com Pte. Ltd.": 13.846153846153847,
        "Go Australia Domains Inc": 1.5384615384615385,
        "Go Montenegro Domains, LLC": 1.5384615384615385,
        "GoDaddy.com, LLC": 12.307692307692308,
        "InsaneNames LLC": 1.5384615384615385,
        "Name.com, Inc": 3.076923076923077,
        "Name.com, Inc.": 4.615384615384615,
        "NameCheap, Inc.": 3.076923076923077,
        "NameMart Pte. Ltd.": 1.5384615384615385,
        "Spaceship, Inc.": 6.153846153846154,
        "URL Solutions, Inc.": 1.5384615384615385,
        "West263 International Limited": 1.5384615384615385,
        "Wild West Domains, Inc.": 3.076923076923077,
        "total": 100.0
    }
}