{
    "counter": {
        "Amazon Registrar, Inc.": 8,
        "Dynadot Inc": 26,
        "Dynadot LLC": 2,
        "Dynadot, LLC": 4,
        "ERANET INTERNATIONAL LIMITED": 2,
        "Edomains LLC": 2,
        "GMO Internet Group, Inc. d/b/a Onamae.com": 2,
        "Gname 002 Inc": 2,
        "Gname 004 Inc": 2,
        "Gname 005 Inc": 4,
        "Gname 008 Inc": 4,
        "Gname 009 Inc": 2,
        "Gname 010 Inc": 2,
        "Gname.com Pte. Ltd.": 16,
        "Go Australia Domains Inc": 6,
        "Go Canada Domains Inc": 6,
        "Go Daddy, LLC": 1004,
        "Go France Domains Inc": 4,
        "Go Montenegro Domains, LLC": 4,
        "GoDaddy.com, LLC": 34,
        "HOSTINGER operations, UAB": 2,
        "InsaneNames LLC": 2,
        "NAMEMART PTE. LTD.": 2,
        "Name.com, Inc": 4,
        "Name.com, Inc.": 16,
        "NameCheap, Inc.": 20,
        "NameSilo, LLC": 4,
        "Namecheap": 6,
        "Network Solutions, LLC": 2,
        "Sav.com, LLC- 6": 2,
        "Spaceship, Inc.": 4,
        "Squarespace Domains II LLC": 2,
        "URL Solutions Inc.": 2,
        "VIRTUA DRUG Kutatási Szolgáltató Korlátolt Felelősségű Társaság": 2,
        "Virtualia LLC": 2,
        "West263 International Limited": 2,
        "Wild West Domains, Inc.": 2,
        "iNET SOFTWARE COMPANY LIMITED": 2,
        "total": 1214
    },
    "percentage": {
        "Amazon Registrar, Inc.": 0.6589785831960461,
        "Dynadot Inc": 2.1416803953871497,
        "Dynadot LLC": 0.16474464579901152,
        "Dynadot, LLC": 0.32948929159802304,
        "ERANET INTERNATIONAL LIMITED": 0.16474464579901152,
        "Edomains LLC": 0.16474464579901152,
        "GMO Internet Group, Inc. d/b/a Onamae.com": 0.16474464579901152,
        "Gname 002 Inc": 0.16474464579901152,
        "Gname 004 Inc": 0.16474464579901152,
        "Gname 005 Inc": 0.32948929159802304,
        "Gname 008 Inc": 0.32948929159802304,
        "Gname 009 Inc": 0.16474464579901152,
        "Gname 010 Inc": 0.16474464579901152,
        "Gname.com Pte. Ltd.": 1.3179571663920921,
        "Go Australia Domains Inc": 0.4942339373970346,
        "Go Canada Domains Inc": 0.4942339373970346,
        "Go Daddy, LLC": 82.70181219110378,
        "Go France Domains Inc": 0.32948929159802304,
        "Go Montenegro Domains, LLC": 0.32948929159802304,
        "GoDaddy.com, LLC": 2.800658978583196,
        "HOSTINGER operations, UAB": 0.16474464579901152,
        "InsaneNames LLC": 0.16474464579901152,
        "NAMEMART PTE. LTD.": 0.16474464579901152,
        "Name.com, Inc": 0.32948929159802304,
        "Name.com, Inc.": 1.3179571663920921,
        "NameCheap, Inc.": 1.6474464579901154,
        "NameSilo, LLC": 0.32948929159802304,
        "Namecheap": 0.4942339373970346,
        "Network Solutions, LLC": 0.16474464579901152,
        "Sav.com, LLC- 6": 0.16474464579901152,
        "Spaceship, Inc.": 0.32948929159802304,
        "Squarespace Domains II LLC": 0.16474464579901152,
        "URL Solutions Inc.": 0.16474464579901152,
        "VIRTUA DRUG Kutatási Szolgáltató Korlátolt Felelősségű Társaság": 0.16474464579901152,
        "Virtualia LLC": 0.16474464579901152,
        "West263 International Limited": 0.16474464579901152,
        "Wild West Domains, Inc.": 0.16474464579901152,
        "iNET SOFTWARE COMPANY LIMITED": 0.16474464579901152,
        "total": 100.0
    }
}