{
    "counter": {
        "Communigal Communications Ltd": 2,
        "Domain International Services Limited": 16,
        "Dynadot Inc": 42,
        "Dynadot LLC": 12,
        "Eranet International Limited": 2,
        "Gname.com Pte. Ltd.": 10,
        "Go Australia Domains Inc": 6,
        "Go Canada Domains Inc": 2,
        "Go Daddy, LLC": 2,
        "GoDaddy.com, LLC": 4,
        "Name.com, Inc.": 4,
        "NameSilo, LLC": 2,
        "Namecheap": 4,
        "Spaceship, Inc.": 10,
        "West263 International Limited": 4,
        "total": 122
    },
    "percentage": {
        "Communigal Communications Ltd": 1.639344262295082,
        "Domain International Services Limited": 13.114754098360656,
        "Dynadot Inc": 34.42622950819672,
        "Dynadot LLC": 9.836065573770492,
        "Eranet International Limited": 1.639344262295082,
        "Gname.com Pte. Ltd.": 8.19672131147541,
        "Go Australia Domains Inc": 4.918032786885246,
        "Go Canada Domains Inc": 1.639344262295082,
        "Go Daddy, LLC": 1.639344262295082,
        "GoDaddy.com, LLC": 3.278688524590164,
        "Name.com, Inc.": 3.278688524590164,
        "NameSilo, LLC": 1.639344262295082,
        "Namecheap": 3.278688524590164,
        "Spaceship, Inc.": 8.19672131147541,
        "West263 International Limited": 3.278688524590164,
        "total": 100.0
    }
}