{
    "counter": {
        "Amazon Registrar, Inc.": 8,
        "Blue Razor Domains, LLC": 2,
        "Dynadot Inc": 26,
        "Dynadot LLC": 4,
        "Dynadot, LLC": 2,
        "ERANET INTERNATIONAL LIMITED": 2,
        "Edomains LLC": 2,
        "GMO Internet Group, Inc. d/b/a Onamae.com": 2,
        "Gname 009 Inc": 2,
        "Gname 010 Inc": 4,
        "Gname.com Pte. Ltd.": 20,
        "Go Australia Domains Inc": 8,
        "Go Canada Domains Inc": 8,
        "Go China Domains Inc": 2,
        "Go Daddy, LLC": 1062,
        "Go France Domains Inc": 4,
        "Go Montenegro Domains, LLC": 4,
        "GoDaddy.com, LLC": 24,
        "HOSTINGER operations, UAB": 2,
        "InsaneNames LLC": 2,
        "July Name Limited": 2,
        "NAMEMART PTE. LTD.": 2,
        "Name.com, Inc": 6,
        "Name.com, Inc.": 20,
        "NameCheap, Inc.": 26,
        "NameSilo, LLC": 2,
        "Namecheap": 10,
        "Sav.com, LLC- 6": 2,
        "Spaceship, Inc.": 16,
        "Squarespace Domains II LLC": 2,
        "VIRTUA DRUG Kutatási Szolgáltató Korlátolt Felelősségű Társaság": 2,
        "Virtualia LLC": 2,
        "Wild West Domains, Inc.": 2,
        "iNET SOFTWARE COMPANY LIMITED": 2,
        "total": 1286
    },
    "percentage": {
        "Amazon Registrar, Inc.": 0.6220839813374806,
        "Blue Razor Domains, LLC": 0.15552099533437014,
        "Dynadot Inc": 2.021772939346812,
        "Dynadot LLC": 0.3110419906687403,
        "Dynadot, LLC": 0.15552099533437014,
        "ERANET INTERNATIONAL LIMITED": 0.15552099533437014,
        "Edomains LLC": 0.15552099533437014,
        "GMO Internet Group, Inc. d/b/a Onamae.com": 0.15552099533437014,
        "Gname 009 Inc": 0.15552099533437014,
        "Gname 010 Inc": 0.3110419906687403,
        "Gname.com Pte. Ltd.": 1.5552099533437014,
        "Go Australia Domains Inc": 0.6220839813374806,
        "Go Canada Domains Inc": 0.6220839813374806,
        "Go China Domains Inc": 0.15552099533437014,
        "Go Daddy, LLC": 82.58164852255054,
        "Go France Domains Inc": 0.3110419906687403,
        "Go Montenegro Domains, LLC": 0.3110419906687403,
        "GoDaddy.com, LLC": 1.8662519440124417,
        "HOSTINGER operations, UAB": 0.15552099533437014,
        "InsaneNames LLC": 0.15552099533437014,
        "July Name Limited": 0.15552099533437014,
        "NAMEMART PTE. LTD.": 0.15552099533437014,
        "Name.com, Inc": 0.4665629860031104,
        "Name.com, Inc.": 1.5552099533437014,
        "NameCheap, Inc.": 2.021772939346812,
        "NameSilo, LLC": 0.15552099533437014,
        "Namecheap": 0.7776049766718507,
        "Sav.com, LLC- 6": 0.15552099533437014,
        "Spaceship, Inc.": 1.244167962674961,
        "Squarespace Domains II LLC": 0.15552099533437014,
        "VIRTUA DRUG Kutatási Szolgáltató Korlátolt Felelősségű Társaság": 0.15552099533437014,
        "Virtualia LLC": 0.15552099533437014,
        "Wild West Domains, Inc.": 0.15552099533437014,
        "iNET SOFTWARE COMPANY LIMITED": 0.15552099533437014,
        "total": 100.0
    }
}