{
    "counter": {
        "Alibaba Cloud Computing Ltd. d/b/a HiChina (www.net.cn)": 2,
        "Chengdu West Dimension Digital Technology Co., Ltd.": 2,
        "CommuniGal Communication Ltd.": 2,
        "Communigal Communications Ltd": 4,
        "DNSPod, Inc.": 2,
        "Domain International Services Limited": 26,
        "Dynadot Inc": 54,
        "Dynadot LLC": 26,
        "ERANET INTERNATIONAL LIMITED": 10,
        "Eranet International Limited": 12,
        "Gname 002 Inc": 2,
        "Gname.com Pte. Ltd.": 30,
        "Go Australia Domains Inc": 4,
        "Go Canada Domains Inc": 2,
        "Go Daddy, LLC": 12,
        "GoDaddy.com, LLC": 12,
        "InsaneNames LLC": 2,
        "NAMECHEAP": 2,
        "Name.com, Inc.": 6,
        "NameCheap, Inc.": 12,
        "NameSilo, LLC": 4,
        "Namecheap": 18,
        "Porkbun LLC": 2,
        "Sav.com LLC": 6,
        "Spaceship, Inc.": 38,
        "Tucows Domains Inc.": 2,
        "West263 International Limited": 8,
        "total": 302
    },
    "percentage": {
        "Alibaba Cloud Computing Ltd. d/b/a HiChina (www.net.cn)": 0.6622516556291391,
        "Chengdu West Dimension Digital Technology Co., Ltd.": 0.6622516556291391,
        "CommuniGal Communication Ltd.": 0.6622516556291391,
        "Communigal Communications Ltd": 1.3245033112582782,
        "DNSPod, Inc.": 0.6622516556291391,
        "Domain International Services Limited": 8.609271523178808,
        "Dynadot Inc": 17.880794701986755,
        "Dynadot LLC": 8.609271523178808,
        "ERANET INTERNATIONAL LIMITED": 3.3112582781456954,
        "Eranet International Limited": 3.9735099337748343,
        "Gname 002 Inc": 0.6622516556291391,
        "Gname.com Pte. Ltd.": 9.933774834437086,
        "Go Australia Domains Inc": 1.3245033112582782,
        "Go Canada Domains Inc": 0.6622516556291391,
        "Go Daddy, LLC": 3.9735099337748343,
        "GoDaddy.com, LLC": 3.9735099337748343,
        "InsaneNames LLC": 0.6622516556291391,
        "NAMECHEAP": 0.6622516556291391,
        "Name.com, Inc.": 1.9867549668874172,
        "NameCheap, Inc.": 3.9735099337748343,
        "NameSilo, LLC": 1.3245033112582782,
        "Namecheap": 5.960264900662252,
        "Porkbun LLC": 0.6622516556291391,
        "Sav.com LLC": 1.9867549668874172,
        "Spaceship, Inc.": 12.582781456953642,
        "Tucows Domains Inc.": 0.6622516556291391,
        "West263 International Limited": 2.6490066225165565,
        "total": 100.0
    }
}