{
    "counter": {
        "Amazon Registrar, Inc.": 8,
        "Dynadot Inc": 22,
        "Dynadot LLC": 4,
        "Dynadot, LLC": 4,
        "ERANET INTERNATIONAL LIMITED": 2,
        "Edomains LLC": 2,
        "GMO Internet Group, Inc. d/b/a Onamae.com": 2,
        "Gname 002 Inc": 2,
        "Gname 005 Inc": 4,
        "Gname 007 Inc": 4,
        "Gname 008 Inc": 2,
        "Gname.com Pte. Ltd.": 2,
        "Go Australia Domains Inc": 4,
        "Go Canada Domains Inc": 2,
        "Go Daddy Domains Canada, Inc": 2,
        "Go Daddy, LLC": 242,
        "Go France Domains Inc": 2,
        "Go Montenegro Domains, LLC": 6,
        "GoDaddy.com, LLC": 22,
        "HOSTINGER operations, UAB": 2,
        "InsaneNames LLC": 2,
        "July Name Limited": 2,
        "NAMEMART PTE. LTD.": 2,
        "Name.com, Inc": 4,
        "Name.com, Inc.": 8,
        "NameCheap, Inc.": 10,
        "Namecheap": 6,
        "Network Solutions, LLC": 2,
        "Sav.com, LLC- 6": 2,
        "Spaceship, Inc.": 2,
        "Squarespace Domains II LLC": 2,
        "URL Solutions Inc.": 2,
        "Virtualia LLC": 4,
        "Web Commerce Communications Limited dba WebNic.cc": 2,
        "iNET SOFTWARE COMPANY LIMITED": 2,
        "total": 392
    },
    "percentage": {
        "Amazon Registrar, Inc.": 2.0408163265306123,
        "Dynadot Inc": 5.612244897959184,
        "Dynadot LLC": 1.0204081632653061,
        "Dynadot, LLC": 1.0204081632653061,
        "ERANET INTERNATIONAL LIMITED": 0.5102040816326531,
        "Edomains LLC": 0.5102040816326531,
        "GMO Internet Group, Inc. d/b/a Onamae.com": 0.5102040816326531,
        "Gname 002 Inc": 0.5102040816326531,
        "Gname 005 Inc": 1.0204081632653061,
        "Gname 007 Inc": 1.0204081632653061,
        "Gname 008 Inc": 0.5102040816326531,
        "Gname.com Pte. Ltd.": 0.5102040816326531,
        "Go Australia Domains Inc": 1.0204081632653061,
        "Go Canada Domains Inc": 0.5102040816326531,
        "Go Daddy Domains Canada, Inc": 0.5102040816326531,
        "Go Daddy, LLC": 61.734693877551024,
        "Go France Domains Inc": 0.5102040816326531,
        "Go Montenegro Domains, LLC": 1.530612244897959,
        "GoDaddy.com, LLC": 5.612244897959184,
        "HOSTINGER operations, UAB": 0.5102040816326531,
        "InsaneNames LLC": 0.5102040816326531,
        "July Name Limited": 0.5102040816326531,
        "NAMEMART PTE. LTD.": 0.5102040816326531,
        "Name.com, Inc": 1.0204081632653061,
        "Name.com, Inc.": 2.0408163265306123,
        "NameCheap, Inc.": 2.5510204081632653,
        "Namecheap": 1.530612244897959,
        "Network Solutions, LLC": 0.5102040816326531,
        "Sav.com, LLC- 6": 0.5102040816326531,
        "Spaceship, Inc.": 0.5102040816326531,
        "Squarespace Domains II LLC": 0.5102040816326531,
        "URL Solutions Inc.": 0.5102040816326531,
        "Virtualia LLC": 1.0204081632653061,
        "Web Commerce Communications Limited dba WebNic.cc": 0.5102040816326531,
        "iNET SOFTWARE COMPANY LIMITED": 0.5102040816326531,
        "total": 100.0
    }
}