{
    "counter": {
        "Communigal Communications Ltd": 2,
        "Dynadot Inc": 16,
        "Dynadot LLC": 2,
        "ERANET INTERNATIONAL LIMITED": 2,
        "Edomains LLC": 2,
        "Gname.com Pte. Ltd.": 18,
        "Go Australia Domains Inc": 4,
        "Go Canada Domains Inc": 2,
        "Go Daddy, LLC": 24,
        "Go Montenegro Domains, LLC": 2,
        "GoDaddy.com, LLC": 10,
        "InsaneNames LLC": 2,
        "Name.com, Inc": 4,
        "Name.com, Inc.": 4,
        "NameCheap, Inc.": 2,
        "Spaceship, Inc.": 8,
        "total": 104
    },
    "percentage": {
        "Communigal Communications Ltd": 1.9230769230769231,
        "Dynadot Inc": 15.384615384615385,
        "Dynadot LLC": 1.9230769230769231,
        "ERANET INTERNATIONAL LIMITED": 1.9230769230769231,
        "Edomains LLC": 1.9230769230769231,
        "Gname.com Pte. Ltd.": 17.307692307692307,
        "Go Australia Domains Inc": 3.8461538461538463,
        "Go Canada Domains Inc": 1.9230769230769231,
        "Go Daddy, LLC": 23.076923076923077,
        "Go Montenegro Domains, LLC": 1.9230769230769231,
        "GoDaddy.com, LLC": 9.615384615384615,
        "InsaneNames LLC": 1.9230769230769231,
        "Name.com, Inc": 3.8461538461538463,
        "Name.com, Inc.": 3.8461538461538463,
        "NameCheap, Inc.": 1.9230769230769231,
        "Spaceship, Inc.": 7.6923076923076925,
        "total": 100.0
    }
}