{
    "counter": {
        "Chengdu West Dimension Digital Technology Co., Ltd.": 4,
        "Communigal Communications Ltd": 2,
        "Domain International Services Limited": 18,
        "Dynadot Inc": 26,
        "Dynadot LLC": 2,
        "ERANET INTERNATIONAL LIMITED": 2,
        "Eranet International Limited": 8,
        "Gname.com Pte. Ltd.": 18,
        "Go Australia Domains Inc": 4,
        "Go Canada Domains Inc": 2,
        "Go Montenegro Domains, LLC": 4,
        "GoDaddy.com, LLC": 26,
        "Name.com, Inc": 2,
        "Name.com, Inc.": 10,
        "NameCheap, Inc.": 4,
        "NameSilo, LLC": 2,
        "Namecheap": 10,
        "Spaceship, Inc.": 2,
        "Tucows Domains Inc.": 2,
        "West263 International Limited": 2,
        "eName Technology Co., Ltd.": 4,
        "total": 154
    },
    "percentage": {
        "Chengdu West Dimension Digital Technology Co., Ltd.": 2.5974025974025974,
        "Communigal Communications Ltd": 1.2987012987012987,
        "Domain International Services Limited": 11.688311688311689,
        "Dynadot Inc": 16.883116883116884,
        "Dynadot LLC": 1.2987012987012987,
        "ERANET INTERNATIONAL LIMITED": 1.2987012987012987,
        "Eranet International Limited": 5.194805194805195,
        "Gname.com Pte. Ltd.": 11.688311688311689,
        "Go Australia Domains Inc": 2.5974025974025974,
        "Go Canada Domains Inc": 1.2987012987012987,
        "Go Montenegro Domains, LLC": 2.5974025974025974,
        "GoDaddy.com, LLC": 16.883116883116884,
        "Name.com, Inc": 1.2987012987012987,
        "Name.com, Inc.": 6.4935064935064934,
        "NameCheap, Inc.": 2.5974025974025974,
        "NameSilo, LLC": 1.2987012987012987,
        "Namecheap": 6.4935064935064934,
        "Spaceship, Inc.": 1.2987012987012987,
        "Tucows Domains Inc.": 1.2987012987012987,
        "West263 International Limited": 1.2987012987012987,
        "eName Technology Co., Ltd.": 2.5974025974025974,
        "total": 100.0
    }
}