{
    "counter": {
        "Amazon Registrar, Inc.": 6,
        "Blue Razor Domains, LLC": 2,
        "CSC Corporate Domains, Inc.": 14,
        "Chengdu West Dimension Digital Technology Co., Ltd.": 4,
        "CommuniGal Communication Ltd.": 4,
        "Communigal Communications Ltd": 4,
        "Dynadot": 2,
        "Dynadot Inc": 28,
        "Dynadot LLC": 2,
        "ERANET INTERNATIONAL LIMITED": 2,
        "Edomains LLC": 2,
        "GMO Internet Group, Inc. d/b/a Onamae.com": 4,
        "Gname 002 Inc": 2,
        "Gname.com Pte. Ltd.": 20,
        "Go Australia Domains Inc": 2,
        "Go Canada Domains Inc": 2,
        "Go China Domains Inc": 2,
        "Go France Domains Inc": 2,
        "Go Montenegro Domains, LLC": 8,
        "GoDaddy.com, LLC": 96,
        "InsaneNames LLC": 2,
        "Name.com, Inc": 4,
        "Name.com, Inc.": 10,
        "NameCheap, Inc.": 16,
        "NameMart Pte. Ltd.": 2,
        "Porkbun LLC": 2,
        "Spaceship, Inc.": 14,
        "URL Solutions, Inc.": 2,
        "Virtualia LLC": 2,
        "West263 International Limited": 2,
        "Wild West Domains, Inc.": 6,
        "total": 270
    },
    "percentage": {
        "Amazon Registrar, Inc.": 2.2222222222222223,
        "Blue Razor Domains, LLC": 0.7407407407407407,
        "CSC Corporate Domains, Inc.": 5.185185185185185,
        "Chengdu West Dimension Digital Technology Co., Ltd.": 1.4814814814814814,
        "CommuniGal Communication Ltd.": 1.4814814814814814,
        "Communigal Communications Ltd": 1.4814814814814814,
        "Dynadot": 0.7407407407407407,
        "Dynadot Inc": 10.37037037037037,
        "Dynadot LLC": 0.7407407407407407,
        "ERANET INTERNATIONAL LIMITED": 0.7407407407407407,
        "Edomains LLC": 0.7407407407407407,
        "GMO Internet Group, Inc. d/b/a Onamae.com": 1.4814814814814814,
        "Gname 002 Inc": 0.7407407407407407,
        "Gname.com Pte. Ltd.": 7.407407407407407,
        "Go Australia Domains Inc": 0.7407407407407407,
        "Go Canada Domains Inc": 0.7407407407407407,
        "Go China Domains Inc": 0.7407407407407407,
        "Go France Domains Inc": 0.7407407407407407,
        "Go Montenegro Domains, LLC": 2.962962962962963,
        "GoDaddy.com, LLC": 35.55555555555556,
        "InsaneNames LLC": 0.7407407407407407,
        "Name.com, Inc": 1.4814814814814814,
        "Name.com, Inc.": 3.7037037037037037,
        "NameCheap, Inc.": 5.925925925925926,
        "NameMart Pte. Ltd.": 0.7407407407407407,
        "Porkbun LLC": 0.7407407407407407,
        "Spaceship, Inc.": 5.185185185185185,
        "URL Solutions, Inc.": 0.7407407407407407,
        "Virtualia LLC": 0.7407407407407407,
        "West263 International Limited": 0.7407407407407407,
        "Wild West Domains, Inc.": 2.2222222222222223,
        "total": 100.0
    }
}