{
    "counter": {
        "Amazon Registrar, Inc.": 2,
        "Communigal Communications Ltd": 2,
        "Dynadot Inc": 22,
        "Dynadot LLC": 4,
        "ERANET INTERNATIONAL LIMITED": 2,
        "Edomains LLC": 2,
        "Gname.com Pte. Ltd.": 18,
        "Go Australia Domains Inc": 4,
        "Go Canada Domains Inc": 4,
        "Go Daddy, LLC": 26,
        "Go France Domains Inc": 2,
        "Go Montenegro Domains, LLC": 2,
        "GoDaddy.com, LLC": 14,
        "InsaneNames LLC": 2,
        "Name.com, Inc": 4,
        "Name.com, Inc.": 4,
        "NameCheap, Inc.": 6,
        "Spaceship, Inc.": 8,
        "VIRTUA DRUG Kutatási Szolgáltató Korlátolt Felelősségű Társaság": 2,
        "Virtualia LLC": 2,
        "total": 132
    },
    "percentage": {
        "Amazon Registrar, Inc.": 1.5151515151515151,
        "Communigal Communications Ltd": 1.5151515151515151,
        "Dynadot Inc": 16.666666666666668,
        "Dynadot LLC": 3.0303030303030303,
        "ERANET INTERNATIONAL LIMITED": 1.5151515151515151,
        "Edomains LLC": 1.5151515151515151,
        "Gname.com Pte. Ltd.": 13.636363636363637,
        "Go Australia Domains Inc": 3.0303030303030303,
        "Go Canada Domains Inc": 3.0303030303030303,
        "Go Daddy, LLC": 19.696969696969695,
        "Go France Domains Inc": 1.5151515151515151,
        "Go Montenegro Domains, LLC": 1.5151515151515151,
        "GoDaddy.com, LLC": 10.606060606060606,
        "InsaneNames LLC": 1.5151515151515151,
        "Name.com, Inc": 3.0303030303030303,
        "Name.com, Inc.": 3.0303030303030303,
        "NameCheap, Inc.": 4.545454545454546,
        "Spaceship, Inc.": 6.0606060606060606,
        "VIRTUA DRUG Kutatási Szolgáltató Korlátolt Felelősségű Társaság": 1.5151515151515151,
        "Virtualia LLC": 1.5151515151515151,
        "total": 100.0
    }
}