{
    "counter": {
        "CSC Corporate Domains, Inc.": 12,
        "Chengdu West Dimension Digital Technology Co., Ltd.": 6,
        "Dynadot Inc": 20,
        "Dynadot LLC": 2,
        "ERANET INTERNATIONAL LIMITED": 2,
        "Edomains LLC": 2,
        "GMO Internet Group, Inc. d/b/a Onamae.com": 2,
        "Gname 002 Inc": 2,
        "Gname 010 Inc": 2,
        "Gname.com Pte. Ltd.": 14,
        "Go Australia Domains Inc": 2,
        "Go Montenegro Domains, LLC": 4,
        "GoDaddy.com, LLC": 10,
        "July Name Limited": 2,
        "Name.com, Inc": 4,
        "Name.com, Inc.": 6,
        "NameCheap, Inc.": 4,
        "Spaceship, Inc.": 2,
        "URL Solutions, Inc.": 2,
        "West263 International Limited": 2,
        "Wild West Domains, Inc.": 2,
        "total": 104
    },
    "percentage": {
        "CSC Corporate Domains, Inc.": 11.538461538461538,
        "Chengdu West Dimension Digital Technology Co., Ltd.": 5.769230769230769,
        "Dynadot Inc": 19.23076923076923,
        "Dynadot LLC": 1.9230769230769231,
        "ERANET INTERNATIONAL LIMITED": 1.9230769230769231,
        "Edomains LLC": 1.9230769230769231,
        "GMO Internet Group, Inc. d/b/a Onamae.com": 1.9230769230769231,
        "Gname 002 Inc": 1.9230769230769231,
        "Gname 010 Inc": 1.9230769230769231,
        "Gname.com Pte. Ltd.": 13.461538461538462,
        "Go Australia Domains Inc": 1.9230769230769231,
        "Go Montenegro Domains, LLC": 3.8461538461538463,
        "GoDaddy.com, LLC": 9.615384615384615,
        "July Name Limited": 1.9230769230769231,
        "Name.com, Inc": 3.8461538461538463,
        "Name.com, Inc.": 5.769230769230769,
        "NameCheap, Inc.": 3.8461538461538463,
        "Spaceship, Inc.": 1.9230769230769231,
        "URL Solutions, Inc.": 1.9230769230769231,
        "West263 International Limited": 1.9230769230769231,
        "Wild West Domains, Inc.": 1.9230769230769231,
        "total": 100.0
    }
}