{
    "counter": {
        "Chengdu West Dimension Digital Technology Co., Ltd.": 4,
        "Domain International Services Limited": 22,
        "Dynadot Inc": 24,
        "ERANET INTERNATIONAL LIMITED": 2,
        "Eranet International Limited": 8,
        "Gname.com Pte. Ltd.": 14,
        "Go Australia Domains Inc": 4,
        "Go Canada Domains Inc": 2,
        "Go Daddy, LLC": 68,
        "Go Montenegro Domains, LLC": 4,
        "GoDaddy.com, LLC": 12,
        "InsaneNames LLC": 2,
        "Name.com, Inc": 2,
        "Name.com, Inc.": 8,
        "NameCheap, Inc.": 6,
        "NameSilo, LLC": 2,
        "Namecheap": 10,
        "Spaceship, Inc.": 4,
        "Tucows Domains Inc.": 2,
        "West263 International Limited": 2,
        "eName Technology Co., Ltd.": 4,
        "total": 206
    },
    "percentage": {
        "Chengdu West Dimension Digital Technology Co., Ltd.": 1.941747572815534,
        "Domain International Services Limited": 10.679611650485437,
        "Dynadot Inc": 11.650485436893204,
        "ERANET INTERNATIONAL LIMITED": 0.970873786407767,
        "Eranet International Limited": 3.883495145631068,
        "Gname.com Pte. Ltd.": 6.796116504854369,
        "Go Australia Domains Inc": 1.941747572815534,
        "Go Canada Domains Inc": 0.970873786407767,
        "Go Daddy, LLC": 33.00970873786408,
        "Go Montenegro Domains, LLC": 1.941747572815534,
        "GoDaddy.com, LLC": 5.825242718446602,
        "InsaneNames LLC": 0.970873786407767,
        "Name.com, Inc": 0.970873786407767,
        "Name.com, Inc.": 3.883495145631068,
        "NameCheap, Inc.": 2.912621359223301,
        "NameSilo, LLC": 0.970873786407767,
        "Namecheap": 4.854368932038835,
        "Spaceship, Inc.": 1.941747572815534,
        "Tucows Domains Inc.": 0.970873786407767,
        "West263 International Limited": 0.970873786407767,
        "eName Technology Co., Ltd.": 1.941747572815534,
        "total": 100.0
    }
}