{
    "counter": {
        "Amazon Registrar, Inc.": 8,
        "Blue Razor Domains, LLC": 2,
        "Dynadot Inc": 26,
        "Dynadot LLC": 2,
        "Dynadot, LLC": 2,
        "ERANET INTERNATIONAL LIMITED": 2,
        "Edomains LLC": 2,
        "GMO Internet Group, Inc. d/b/a Onamae.com": 2,
        "Gname 004 Inc": 2,
        "Gname 008 Inc": 2,
        "Gname 010 Inc": 2,
        "Gname.com Pte. Ltd.": 18,
        "Go Australia Domains Inc": 8,
        "Go Canada Domains Inc": 8,
        "Go China Domains Inc": 2,
        "Go Daddy, LLC": 1014,
        "Go France Domains Inc": 4,
        "Go Montenegro Domains, LLC": 6,
        "GoDaddy.com, LLC": 24,
        "HOSTINGER operations, UAB": 2,
        "InsaneNames LLC": 2,
        "NAMEMART PTE. LTD.": 2,
        "Name.com, Inc": 6,
        "Name.com, Inc.": 18,
        "NameCheap, Inc.": 20,
        "NameSilo, LLC": 4,
        "Namecheap": 6,
        "Sav.com, LLC- 6": 2,
        "Spaceship, Inc.": 2,
        "Squarespace Domains II LLC": 2,
        "URL Solutions Inc.": 2,
        "VIRTUA DRUG Kutatási Szolgáltató Korlátolt Felelősségű Társaság": 2,
        "Virtualia LLC": 2,
        "Wild West Domains, Inc.": 2,
        "iNET SOFTWARE COMPANY LIMITED": 2,
        "total": 1212
    },
    "percentage": {
        "Amazon Registrar, Inc.": 0.6600660066006601,
        "Blue Razor Domains, LLC": 0.16501650165016502,
        "Dynadot Inc": 2.145214521452145,
        "Dynadot LLC": 0.16501650165016502,
        "Dynadot, LLC": 0.16501650165016502,
        "ERANET INTERNATIONAL LIMITED": 0.16501650165016502,
        "Edomains LLC": 0.16501650165016502,
        "GMO Internet Group, Inc. d/b/a Onamae.com": 0.16501650165016502,
        "Gname 004 Inc": 0.16501650165016502,
        "Gname 008 Inc": 0.16501650165016502,
        "Gname 010 Inc": 0.16501650165016502,
        "Gname.com Pte. Ltd.": 1.4851485148514851,
        "Go Australia Domains Inc": 0.6600660066006601,
        "Go Canada Domains Inc": 0.6600660066006601,
        "Go China Domains Inc": 0.16501650165016502,
        "Go Daddy, LLC": 83.66336633663366,
        "Go France Domains Inc": 0.33003300330033003,
        "Go Montenegro Domains, LLC": 0.49504950495049505,
        "GoDaddy.com, LLC": 1.9801980198019802,
        "HOSTINGER operations, UAB": 0.16501650165016502,
        "InsaneNames LLC": 0.16501650165016502,
        "NAMEMART PTE. LTD.": 0.16501650165016502,
        "Name.com, Inc": 0.49504950495049505,
        "Name.com, Inc.": 1.4851485148514851,
        "NameCheap, Inc.": 1.6501650165016502,
        "NameSilo, LLC": 0.33003300330033003,
        "Namecheap": 0.49504950495049505,
        "Sav.com, LLC- 6": 0.16501650165016502,
        "Spaceship, Inc.": 0.16501650165016502,
        "Squarespace Domains II LLC": 0.16501650165016502,
        "URL Solutions Inc.": 0.16501650165016502,
        "VIRTUA DRUG Kutatási Szolgáltató Korlátolt Felelősségű Társaság": 0.16501650165016502,
        "Virtualia LLC": 0.16501650165016502,
        "Wild West Domains, Inc.": 0.16501650165016502,
        "iNET SOFTWARE COMPANY LIMITED": 0.16501650165016502,
        "total": 100.0
    }
}