{
    "counter": {
        "Amazon Registrar, Inc.": 2,
        "Chengdu West Dimension Digital Technology Co., Ltd.": 2,
        "Communigal Communications Ltd": 4,
        "DNSPod, Inc.": 2,
        "Domain International Services Limited": 22,
        "Dynadot Inc": 48,
        "ERANET INTERNATIONAL LIMITED": 2,
        "Eranet International Limited": 22,
        "GMO Internet Group, Inc. d/b/a Onamae.com": 2,
        "Gname.com Pte. Ltd.": 20,
        "Go Australia Domains Inc": 4,
        "Go Canada Domains Inc": 2,
        "Go Daddy, LLC": 210,
        "Go Montenegro Domains, LLC": 4,
        "GoDaddy.com, LLC": 22,
        "InsaneNames LLC": 2,
        "Name.com, Inc": 4,
        "Name.com, Inc.": 10,
        "NameCheap, Inc.": 14,
        "Namecheap": 12,
        "Spaceship, Inc.": 28,
        "Tucows Domains Inc.": 2,
        "West263 International Limited": 2,
        "eName Technology Co., Ltd.": 4,
        "total": 446
    },
    "percentage": {
        "Amazon Registrar, Inc.": 0.4484304932735426,
        "Chengdu West Dimension Digital Technology Co., Ltd.": 0.4484304932735426,
        "Communigal Communications Ltd": 0.8968609865470852,
        "DNSPod, Inc.": 0.4484304932735426,
        "Domain International Services Limited": 4.932735426008969,
        "Dynadot Inc": 10.762331838565023,
        "ERANET INTERNATIONAL LIMITED": 0.4484304932735426,
        "Eranet International Limited": 4.932735426008969,
        "GMO Internet Group, Inc. d/b/a Onamae.com": 0.4484304932735426,
        "Gname.com Pte. Ltd.": 4.484304932735426,
        "Go Australia Domains Inc": 0.8968609865470852,
        "Go Canada Domains Inc": 0.4484304932735426,
        "Go Daddy, LLC": 47.08520179372197,
        "Go Montenegro Domains, LLC": 0.8968609865470852,
        "GoDaddy.com, LLC": 4.932735426008969,
        "InsaneNames LLC": 0.4484304932735426,
        "Name.com, Inc": 0.8968609865470852,
        "Name.com, Inc.": 2.242152466367713,
        "NameCheap, Inc.": 3.1390134529147984,
        "Namecheap": 2.690582959641256,
        "Spaceship, Inc.": 6.278026905829597,
        "Tucows Domains Inc.": 0.4484304932735426,
        "West263 International Limited": 0.4484304932735426,
        "eName Technology Co., Ltd.": 0.8968609865470852,
        "total": 100.0
    }
}