{
    "counter": {
        "Amazon Registrar, Inc.": 8,
        "Blue Razor Domains, LLC": 2,
        "Chengdu West Dimension Digital Technology Co., Ltd.": 2,
        "CommuniGal Communication Ltd.": 2,
        "Dynadot Inc": 26,
        "Dynadot LLC": 2,
        "Dynadot, LLC": 2,
        "ERANET INTERNATIONAL LIMITED": 2,
        "GMO Internet Group, Inc. d/b/a Onamae.com": 2,
        "Gname 004 Inc": 2,
        "Gname 010 Inc": 4,
        "Gname.com Pte. Ltd.": 22,
        "Go Australia Domains Inc": 8,
        "Go Canada Domains Inc": 8,
        "Go China Domains Inc": 2,
        "Go Daddy, LLC": 1004,
        "Go France Domains Inc": 2,
        "Go Montenegro Domains, LLC": 6,
        "GoDaddy.com, LLC": 30,
        "HOSTINGER operations, UAB": 2,
        "InsaneNames LLC": 2,
        "NAMEMART PTE. LTD.": 2,
        "Name.com, Inc": 4,
        "Name.com, Inc.": 16,
        "NameCheap, Inc.": 20,
        "NameSilo, LLC": 2,
        "Namecheap": 10,
        "Sav.com, LLC- 6": 2,
        "Spaceship, Inc.": 18,
        "Squarespace Domains II LLC": 2,
        "URL Solutions Inc.": 2,
        "VIRTUA DRUG Kutatási Szolgáltató Korlátolt Felelősségű Társaság": 2,
        "Virtualia LLC": 2,
        "iNET SOFTWARE COMPANY LIMITED": 2,
        "total": 1224
    },
    "percentage": {
        "Amazon Registrar, Inc.": 0.6535947712418301,
        "Blue Razor Domains, LLC": 0.16339869281045752,
        "Chengdu West Dimension Digital Technology Co., Ltd.": 0.16339869281045752,
        "CommuniGal Communication Ltd.": 0.16339869281045752,
        "Dynadot Inc": 2.1241830065359477,
        "Dynadot LLC": 0.16339869281045752,
        "Dynadot, LLC": 0.16339869281045752,
        "ERANET INTERNATIONAL LIMITED": 0.16339869281045752,
        "GMO Internet Group, Inc. d/b/a Onamae.com": 0.16339869281045752,
        "Gname 004 Inc": 0.16339869281045752,
        "Gname 010 Inc": 0.32679738562091504,
        "Gname.com Pte. Ltd.": 1.7973856209150327,
        "Go Australia Domains Inc": 0.6535947712418301,
        "Go Canada Domains Inc": 0.6535947712418301,
        "Go China Domains Inc": 0.16339869281045752,
        "Go Daddy, LLC": 82.02614379084967,
        "Go France Domains Inc": 0.16339869281045752,
        "Go Montenegro Domains, LLC": 0.49019607843137253,
        "GoDaddy.com, LLC": 2.450980392156863,
        "HOSTINGER operations, UAB": 0.16339869281045752,
        "InsaneNames LLC": 0.16339869281045752,
        "NAMEMART PTE. LTD.": 0.16339869281045752,
        "Name.com, Inc": 0.32679738562091504,
        "Name.com, Inc.": 1.3071895424836601,
        "NameCheap, Inc.": 1.6339869281045751,
        "NameSilo, LLC": 0.16339869281045752,
        "Namecheap": 0.8169934640522876,
        "Sav.com, LLC- 6": 0.16339869281045752,
        "Spaceship, Inc.": 1.4705882352941178,
        "Squarespace Domains II LLC": 0.16339869281045752,
        "URL Solutions Inc.": 0.16339869281045752,
        "VIRTUA DRUG Kutatási Szolgáltató Korlátolt Felelősségű Társaság": 0.16339869281045752,
        "Virtualia LLC": 0.16339869281045752,
        "iNET SOFTWARE COMPANY LIMITED": 0.16339869281045752,
        "total": 100.0
    }
}