{
    "counter": {
        "Amazon Registrar, Inc.": 2,
        "Chengdu West Dimension Digital Technology Co., Ltd.": 2,
        "Communigal Communications Ltd": 4,
        "DNSPod, Inc.": 2,
        "Domain International Services Limited": 20,
        "Dynadot Inc": 46,
        "ERANET INTERNATIONAL LIMITED": 2,
        "Eranet International Limited": 22,
        "Gname.com Pte. Ltd.": 18,
        "Go Australia Domains Inc": 4,
        "Go Canada Domains Inc": 2,
        "Go Daddy, LLC": 6,
        "Go Montenegro Domains, LLC": 4,
        "GoDaddy.com, LLC": 22,
        "InsaneNames LLC": 2,
        "Name.com, Inc": 4,
        "Name.com, Inc.": 10,
        "NameCheap, Inc.": 14,
        "Namecheap": 12,
        "Spaceship, Inc.": 26,
        "Tucows Domains Inc.": 2,
        "West263 International Limited": 2,
        "eName Technology Co., Ltd.": 4,
        "total": 232
    },
    "percentage": {
        "Amazon Registrar, Inc.": 0.8620689655172413,
        "Chengdu West Dimension Digital Technology Co., Ltd.": 0.8620689655172413,
        "Communigal Communications Ltd": 1.7241379310344827,
        "DNSPod, Inc.": 0.8620689655172413,
        "Domain International Services Limited": 8.620689655172415,
        "Dynadot Inc": 19.82758620689655,
        "ERANET INTERNATIONAL LIMITED": 0.8620689655172413,
        "Eranet International Limited": 9.482758620689655,
        "Gname.com Pte. Ltd.": 7.758620689655173,
        "Go Australia Domains Inc": 1.7241379310344827,
        "Go Canada Domains Inc": 0.8620689655172413,
        "Go Daddy, LLC": 2.586206896551724,
        "Go Montenegro Domains, LLC": 1.7241379310344827,
        "GoDaddy.com, LLC": 9.482758620689655,
        "InsaneNames LLC": 0.8620689655172413,
        "Name.com, Inc": 1.7241379310344827,
        "Name.com, Inc.": 4.310344827586207,
        "NameCheap, Inc.": 6.0344827586206895,
        "Namecheap": 5.172413793103448,
        "Spaceship, Inc.": 11.206896551724139,
        "Tucows Domains Inc.": 0.8620689655172413,
        "West263 International Limited": 0.8620689655172413,
        "eName Technology Co., Ltd.": 1.7241379310344827,
        "total": 100.0
    }
}