{
    "counter": {
        "Amazon Registrar, Inc.": 8,
        "Blue Razor Domains, LLC": 2,
        "CommuniGal Communication Ltd.": 2,
        "Dynadot Inc": 24,
        "Dynadot LLC": 2,
        "Dynadot, LLC": 2,
        "ERANET INTERNATIONAL LIMITED": 2,
        "Gname 004 Inc": 2,
        "Gname 010 Inc": 2,
        "Gname.com Pte. Ltd.": 22,
        "Go Australia Domains Inc": 8,
        "Go Canada Domains Inc": 6,
        "Go China Domains Inc": 2,
        "Go Daddy, LLC": 1004,
        "Go France Domains Inc": 2,
        "Go Montenegro Domains, LLC": 6,
        "GoDaddy.com, LLC": 30,
        "HOSTINGER operations, UAB": 2,
        "InsaneNames LLC": 2,
        "NAMEMART PTE. LTD.": 2,
        "Name.com, Inc": 4,
        "Name.com, Inc.": 16,
        "NameCheap, Inc.": 20,
        "NameSilo, LLC": 2,
        "Namecheap": 10,
        "Sav.com, LLC- 6": 2,
        "Spaceship, Inc.": 18,
        "Squarespace Domains II LLC": 2,
        "URL Solutions Inc.": 2,
        "VIRTUA DRUG Kutatási Szolgáltató Korlátolt Felelősségű Társaság": 2,
        "Virtualia LLC": 2,
        "iNET SOFTWARE COMPANY LIMITED": 2,
        "total": 1214
    },
    "percentage": {
        "Amazon Registrar, Inc.": 0.6589785831960461,
        "Blue Razor Domains, LLC": 0.16474464579901152,
        "CommuniGal Communication Ltd.": 0.16474464579901152,
        "Dynadot Inc": 1.9769357495881383,
        "Dynadot LLC": 0.16474464579901152,
        "Dynadot, LLC": 0.16474464579901152,
        "ERANET INTERNATIONAL LIMITED": 0.16474464579901152,
        "Gname 004 Inc": 0.16474464579901152,
        "Gname 010 Inc": 0.16474464579901152,
        "Gname.com Pte. Ltd.": 1.812191103789127,
        "Go Australia Domains Inc": 0.6589785831960461,
        "Go Canada Domains Inc": 0.4942339373970346,
        "Go China Domains Inc": 0.16474464579901152,
        "Go Daddy, LLC": 82.70181219110378,
        "Go France Domains Inc": 0.16474464579901152,
        "Go Montenegro Domains, LLC": 0.4942339373970346,
        "GoDaddy.com, LLC": 2.471169686985173,
        "HOSTINGER operations, UAB": 0.16474464579901152,
        "InsaneNames LLC": 0.16474464579901152,
        "NAMEMART PTE. LTD.": 0.16474464579901152,
        "Name.com, Inc": 0.32948929159802304,
        "Name.com, Inc.": 1.3179571663920921,
        "NameCheap, Inc.": 1.6474464579901154,
        "NameSilo, LLC": 0.16474464579901152,
        "Namecheap": 0.8237232289950577,
        "Sav.com, LLC- 6": 0.16474464579901152,
        "Spaceship, Inc.": 1.4827018121911038,
        "Squarespace Domains II LLC": 0.16474464579901152,
        "URL Solutions Inc.": 0.16474464579901152,
        "VIRTUA DRUG Kutatási Szolgáltató Korlátolt Felelősségű Társaság": 0.16474464579901152,
        "Virtualia LLC": 0.16474464579901152,
        "iNET SOFTWARE COMPANY LIMITED": 0.16474464579901152,
        "total": 100.0
    }
}