{
    "counter": {
        "Amazon Registrar, Inc.": 8,
        "Blue Razor Domains, LLC": 2,
        "CommuniGal Communication Ltd.": 2,
        "Dynadot Inc": 28,
        "Dynadot LLC": 2,
        "Dynadot, LLC": 4,
        "ERANET INTERNATIONAL LIMITED": 2,
        "Edomains LLC": 2,
        "GMO Internet Group, Inc. d/b/a Onamae.com": 2,
        "Gname 002 Inc": 2,
        "Gname 005 Inc": 4,
        "Gname 007 Inc": 4,
        "Gname.com Pte. Ltd.": 16,
        "Go Australia Domains Inc": 6,
        "Go Canada Domains Inc": 10,
        "Go Daddy, LLC": 1058,
        "Go France Domains Inc": 2,
        "Go Montenegro Domains, LLC": 4,
        "GoDaddy.com, LLC": 32,
        "HOSTINGER operations, UAB": 2,
        "InsaneNames LLC": 2,
        "NAMEMART PTE. LTD.": 2,
        "Name.com, Inc": 4,
        "Name.com, Inc.": 12,
        "NameCheap, Inc.": 22,
        "NameSilo, LLC": 4,
        "Namecheap": 10,
        "Sav.com, LLC- 6": 2,
        "Spaceship, Inc.": 2,
        "VIRTUA DRUG Kutatási Szolgáltató Korlátolt Felelősségű Társaság": 4,
        "Virtualia LLC": 4,
        "West263 International Limited": 2,
        "Wild West Domains, Inc.": 2,
        "Xiamen ChinaSource Internet Service Co., Ltd": 2,
        "iNET SOFTWARE COMPANY LIMITED": 2,
        "total": 1268
    },
    "percentage": {
        "Amazon Registrar, Inc.": 0.6309148264984227,
        "Blue Razor Domains, LLC": 0.15772870662460567,
        "CommuniGal Communication Ltd.": 0.15772870662460567,
        "Dynadot Inc": 2.2082018927444795,
        "Dynadot LLC": 0.15772870662460567,
        "Dynadot, LLC": 0.31545741324921134,
        "ERANET INTERNATIONAL LIMITED": 0.15772870662460567,
        "Edomains LLC": 0.15772870662460567,
        "GMO Internet Group, Inc. d/b/a Onamae.com": 0.15772870662460567,
        "Gname 002 Inc": 0.15772870662460567,
        "Gname 005 Inc": 0.31545741324921134,
        "Gname 007 Inc": 0.31545741324921134,
        "Gname.com Pte. Ltd.": 1.2618296529968454,
        "Go Australia Domains Inc": 0.47318611987381703,
        "Go Canada Domains Inc": 0.7886435331230284,
        "Go Daddy, LLC": 83.4384858044164,
        "Go France Domains Inc": 0.15772870662460567,
        "Go Montenegro Domains, LLC": 0.31545741324921134,
        "GoDaddy.com, LLC": 2.5236593059936907,
        "HOSTINGER operations, UAB": 0.15772870662460567,
        "InsaneNames LLC": 0.15772870662460567,
        "NAMEMART PTE. LTD.": 0.15772870662460567,
        "Name.com, Inc": 0.31545741324921134,
        "Name.com, Inc.": 0.9463722397476341,
        "NameCheap, Inc.": 1.7350157728706626,
        "NameSilo, LLC": 0.31545741324921134,
        "Namecheap": 0.7886435331230284,
        "Sav.com, LLC- 6": 0.15772870662460567,
        "Spaceship, Inc.": 0.15772870662460567,
        "VIRTUA DRUG Kutatási Szolgáltató Korlátolt Felelősségű Társaság": 0.31545741324921134,
        "Virtualia LLC": 0.31545741324921134,
        "West263 International Limited": 0.15772870662460567,
        "Wild West Domains, Inc.": 0.15772870662460567,
        "Xiamen ChinaSource Internet Service Co., Ltd": 0.15772870662460567,
        "iNET SOFTWARE COMPANY LIMITED": 0.15772870662460567,
        "total": 100.0
    }
}