{
    "counter": {
        "Amazon Registrar, Inc.": 1,
        "Ascio Technologies, Inc. Danmark - Filial af Ascio technologies, Inc. USA": 1,
        "Blue Razor Domains, LLC": 3,
        "Chengdu West Dimension Digital Technology Co., Ltd.": 9,
        "DYNADOT, LLC": 7,
        "Dynadot LLC": 5,
        "Epik Inc.": 1,
        "Gname.com Pte. Ltd.": 1,
        "Go Australia Domains Inc": 6,
        "Go Canada Domains Inc": 5,
        "Go China Domains Inc": 4,
        "Go Daddy, LLC": 19,
        "Go France Domains Inc": 3,
        "Go Montenegro Domains, LLC": 7,
        "GoDaddy": 1,
        "GoDaddy.com, LLC": 455,
        "Key-Systems, LLC": 1,
        "NETIM": 1,
        "Name com  Inc": 2,
        "Name.com, Inc.": 40,
        "NameCheap, Inc.": 5,
        "NameSilo, LLC": 58,
        "Netcom.cm Sarl": 1,
        "PDR Ltd. d/b/a PublicDomainRegistry.com": 1,
        "Sav.com, LLC": 1,
        "URL Solutions Inc.": 4,
        "URL Solutions, Inc.": 6,
        "Web Commerce Communications Limited dba WebNic.cc": 5,
        "West263 International Limited": 10,
        "Wild West Domains, Inc.": 5,
        "eNom, LLC": 2,
        "iNET CORPORATION": 3,
        "total": 673
    },
    "percentage": {
        "Amazon Registrar, Inc.": 0.1485884101040119,
        "Ascio Technologies, Inc. Danmark - Filial af Ascio technologies, Inc. USA": 0.1485884101040119,
        "Blue Razor Domains, LLC": 0.4457652303120357,
        "Chengdu West Dimension Digital Technology Co., Ltd.": 1.337295690936107,
        "DYNADOT, LLC": 1.0401188707280833,
        "Dynadot LLC": 0.7429420505200595,
        "Epik Inc.": 0.1485884101040119,
        "Gname.com Pte. Ltd.": 0.1485884101040119,
        "Go Australia Domains Inc": 0.8915304606240714,
        "Go Canada Domains Inc": 0.7429420505200595,
        "Go China Domains Inc": 0.5943536404160475,
        "Go Daddy, LLC": 2.823179791976226,
        "Go France Domains Inc": 0.4457652303120357,
        "Go Montenegro Domains, LLC": 1.0401188707280833,
        "GoDaddy": 0.1485884101040119,
        "GoDaddy.com, LLC": 67.60772659732541,
        "Key-Systems, LLC": 0.1485884101040119,
        "NETIM": 0.1485884101040119,
        "Name com  Inc": 0.2971768202080238,
        "Name.com, Inc.": 5.943536404160476,
        "NameCheap, Inc.": 0.7429420505200595,
        "NameSilo, LLC": 8.618127786032689,
        "Netcom.cm Sarl": 0.1485884101040119,
        "PDR Ltd. d/b/a PublicDomainRegistry.com": 0.1485884101040119,
        "Sav.com, LLC": 0.1485884101040119,
        "URL Solutions Inc.": 0.5943536404160475,
        "URL Solutions, Inc.": 0.8915304606240714,
        "Web Commerce Communications Limited dba WebNic.cc": 0.7429420505200595,
        "West263 International Limited": 1.485884101040119,
        "Wild West Domains, Inc.": 0.7429420505200595,
        "eNom, LLC": 0.2971768202080238,
        "iNET CORPORATION": 0.4457652303120357,
        "total": 99.99999999999999
    }
}