{
    "counter": {
        "Amazon Registrar, Inc.": 8,
        "Dynadot Inc": 22,
        "Dynadot LLC": 4,
        "Dynadot, LLC": 4,
        "ERANET INTERNATIONAL LIMITED": 2,
        "Edomains LLC": 2,
        "GMO Internet Group, Inc. d/b/a Onamae.com": 2,
        "Gname 002 Inc": 2,
        "Gname 005 Inc": 4,
        "Gname 007 Inc": 4,
        "Gname 008 Inc": 2,
        "Gname.com Pte. Ltd.": 2,
        "Go Australia Domains Inc": 4,
        "Go Canada Domains Inc": 2,
        "Go Daddy Domains Canada, Inc": 2,
        "Go Daddy, LLC": 242,
        "Go France Domains Inc": 2,
        "Go Montenegro Domains, LLC": 6,
        "GoDaddy.com, LLC": 22,
        "HOSTINGER operations, UAB": 2,
        "InsaneNames LLC": 2,
        "NAMEMART PTE. LTD.": 2,
        "Name.com, Inc": 4,
        "Name.com, Inc.": 6,
        "NameCheap, Inc.": 10,
        "Namecheap": 6,
        "Network Solutions, LLC": 2,
        "Sav.com, LLC- 6": 2,
        "Spaceship, Inc.": 2,
        "Squarespace Domains II LLC": 2,
        "URL Solutions Inc.": 2,
        "Virtualia LLC": 4,
        "Web Commerce Communications Limited dba WebNic.cc": 2,
        "iNET SOFTWARE COMPANY LIMITED": 2,
        "total": 388
    },
    "percentage": {
        "Amazon Registrar, Inc.": 2.0618556701030926,
        "Dynadot Inc": 5.670103092783505,
        "Dynadot LLC": 1.0309278350515463,
        "Dynadot, LLC": 1.0309278350515463,
        "ERANET INTERNATIONAL LIMITED": 0.5154639175257731,
        "Edomains LLC": 0.5154639175257731,
        "GMO Internet Group, Inc. d/b/a Onamae.com": 0.5154639175257731,
        "Gname 002 Inc": 0.5154639175257731,
        "Gname 005 Inc": 1.0309278350515463,
        "Gname 007 Inc": 1.0309278350515463,
        "Gname 008 Inc": 0.5154639175257731,
        "Gname.com Pte. Ltd.": 0.5154639175257731,
        "Go Australia Domains Inc": 1.0309278350515463,
        "Go Canada Domains Inc": 0.5154639175257731,
        "Go Daddy Domains Canada, Inc": 0.5154639175257731,
        "Go Daddy, LLC": 62.371134020618555,
        "Go France Domains Inc": 0.5154639175257731,
        "Go Montenegro Domains, LLC": 1.5463917525773196,
        "GoDaddy.com, LLC": 5.670103092783505,
        "HOSTINGER operations, UAB": 0.5154639175257731,
        "InsaneNames LLC": 0.5154639175257731,
        "NAMEMART PTE. LTD.": 0.5154639175257731,
        "Name.com, Inc": 1.0309278350515463,
        "Name.com, Inc.": 1.5463917525773196,
        "NameCheap, Inc.": 2.577319587628866,
        "Namecheap": 1.5463917525773196,
        "Network Solutions, LLC": 0.5154639175257731,
        "Sav.com, LLC- 6": 0.5154639175257731,
        "Spaceship, Inc.": 0.5154639175257731,
        "Squarespace Domains II LLC": 0.5154639175257731,
        "URL Solutions Inc.": 0.5154639175257731,
        "Virtualia LLC": 1.0309278350515463,
        "Web Commerce Communications Limited dba WebNic.cc": 0.5154639175257731,
        "iNET SOFTWARE COMPANY LIMITED": 0.5154639175257731,
        "total": 100.0
    }
}