{
    "counter": {
        "Amazon Registrar, Inc.": 8,
        "Blue Razor Domains, LLC": 2,
        "CSC Corporate Domains, Inc.": 14,
        "Chengdu West Dimension Digital Technology Co., Ltd.": 6,
        "CommuniGal Communication Ltd.": 6,
        "Communigal Communications Ltd": 4,
        "Dynadot": 2,
        "Dynadot Inc": 30,
        "Dynadot LLC": 2,
        "ERANET INTERNATIONAL LIMITED": 2,
        "Edomains LLC": 2,
        "GMO Internet Group, Inc. d/b/a Onamae.com": 2,
        "Gname 002 Inc": 2,
        "Gname 005 Inc": 2,
        "Gname.com Pte. Ltd.": 18,
        "Go Australia Domains Inc": 2,
        "Go Canada Domains Inc": 2,
        "Go China Domains Inc": 2,
        "Go Daddy, LLC": 2,
        "Go France Domains Inc": 2,
        "Go Montenegro Domains, LLC": 6,
        "GoDaddy.com, LLC": 112,
        "InsaneNames LLC": 2,
        "Name.com, Inc": 4,
        "Name.com, Inc.": 12,
        "NameCheap, Inc.": 26,
        "Porkbun LLC": 2,
        "Spaceship, Inc.": 16,
        "URL Solutions, Inc.": 2,
        "Virtualia LLC": 2,
        "West263 International Limited": 2,
        "Wild West Domains, Inc.": 6,
        "iNET SOFTWARE COMPANY LIMITED": 2,
        "total": 306
    },
    "percentage": {
        "Amazon Registrar, Inc.": 2.6143790849673203,
        "Blue Razor Domains, LLC": 0.6535947712418301,
        "CSC Corporate Domains, Inc.": 4.57516339869281,
        "Chengdu West Dimension Digital Technology Co., Ltd.": 1.9607843137254901,
        "CommuniGal Communication Ltd.": 1.9607843137254901,
        "Communigal Communications Ltd": 1.3071895424836601,
        "Dynadot": 0.6535947712418301,
        "Dynadot Inc": 9.803921568627452,
        "Dynadot LLC": 0.6535947712418301,
        "ERANET INTERNATIONAL LIMITED": 0.6535947712418301,
        "Edomains LLC": 0.6535947712418301,
        "GMO Internet Group, Inc. d/b/a Onamae.com": 0.6535947712418301,
        "Gname 002 Inc": 0.6535947712418301,
        "Gname 005 Inc": 0.6535947712418301,
        "Gname.com Pte. Ltd.": 5.882352941176471,
        "Go Australia Domains Inc": 0.6535947712418301,
        "Go Canada Domains Inc": 0.6535947712418301,
        "Go China Domains Inc": 0.6535947712418301,
        "Go Daddy, LLC": 0.6535947712418301,
        "Go France Domains Inc": 0.6535947712418301,
        "Go Montenegro Domains, LLC": 1.9607843137254901,
        "GoDaddy.com, LLC": 36.60130718954248,
        "InsaneNames LLC": 0.6535947712418301,
        "Name.com, Inc": 1.3071895424836601,
        "Name.com, Inc.": 3.9215686274509802,
        "NameCheap, Inc.": 8.49673202614379,
        "Porkbun LLC": 0.6535947712418301,
        "Spaceship, Inc.": 5.228758169934641,
        "URL Solutions, Inc.": 0.6535947712418301,
        "Virtualia LLC": 0.6535947712418301,
        "West263 International Limited": 0.6535947712418301,
        "Wild West Domains, Inc.": 1.9607843137254901,
        "iNET SOFTWARE COMPANY LIMITED": 0.6535947712418301,
        "total": 100.0
    }
}