{
    "counter": {
        "Amazon Registrar, Inc.": 6,
        "Blue Razor Domains, LLC": 4,
        "CSC Corporate Domains, Inc.": 14,
        "Chengdu West Dimension Digital Technology Co., Ltd.": 2,
        "CommuniGal Communication Ltd.": 6,
        "Communigal Communications Ltd": 4,
        "Dynadot": 2,
        "Dynadot Inc": 38,
        "Dynadot LLC": 2,
        "ERANET INTERNATIONAL LIMITED": 2,
        "GMO Internet Group, Inc. d/b/a Onamae.com": 2,
        "Gname 002 Inc": 2,
        "Gname.com Pte. Ltd.": 18,
        "Go Australia Domains Inc": 4,
        "Go Canada Domains Inc": 2,
        "Go China Domains Inc": 2,
        "Go Daddy, LLC": 2,
        "Go France Domains Inc": 2,
        "Go Montenegro Domains, LLC": 10,
        "GoDaddy.com, LLC": 106,
        "InsaneNames LLC": 2,
        "Name.com, Inc": 4,
        "Name.com, Inc.": 12,
        "NameCheap, Inc.": 26,
        "Namecheap": 2,
        "Porkbun LLC": 4,
        "Spaceship, Inc.": 18,
        "URL Solutions, Inc.": 2,
        "Virtualia LLC": 2,
        "West263 International Limited": 2,
        "Wild West Domains, Inc.": 6,
        "iNET SOFTWARE COMPANY LIMITED": 2,
        "total": 312
    },
    "percentage": {
        "Amazon Registrar, Inc.": 1.9230769230769231,
        "Blue Razor Domains, LLC": 1.2820512820512822,
        "CSC Corporate Domains, Inc.": 4.487179487179487,
        "Chengdu West Dimension Digital Technology Co., Ltd.": 0.6410256410256411,
        "CommuniGal Communication Ltd.": 1.9230769230769231,
        "Communigal Communications Ltd": 1.2820512820512822,
        "Dynadot": 0.6410256410256411,
        "Dynadot Inc": 12.179487179487179,
        "Dynadot LLC": 0.6410256410256411,
        "ERANET INTERNATIONAL LIMITED": 0.6410256410256411,
        "GMO Internet Group, Inc. d/b/a Onamae.com": 0.6410256410256411,
        "Gname 002 Inc": 0.6410256410256411,
        "Gname.com Pte. Ltd.": 5.769230769230769,
        "Go Australia Domains Inc": 1.2820512820512822,
        "Go Canada Domains Inc": 0.6410256410256411,
        "Go China Domains Inc": 0.6410256410256411,
        "Go Daddy, LLC": 0.6410256410256411,
        "Go France Domains Inc": 0.6410256410256411,
        "Go Montenegro Domains, LLC": 3.2051282051282053,
        "GoDaddy.com, LLC": 33.97435897435897,
        "InsaneNames LLC": 0.6410256410256411,
        "Name.com, Inc": 1.2820512820512822,
        "Name.com, Inc.": 3.8461538461538463,
        "NameCheap, Inc.": 8.333333333333334,
        "Namecheap": 0.6410256410256411,
        "Porkbun LLC": 1.2820512820512822,
        "Spaceship, Inc.": 5.769230769230769,
        "URL Solutions, Inc.": 0.6410256410256411,
        "Virtualia LLC": 0.6410256410256411,
        "West263 International Limited": 0.6410256410256411,
        "Wild West Domains, Inc.": 1.9230769230769231,
        "iNET SOFTWARE COMPANY LIMITED": 0.6410256410256411,
        "total": 100.0
    }
}