{
    "counter": {
        "Blue Razor Domains, LLC": 2,
        "Chengdu West Dimension Digital Technology Co., Ltd.": 4,
        "Communigal Communications Ltd": 2,
        "Domain International Services Limited": 18,
        "Dynadot Inc": 42,
        "Dynadot LLC": 4,
        "ERANET INTERNATIONAL LIMITED": 2,
        "Eranet International Limited": 8,
        "Gname.com Pte. Ltd.": 18,
        "Go Australia Domains Inc": 4,
        "Go Canada Domains Inc": 4,
        "Go Daddy, LLC": 2,
        "Go Montenegro Domains, LLC": 4,
        "GoDaddy.com, LLC": 38,
        "Name.com, Inc": 2,
        "Name.com, Inc.": 12,
        "NameCheap, Inc.": 6,
        "NameSilo, LLC": 4,
        "Namecheap": 10,
        "Spaceship, Inc.": 2,
        "Tucows Domains Inc.": 2,
        "West263 International Limited": 2,
        "eName Technology Co., Ltd.": 4,
        "total": 196
    },
    "percentage": {
        "Blue Razor Domains, LLC": 1.0204081632653061,
        "Chengdu West Dimension Digital Technology Co., Ltd.": 2.0408163265306123,
        "Communigal Communications Ltd": 1.0204081632653061,
        "Domain International Services Limited": 9.183673469387756,
        "Dynadot Inc": 21.428571428571427,
        "Dynadot LLC": 2.0408163265306123,
        "ERANET INTERNATIONAL LIMITED": 1.0204081632653061,
        "Eranet International Limited": 4.081632653061225,
        "Gname.com Pte. Ltd.": 9.183673469387756,
        "Go Australia Domains Inc": 2.0408163265306123,
        "Go Canada Domains Inc": 2.0408163265306123,
        "Go Daddy, LLC": 1.0204081632653061,
        "Go Montenegro Domains, LLC": 2.0408163265306123,
        "GoDaddy.com, LLC": 19.387755102040817,
        "Name.com, Inc": 1.0204081632653061,
        "Name.com, Inc.": 6.122448979591836,
        "NameCheap, Inc.": 3.061224489795918,
        "NameSilo, LLC": 2.0408163265306123,
        "Namecheap": 5.1020408163265305,
        "Spaceship, Inc.": 1.0204081632653061,
        "Tucows Domains Inc.": 1.0204081632653061,
        "West263 International Limited": 1.0204081632653061,
        "eName Technology Co., Ltd.": 2.0408163265306123,
        "total": 100.0
    }
}