{
    "counter": {
        "Amazon Registrar, Inc.": 8,
        "Blue Razor Domains, LLC": 2,
        "Dynadot Inc": 26,
        "Dynadot LLC": 2,
        "Dynadot, LLC": 2,
        "ERANET INTERNATIONAL LIMITED": 2,
        "GMO Internet Group, Inc. d/b/a Onamae.com": 2,
        "Gname 005 Inc": 2,
        "Gname 009 Inc": 2,
        "Gname 010 Inc": 2,
        "Gname.com Pte. Ltd.": 26,
        "Go Australia Domains Inc": 8,
        "Go Canada Domains Inc": 8,
        "Go China Domains Inc": 2,
        "Go Daddy, LLC": 1052,
        "Go France Domains Inc": 4,
        "Go Montenegro Domains, LLC": 6,
        "GoDaddy.com, LLC": 26,
        "HOSTINGER operations, UAB": 2,
        "Hefei Juming Network Technology Co., Ltd": 2,
        "InsaneNames LLC": 2,
        "NAMEMART PTE. LTD.": 2,
        "Name.com, Inc": 4,
        "Name.com, Inc.": 18,
        "NameCheap, Inc.": 22,
        "NameSilo, LLC": 2,
        "Namecheap": 10,
        "Sav.com, LLC- 6": 2,
        "Spaceship, Inc.": 20,
        "Squarespace Domains II LLC": 2,
        "URL Solutions Inc.": 2,
        "VIRTUA DRUG Kutatási Szolgáltató Korlátolt Felelősségű Társaság": 2,
        "Virtualia LLC": 2,
        "iNET SOFTWARE COMPANY LIMITED": 2,
        "total": 1278
    },
    "percentage": {
        "Amazon Registrar, Inc.": 0.6259780907668232,
        "Blue Razor Domains, LLC": 0.1564945226917058,
        "Dynadot Inc": 2.0344287949921753,
        "Dynadot LLC": 0.1564945226917058,
        "Dynadot, LLC": 0.1564945226917058,
        "ERANET INTERNATIONAL LIMITED": 0.1564945226917058,
        "GMO Internet Group, Inc. d/b/a Onamae.com": 0.1564945226917058,
        "Gname 005 Inc": 0.1564945226917058,
        "Gname 009 Inc": 0.1564945226917058,
        "Gname 010 Inc": 0.1564945226917058,
        "Gname.com Pte. Ltd.": 2.0344287949921753,
        "Go Australia Domains Inc": 0.6259780907668232,
        "Go Canada Domains Inc": 0.6259780907668232,
        "Go China Domains Inc": 0.1564945226917058,
        "Go Daddy, LLC": 82.31611893583725,
        "Go France Domains Inc": 0.3129890453834116,
        "Go Montenegro Domains, LLC": 0.4694835680751174,
        "GoDaddy.com, LLC": 2.0344287949921753,
        "HOSTINGER operations, UAB": 0.1564945226917058,
        "Hefei Juming Network Technology Co., Ltd": 0.1564945226917058,
        "InsaneNames LLC": 0.1564945226917058,
        "NAMEMART PTE. LTD.": 0.1564945226917058,
        "Name.com, Inc": 0.3129890453834116,
        "Name.com, Inc.": 1.408450704225352,
        "NameCheap, Inc.": 1.7214397496087637,
        "NameSilo, LLC": 0.1564945226917058,
        "Namecheap": 0.7824726134585289,
        "Sav.com, LLC- 6": 0.1564945226917058,
        "Spaceship, Inc.": 1.5649452269170578,
        "Squarespace Domains II LLC": 0.1564945226917058,
        "URL Solutions Inc.": 0.1564945226917058,
        "VIRTUA DRUG Kutatási Szolgáltató Korlátolt Felelősségű Társaság": 0.1564945226917058,
        "Virtualia LLC": 0.1564945226917058,
        "iNET SOFTWARE COMPANY LIMITED": 0.1564945226917058,
        "total": 100.0
    }
}