{
    "counter": {
        "Amazon Registrar, Inc.": 8,
        "Blue Razor Domains, LLC": 2,
        "Dynadot Inc": 26,
        "Dynadot LLC": 2,
        "Dynadot, LLC": 2,
        "ERANET INTERNATIONAL LIMITED": 2,
        "GMO Internet Group, Inc. d/b/a Onamae.com": 2,
        "Gname 008 Inc": 2,
        "Gname 010 Inc": 2,
        "Gname.com Pte. Ltd.": 30,
        "Go Australia Domains Inc": 8,
        "Go Canada Domains Inc": 8,
        "Go China Domains Inc": 2,
        "Go Daddy, LLC": 1066,
        "Go France Domains Inc": 4,
        "Go Montenegro Domains, LLC": 6,
        "GoDaddy.com, LLC": 20,
        "HOSTINGER operations, UAB": 2,
        "InsaneNames LLC": 2,
        "NAMEMART PTE. LTD.": 2,
        "Name.com, Inc": 4,
        "Name.com, Inc.": 16,
        "NameCheap, Inc.": 24,
        "NameSilo, LLC": 2,
        "Namecheap": 12,
        "Namecheap, Inc.": 2,
        "Sav.com, LLC- 6": 2,
        "Spaceship, Inc.": 14,
        "Squarespace Domains II LLC": 2,
        "VIRTUA DRUG Kutatási Szolgáltató Korlátolt Felelősségű Társaság": 2,
        "Virtualia LLC": 2,
        "Wild West Domains, Inc.": 2,
        "iNET SOFTWARE COMPANY LIMITED": 2,
        "total": 1284
    },
    "percentage": {
        "Amazon Registrar, Inc.": 0.6230529595015576,
        "Blue Razor Domains, LLC": 0.1557632398753894,
        "Dynadot Inc": 2.0249221183800623,
        "Dynadot LLC": 0.1557632398753894,
        "Dynadot, LLC": 0.1557632398753894,
        "ERANET INTERNATIONAL LIMITED": 0.1557632398753894,
        "GMO Internet Group, Inc. d/b/a Onamae.com": 0.1557632398753894,
        "Gname 008 Inc": 0.1557632398753894,
        "Gname 010 Inc": 0.1557632398753894,
        "Gname.com Pte. Ltd.": 2.336448598130841,
        "Go Australia Domains Inc": 0.6230529595015576,
        "Go Canada Domains Inc": 0.6230529595015576,
        "Go China Domains Inc": 0.1557632398753894,
        "Go Daddy, LLC": 83.02180685358256,
        "Go France Domains Inc": 0.3115264797507788,
        "Go Montenegro Domains, LLC": 0.4672897196261682,
        "GoDaddy.com, LLC": 1.557632398753894,
        "HOSTINGER operations, UAB": 0.1557632398753894,
        "InsaneNames LLC": 0.1557632398753894,
        "NAMEMART PTE. LTD.": 0.1557632398753894,
        "Name.com, Inc": 0.3115264797507788,
        "Name.com, Inc.": 1.2461059190031152,
        "NameCheap, Inc.": 1.8691588785046729,
        "NameSilo, LLC": 0.1557632398753894,
        "Namecheap": 0.9345794392523364,
        "Namecheap, Inc.": 0.1557632398753894,
        "Sav.com, LLC- 6": 0.1557632398753894,
        "Spaceship, Inc.": 1.0903426791277258,
        "Squarespace Domains II LLC": 0.1557632398753894,
        "VIRTUA DRUG Kutatási Szolgáltató Korlátolt Felelősségű Társaság": 0.1557632398753894,
        "Virtualia LLC": 0.1557632398753894,
        "Wild West Domains, Inc.": 0.1557632398753894,
        "iNET SOFTWARE COMPANY LIMITED": 0.1557632398753894,
        "total": 100.0
    }
}