{
    "counter": {
        "Blue Razor Domains, LLC": 20,
        "Domain International Services Limited": 2,
        "Dynadot Inc": 20,
        "ERANET INTERNATIONAL LIMITED": 2,
        "Gname 002 Inc": 2,
        "Gname 003 Inc": 2,
        "Gname.com Pte. Ltd.": 16,
        "Go Australia Domains Inc": 18,
        "Go Canada Domains Inc": 28,
        "Go China Domains Inc": 8,
        "Go France Domains Inc": 16,
        "Go Montenegro Domains, LLC": 16,
        "GoDaddy.com, LLC": 24,
        "Name.com, Inc": 2,
        "Name.com, Inc.": 6,
        "NameSilo, LLC": 16,
        "Namecheap": 2,
        "Sav.com, LLC - 23": 2,
        "Sav.com, LLC- 6": 2,
        "Spaceship, Inc.": 26,
        "Wild West Domains, Inc.": 10,
        "eName Technology Co., Ltd.": 2,
        "total": 242
    },
    "percentage": {
        "Blue Razor Domains, LLC": 8.264462809917354,
        "Domain International Services Limited": 0.8264462809917356,
        "Dynadot Inc": 8.264462809917354,
        "ERANET INTERNATIONAL LIMITED": 0.8264462809917356,
        "Gname 002 Inc": 0.8264462809917356,
        "Gname 003 Inc": 0.8264462809917356,
        "Gname.com Pte. Ltd.": 6.6115702479338845,
        "Go Australia Domains Inc": 7.43801652892562,
        "Go Canada Domains Inc": 11.570247933884298,
        "Go China Domains Inc": 3.3057851239669422,
        "Go France Domains Inc": 6.6115702479338845,
        "Go Montenegro Domains, LLC": 6.6115702479338845,
        "GoDaddy.com, LLC": 9.917355371900827,
        "Name.com, Inc": 0.8264462809917356,
        "Name.com, Inc.": 2.479338842975207,
        "NameSilo, LLC": 6.6115702479338845,
        "Namecheap": 0.8264462809917356,
        "Sav.com, LLC - 23": 0.8264462809917356,
        "Sav.com, LLC- 6": 0.8264462809917356,
        "Spaceship, Inc.": 10.743801652892563,
        "Wild West Domains, Inc.": 4.132231404958677,
        "eName Technology Co., Ltd.": 0.8264462809917356,
        "total": 100.0
    }
}