{
    "counter": {
        "Chengdu West Dimension Digital Technology Co., Ltd.": 4,
        "Communigal Communications Ltd": 2,
        "Domain International Services Limited": 18,
        "Dynadot Inc": 26,
        "Dynadot LLC": 2,
        "ERANET INTERNATIONAL LIMITED": 2,
        "Eranet International Limited": 8,
        "Gname.com Pte. Ltd.": 16,
        "Go Australia Domains Inc": 4,
        "Go Canada Domains Inc": 2,
        "Go Montenegro Domains, LLC": 4,
        "GoDaddy.com, LLC": 18,
        "Name.com, Inc": 2,
        "Name.com, Inc.": 8,
        "NameCheap, Inc.": 4,
        "NameSilo, LLC": 2,
        "Namecheap": 10,
        "Spaceship, Inc.": 2,
        "Tucows Domains Inc.": 2,
        "West263 International Limited": 2,
        "eName Technology Co., Ltd.": 4,
        "total": 142
    },
    "percentage": {
        "Chengdu West Dimension Digital Technology Co., Ltd.": 2.816901408450704,
        "Communigal Communications Ltd": 1.408450704225352,
        "Domain International Services Limited": 12.67605633802817,
        "Dynadot Inc": 18.309859154929576,
        "Dynadot LLC": 1.408450704225352,
        "ERANET INTERNATIONAL LIMITED": 1.408450704225352,
        "Eranet International Limited": 5.633802816901408,
        "Gname.com Pte. Ltd.": 11.267605633802816,
        "Go Australia Domains Inc": 2.816901408450704,
        "Go Canada Domains Inc": 1.408450704225352,
        "Go Montenegro Domains, LLC": 2.816901408450704,
        "GoDaddy.com, LLC": 12.67605633802817,
        "Name.com, Inc": 1.408450704225352,
        "Name.com, Inc.": 5.633802816901408,
        "NameCheap, Inc.": 2.816901408450704,
        "NameSilo, LLC": 1.408450704225352,
        "Namecheap": 7.042253521126761,
        "Spaceship, Inc.": 1.408450704225352,
        "Tucows Domains Inc.": 1.408450704225352,
        "West263 International Limited": 1.408450704225352,
        "eName Technology Co., Ltd.": 2.816901408450704,
        "total": 100.0
    }
}