{
    "counter": {
        "Amazon Registrar, Inc.": 4,
        "Blue Razor Domains, LLC": 4,
        "Chengdu West Dimension Digital Technology Co., Ltd.": 4,
        "Communigal Communications Ltd": 2,
        "Domain International Services Limited": 22,
        "Dynadot Inc": 46,
        "Dynadot LLC": 4,
        "ERANET INTERNATIONAL LIMITED": 2,
        "Eranet International Limited": 10,
        "GMO Internet Group, Inc. d/b/a Onamae.com": 4,
        "Gname.com Pte. Ltd.": 22,
        "Go Australia Domains Inc": 6,
        "Go Canada Domains Inc": 4,
        "Go Daddy, LLC": 508,
        "Go Montenegro Domains, LLC": 4,
        "GoDaddy.com, LLC": 54,
        "HOSTINGER operations, UAB": 2,
        "InsaneNames LLC": 2,
        "July Name Limited": 2,
        "Name.com, Inc": 4,
        "Name.com, Inc.": 14,
        "NameCheap, Inc.": 20,
        "NameSilo, LLC": 4,
        "Namecheap": 14,
        "Spaceship, Inc.": 32,
        "Squarespace Domains II LLC": 2,
        "Tucows Domains Inc.": 2,
        "West263 International Limited": 2,
        "eName Technology Co., Ltd.": 4,
        "iNET SOFTWARE COMPANY LIMITED": 2,
        "total": 806
    },
    "percentage": {
        "Amazon Registrar, Inc.": 0.49627791563275436,
        "Blue Razor Domains, LLC": 0.49627791563275436,
        "Chengdu West Dimension Digital Technology Co., Ltd.": 0.49627791563275436,
        "Communigal Communications Ltd": 0.24813895781637718,
        "Domain International Services Limited": 2.729528535980149,
        "Dynadot Inc": 5.707196029776675,
        "Dynadot LLC": 0.49627791563275436,
        "ERANET INTERNATIONAL LIMITED": 0.24813895781637718,
        "Eranet International Limited": 1.2406947890818858,
        "GMO Internet Group, Inc. d/b/a Onamae.com": 0.49627791563275436,
        "Gname.com Pte. Ltd.": 2.729528535980149,
        "Go Australia Domains Inc": 0.7444168734491315,
        "Go Canada Domains Inc": 0.49627791563275436,
        "Go Daddy, LLC": 63.0272952853598,
        "Go Montenegro Domains, LLC": 0.49627791563275436,
        "GoDaddy.com, LLC": 6.699751861042183,
        "HOSTINGER operations, UAB": 0.24813895781637718,
        "InsaneNames LLC": 0.24813895781637718,
        "July Name Limited": 0.24813895781637718,
        "Name.com, Inc": 0.49627791563275436,
        "Name.com, Inc.": 1.7369727047146402,
        "NameCheap, Inc.": 2.4813895781637716,
        "NameSilo, LLC": 0.49627791563275436,
        "Namecheap": 1.7369727047146402,
        "Spaceship, Inc.": 3.970223325062035,
        "Squarespace Domains II LLC": 0.24813895781637718,
        "Tucows Domains Inc.": 0.24813895781637718,
        "West263 International Limited": 0.24813895781637718,
        "eName Technology Co., Ltd.": 0.49627791563275436,
        "iNET SOFTWARE COMPANY LIMITED": 0.24813895781637718,
        "total": 100.0
    }
}