{
    "counter": {
        "Amazon Registrar, Inc.": 8,
        "Blue Razor Domains, LLC": 2,
        "Dynadot Inc": 24,
        "Dynadot LLC": 2,
        "Dynadot, LLC": 2,
        "ERANET INTERNATIONAL LIMITED": 2,
        "GMO Internet Group, Inc. d/b/a Onamae.com": 2,
        "Gname 010 Inc": 2,
        "Gname.com Pte. Ltd.": 26,
        "Go Australia Domains Inc": 8,
        "Go Canada Domains Inc": 8,
        "Go China Domains Inc": 2,
        "Go Daddy, LLC": 1016,
        "Go France Domains Inc": 4,
        "Go Montenegro Domains, LLC": 6,
        "GoDaddy.com, LLC": 28,
        "HOSTINGER operations, UAB": 2,
        "Hefei Juming Network Technology Co., Ltd": 2,
        "InsaneNames LLC": 2,
        "July Name Limited": 2,
        "NAMEMART PTE. LTD.": 2,
        "Name.com, Inc": 4,
        "Name.com, Inc.": 14,
        "NameCheap, Inc.": 20,
        "NameSilo, LLC": 2,
        "Namecheap": 10,
        "Sav.com, LLC- 6": 2,
        "Spaceship, Inc.": 18,
        "Squarespace Domains II LLC": 2,
        "URL Solutions Inc.": 2,
        "VIRTUA DRUG Kutatási Szolgáltató Korlátolt Felelősségű Társaság": 2,
        "Virtualia LLC": 2,
        "iNET SOFTWARE COMPANY LIMITED": 2,
        "total": 1232
    },
    "percentage": {
        "Amazon Registrar, Inc.": 0.6493506493506493,
        "Blue Razor Domains, LLC": 0.16233766233766234,
        "Dynadot Inc": 1.948051948051948,
        "Dynadot LLC": 0.16233766233766234,
        "Dynadot, LLC": 0.16233766233766234,
        "ERANET INTERNATIONAL LIMITED": 0.16233766233766234,
        "GMO Internet Group, Inc. d/b/a Onamae.com": 0.16233766233766234,
        "Gname 010 Inc": 0.16233766233766234,
        "Gname.com Pte. Ltd.": 2.1103896103896105,
        "Go Australia Domains Inc": 0.6493506493506493,
        "Go Canada Domains Inc": 0.6493506493506493,
        "Go China Domains Inc": 0.16233766233766234,
        "Go Daddy, LLC": 82.46753246753246,
        "Go France Domains Inc": 0.3246753246753247,
        "Go Montenegro Domains, LLC": 0.487012987012987,
        "GoDaddy.com, LLC": 2.272727272727273,
        "HOSTINGER operations, UAB": 0.16233766233766234,
        "Hefei Juming Network Technology Co., Ltd": 0.16233766233766234,
        "InsaneNames LLC": 0.16233766233766234,
        "July Name Limited": 0.16233766233766234,
        "NAMEMART PTE. LTD.": 0.16233766233766234,
        "Name.com, Inc": 0.3246753246753247,
        "Name.com, Inc.": 1.1363636363636365,
        "NameCheap, Inc.": 1.6233766233766234,
        "NameSilo, LLC": 0.16233766233766234,
        "Namecheap": 0.8116883116883117,
        "Sav.com, LLC- 6": 0.16233766233766234,
        "Spaceship, Inc.": 1.4610389610389611,
        "Squarespace Domains II LLC": 0.16233766233766234,
        "URL Solutions Inc.": 0.16233766233766234,
        "VIRTUA DRUG Kutatási Szolgáltató Korlátolt Felelősségű Társaság": 0.16233766233766234,
        "Virtualia LLC": 0.16233766233766234,
        "iNET SOFTWARE COMPANY LIMITED": 0.16233766233766234,
        "total": 100.0
    }
}