{
    "counter": {
        "Amazon Registrar, Inc.": 8,
        "Blue Razor Domains, LLC": 2,
        "Dynadot Inc": 24,
        "Dynadot LLC": 2,
        "Dynadot, LLC": 2,
        "ERANET INTERNATIONAL LIMITED": 2,
        "GMO Internet Group, Inc. d/b/a Onamae.com": 2,
        "Gname 010 Inc": 2,
        "Gname.com Pte. Ltd.": 26,
        "Go Australia Domains Inc": 8,
        "Go Canada Domains Inc": 8,
        "Go China Domains Inc": 2,
        "Go Daddy, LLC": 1050,
        "Go France Domains Inc": 4,
        "Go Montenegro Domains, LLC": 6,
        "GoDaddy.com, LLC": 30,
        "HOSTINGER operations, UAB": 2,
        "Hefei Juming Network Technology Co., Ltd": 2,
        "InsaneNames LLC": 2,
        "July Name Limited": 2,
        "NAMEMART PTE. LTD.": 2,
        "Name.com, Inc": 4,
        "Name.com, Inc.": 14,
        "NameCheap, Inc.": 20,
        "NameSilo, LLC": 2,
        "Namecheap": 10,
        "Sav.com, LLC- 6": 2,
        "Spaceship, Inc.": 18,
        "Squarespace Domains II LLC": 2,
        "URL Solutions Inc.": 2,
        "VIRTUA DRUG Kutatási Szolgáltató Korlátolt Felelősségű Társaság": 2,
        "Virtualia LLC": 2,
        "iNET SOFTWARE COMPANY LIMITED": 2,
        "total": 1268
    },
    "percentage": {
        "Amazon Registrar, Inc.": 0.6309148264984227,
        "Blue Razor Domains, LLC": 0.15772870662460567,
        "Dynadot Inc": 1.8927444794952681,
        "Dynadot LLC": 0.15772870662460567,
        "Dynadot, LLC": 0.15772870662460567,
        "ERANET INTERNATIONAL LIMITED": 0.15772870662460567,
        "GMO Internet Group, Inc. d/b/a Onamae.com": 0.15772870662460567,
        "Gname 010 Inc": 0.15772870662460567,
        "Gname.com Pte. Ltd.": 2.050473186119874,
        "Go Australia Domains Inc": 0.6309148264984227,
        "Go Canada Domains Inc": 0.6309148264984227,
        "Go China Domains Inc": 0.15772870662460567,
        "Go Daddy, LLC": 82.80757097791798,
        "Go France Domains Inc": 0.31545741324921134,
        "Go Montenegro Domains, LLC": 0.47318611987381703,
        "GoDaddy.com, LLC": 2.365930599369085,
        "HOSTINGER operations, UAB": 0.15772870662460567,
        "Hefei Juming Network Technology Co., Ltd": 0.15772870662460567,
        "InsaneNames LLC": 0.15772870662460567,
        "July Name Limited": 0.15772870662460567,
        "NAMEMART PTE. LTD.": 0.15772870662460567,
        "Name.com, Inc": 0.31545741324921134,
        "Name.com, Inc.": 1.1041009463722398,
        "NameCheap, Inc.": 1.5772870662460567,
        "NameSilo, LLC": 0.15772870662460567,
        "Namecheap": 0.7886435331230284,
        "Sav.com, LLC- 6": 0.15772870662460567,
        "Spaceship, Inc.": 1.4195583596214512,
        "Squarespace Domains II LLC": 0.15772870662460567,
        "URL Solutions Inc.": 0.15772870662460567,
        "VIRTUA DRUG Kutatási Szolgáltató Korlátolt Felelősségű Társaság": 0.15772870662460567,
        "Virtualia LLC": 0.15772870662460567,
        "iNET SOFTWARE COMPANY LIMITED": 0.15772870662460567,
        "total": 100.0
    }
}