{
    "counter": {
        "Alibaba Cloud Computing Ltd. d/b/a HiChina (www.net.cn)": 2,
        "CommuniGal Communication Ltd.": 2,
        "Communigal Communications Ltd": 4,
        "DNSPod, Inc.": 2,
        "Domain International Services Limited": 26,
        "Dynadot Inc": 60,
        "Dynadot LLC": 30,
        "Eranet International Limited": 12,
        "Gname.com Pte. Ltd.": 30,
        "Go Australia Domains Inc": 8,
        "Go Canada Domains Inc": 2,
        "Go Daddy, LLC": 8,
        "GoDaddy.com, LLC": 16,
        "InsaneNames LLC": 2,
        "NAMECHEAP": 2,
        "Name.com, Inc": 14,
        "Name.com, Inc.": 4,
        "NameCheap, Inc.": 12,
        "NameSilo, LLC": 6,
        "Namecheap": 18,
        "Porkbun LLC": 2,
        "Sav.com LLC": 6,
        "Sav.com, LLC - 40": 2,
        "Spaceship, Inc.": 34,
        "West263 International Limited": 6,
        "Wild West Domains, Inc.": 4,
        "total": 314
    },
    "percentage": {
        "Alibaba Cloud Computing Ltd. d/b/a HiChina (www.net.cn)": 0.6369426751592356,
        "CommuniGal Communication Ltd.": 0.6369426751592356,
        "Communigal Communications Ltd": 1.2738853503184713,
        "DNSPod, Inc.": 0.6369426751592356,
        "Domain International Services Limited": 8.280254777070065,
        "Dynadot Inc": 19.10828025477707,
        "Dynadot LLC": 9.554140127388536,
        "Eranet International Limited": 3.821656050955414,
        "Gname.com Pte. Ltd.": 9.554140127388536,
        "Go Australia Domains Inc": 2.5477707006369426,
        "Go Canada Domains Inc": 0.6369426751592356,
        "Go Daddy, LLC": 2.5477707006369426,
        "GoDaddy.com, LLC": 5.095541401273885,
        "InsaneNames LLC": 0.6369426751592356,
        "NAMECHEAP": 0.6369426751592356,
        "Name.com, Inc": 4.45859872611465,
        "Name.com, Inc.": 1.2738853503184713,
        "NameCheap, Inc.": 3.821656050955414,
        "NameSilo, LLC": 1.910828025477707,
        "Namecheap": 5.732484076433121,
        "Porkbun LLC": 0.6369426751592356,
        "Sav.com LLC": 1.910828025477707,
        "Sav.com, LLC - 40": 0.6369426751592356,
        "Spaceship, Inc.": 10.828025477707007,
        "West263 International Limited": 1.910828025477707,
        "Wild West Domains, Inc.": 1.2738853503184713,
        "total": 100.0
    }
}