{
    "counter": {
        "CSC Corporate Domains, Inc.": 12,
        "Chengdu West Dimension Digital Technology Co., Ltd.": 6,
        "Dynadot Inc": 20,
        "Dynadot LLC": 2,
        "ERANET INTERNATIONAL LIMITED": 2,
        "Edomains LLC": 2,
        "GMO Internet Group, Inc. d/b/a Onamae.com": 2,
        "Gname.com Pte. Ltd.": 16,
        "Go Australia Domains Inc": 2,
        "Go Montenegro Domains, LLC": 4,
        "GoDaddy.com, LLC": 10,
        "Name.com, Inc": 4,
        "Name.com, Inc.": 8,
        "NameCheap, Inc.": 4,
        "URL Solutions, Inc.": 2,
        "VIRTUA DRUG Kutatási Szolgáltató Korlátolt Felelősségű Társaság": 2,
        "West263 International Limited": 2,
        "Wild West Domains, Inc.": 2,
        "total": 102
    },
    "percentage": {
        "CSC Corporate Domains, Inc.": 11.764705882352942,
        "Chengdu West Dimension Digital Technology Co., Ltd.": 5.882352941176471,
        "Dynadot Inc": 19.607843137254903,
        "Dynadot LLC": 1.9607843137254901,
        "ERANET INTERNATIONAL LIMITED": 1.9607843137254901,
        "Edomains LLC": 1.9607843137254901,
        "GMO Internet Group, Inc. d/b/a Onamae.com": 1.9607843137254901,
        "Gname.com Pte. Ltd.": 15.686274509803921,
        "Go Australia Domains Inc": 1.9607843137254901,
        "Go Montenegro Domains, LLC": 3.9215686274509802,
        "GoDaddy.com, LLC": 9.803921568627452,
        "Name.com, Inc": 3.9215686274509802,
        "Name.com, Inc.": 7.8431372549019605,
        "NameCheap, Inc.": 3.9215686274509802,
        "URL Solutions, Inc.": 1.9607843137254901,
        "VIRTUA DRUG Kutatási Szolgáltató Korlátolt Felelősségű Társaság": 1.9607843137254901,
        "West263 International Limited": 1.9607843137254901,
        "Wild West Domains, Inc.": 1.9607843137254901,
        "total": 100.0
    }
}