{
    "counter": {
        "Amazon Registrar, Inc.": 2,
        "Blue Razor Domains, LLC": 2,
        "Communigal Communications Ltd": 4,
        "Dynadot": 2,
        "Dynadot Inc": 26,
        "Dynadot LLC": 4,
        "ERANET INTERNATIONAL LIMITED": 2,
        "Edomains LLC": 2,
        "GMO Internet Group, Inc. d/b/a Onamae.com": 2,
        "Gname 010 Inc": 2,
        "Gname.com Pte. Ltd.": 18,
        "Go Australia Domains Inc": 4,
        "Go Canada Domains Inc": 6,
        "Go Daddy, LLC": 26,
        "Go France Domains Inc": 2,
        "Go Montenegro Domains, LLC": 2,
        "GoDaddy.com, LLC": 14,
        "InsaneNames LLC": 2,
        "Name.com, Inc": 4,
        "Name.com, Inc.": 4,
        "NameCheap, Inc.": 6,
        "NameSilo, LLC": 2,
        "Spaceship, Inc.": 10,
        "VIRTUA DRUG Kutatási Szolgáltató Korlátolt Felelősségű Társaság": 2,
        "Virtualia LLC": 2,
        "total": 152
    },
    "percentage": {
        "Amazon Registrar, Inc.": 1.3157894736842106,
        "Blue Razor Domains, LLC": 1.3157894736842106,
        "Communigal Communications Ltd": 2.6315789473684212,
        "Dynadot": 1.3157894736842106,
        "Dynadot Inc": 17.105263157894736,
        "Dynadot LLC": 2.6315789473684212,
        "ERANET INTERNATIONAL LIMITED": 1.3157894736842106,
        "Edomains LLC": 1.3157894736842106,
        "GMO Internet Group, Inc. d/b/a Onamae.com": 1.3157894736842106,
        "Gname 010 Inc": 1.3157894736842106,
        "Gname.com Pte. Ltd.": 11.842105263157896,
        "Go Australia Domains Inc": 2.6315789473684212,
        "Go Canada Domains Inc": 3.9473684210526314,
        "Go Daddy, LLC": 17.105263157894736,
        "Go France Domains Inc": 1.3157894736842106,
        "Go Montenegro Domains, LLC": 1.3157894736842106,
        "GoDaddy.com, LLC": 9.210526315789474,
        "InsaneNames LLC": 1.3157894736842106,
        "Name.com, Inc": 2.6315789473684212,
        "Name.com, Inc.": 2.6315789473684212,
        "NameCheap, Inc.": 3.9473684210526314,
        "NameSilo, LLC": 1.3157894736842106,
        "Spaceship, Inc.": 6.578947368421052,
        "VIRTUA DRUG Kutatási Szolgáltató Korlátolt Felelősségű Társaság": 1.3157894736842106,
        "Virtualia LLC": 1.3157894736842106,
        "total": 100.0
    }
}