{
    "counter": {
        "Chengdu West Dimension Digital Technology Co., Ltd.": 2,
        "Communigal Communications Ltd": 2,
        "Domain International Services Limited": 24,
        "Dynadot Inc": 56,
        "Dynadot LLC": 24,
        "ERANET INTERNATIONAL LIMITED": 10,
        "Eranet International Limited": 12,
        "Gname.com Pte. Ltd.": 26,
        "Go Australia Domains Inc": 6,
        "Go Canada Domains Inc": 2,
        "Go Daddy, LLC": 10,
        "Go Montenegro Domains, LLC": 2,
        "GoDaddy.com, LLC": 4,
        "Name.com, Inc.": 4,
        "NameCheap, Inc.": 6,
        "NameSilo, LLC": 4,
        "Namecheap": 16,
        "Sav.com LLC": 4,
        "Spaceship, Inc.": 16,
        "Tucows Domains Inc.": 2,
        "West263 International Limited": 8,
        "eName Technology Co., Ltd.": 4,
        "total": 244
    },
    "percentage": {
        "Chengdu West Dimension Digital Technology Co., Ltd.": 0.819672131147541,
        "Communigal Communications Ltd": 0.819672131147541,
        "Domain International Services Limited": 9.836065573770492,
        "Dynadot Inc": 22.950819672131146,
        "Dynadot LLC": 9.836065573770492,
        "ERANET INTERNATIONAL LIMITED": 4.098360655737705,
        "Eranet International Limited": 4.918032786885246,
        "Gname.com Pte. Ltd.": 10.655737704918034,
        "Go Australia Domains Inc": 2.459016393442623,
        "Go Canada Domains Inc": 0.819672131147541,
        "Go Daddy, LLC": 4.098360655737705,
        "Go Montenegro Domains, LLC": 0.819672131147541,
        "GoDaddy.com, LLC": 1.639344262295082,
        "Name.com, Inc.": 1.639344262295082,
        "NameCheap, Inc.": 2.459016393442623,
        "NameSilo, LLC": 1.639344262295082,
        "Namecheap": 6.557377049180328,
        "Sav.com LLC": 1.639344262295082,
        "Spaceship, Inc.": 6.557377049180328,
        "Tucows Domains Inc.": 0.819672131147541,
        "West263 International Limited": 3.278688524590164,
        "eName Technology Co., Ltd.": 1.639344262295082,
        "total": 100.0
    }
}