{
    "counter": {
        "Amazon Registrar, Inc.": 8,
        "Blue Razor Domains, LLC": 2,
        "Chengdu West Dimension Digital Technology Co., Ltd.": 2,
        "CommuniGal Communication Ltd.": 2,
        "Dynadot Inc": 26,
        "Dynadot LLC": 2,
        "Dynadot, LLC": 2,
        "ERANET INTERNATIONAL LIMITED": 2,
        "GMO Internet Group, Inc. d/b/a Onamae.com": 2,
        "Gname 004 Inc": 2,
        "Gname 010 Inc": 4,
        "Gname.com Pte. Ltd.": 22,
        "Go Australia Domains Inc": 8,
        "Go Canada Domains Inc": 8,
        "Go China Domains Inc": 2,
        "Go Daddy, LLC": 848,
        "Go France Domains Inc": 2,
        "Go Montenegro Domains, LLC": 6,
        "GoDaddy.com, LLC": 30,
        "HOSTINGER operations, UAB": 2,
        "InsaneNames LLC": 2,
        "NAMEMART PTE. LTD.": 2,
        "Name.com, Inc": 4,
        "Name.com, Inc.": 16,
        "NameCheap, Inc.": 20,
        "NameSilo, LLC": 2,
        "Namecheap": 10,
        "Sav.com, LLC- 6": 2,
        "Spaceship, Inc.": 18,
        "Squarespace Domains II LLC": 2,
        "URL Solutions Inc.": 2,
        "VIRTUA DRUG Kutatási Szolgáltató Korlátolt Felelősségű Társaság": 2,
        "Virtualia LLC": 2,
        "iNET SOFTWARE COMPANY LIMITED": 2,
        "total": 1068
    },
    "percentage": {
        "Amazon Registrar, Inc.": 0.7490636704119851,
        "Blue Razor Domains, LLC": 0.18726591760299627,
        "Chengdu West Dimension Digital Technology Co., Ltd.": 0.18726591760299627,
        "CommuniGal Communication Ltd.": 0.18726591760299627,
        "Dynadot Inc": 2.4344569288389515,
        "Dynadot LLC": 0.18726591760299627,
        "Dynadot, LLC": 0.18726591760299627,
        "ERANET INTERNATIONAL LIMITED": 0.18726591760299627,
        "GMO Internet Group, Inc. d/b/a Onamae.com": 0.18726591760299627,
        "Gname 004 Inc": 0.18726591760299627,
        "Gname 010 Inc": 0.37453183520599254,
        "Gname.com Pte. Ltd.": 2.059925093632959,
        "Go Australia Domains Inc": 0.7490636704119851,
        "Go Canada Domains Inc": 0.7490636704119851,
        "Go China Domains Inc": 0.18726591760299627,
        "Go Daddy, LLC": 79.40074906367042,
        "Go France Domains Inc": 0.18726591760299627,
        "Go Montenegro Domains, LLC": 0.5617977528089888,
        "GoDaddy.com, LLC": 2.808988764044944,
        "HOSTINGER operations, UAB": 0.18726591760299627,
        "InsaneNames LLC": 0.18726591760299627,
        "NAMEMART PTE. LTD.": 0.18726591760299627,
        "Name.com, Inc": 0.37453183520599254,
        "Name.com, Inc.": 1.4981273408239701,
        "NameCheap, Inc.": 1.8726591760299625,
        "NameSilo, LLC": 0.18726591760299627,
        "Namecheap": 0.9363295880149812,
        "Sav.com, LLC- 6": 0.18726591760299627,
        "Spaceship, Inc.": 1.6853932584269662,
        "Squarespace Domains II LLC": 0.18726591760299627,
        "URL Solutions Inc.": 0.18726591760299627,
        "VIRTUA DRUG Kutatási Szolgáltató Korlátolt Felelősségű Társaság": 0.18726591760299627,
        "Virtualia LLC": 0.18726591760299627,
        "iNET SOFTWARE COMPANY LIMITED": 0.18726591760299627,
        "total": 100.0
    }
}