{
    "counter": {
        "Alibaba Cloud Computing Ltd. d/b/a HiChina (www.net.cn)": 2,
        "Amazon Registrar, Inc.": 2,
        "CommuniGal Communication Ltd.": 2,
        "Communigal Communications Ltd": 4,
        "DNSPod, Inc.": 2,
        "Domain International Services Limited": 26,
        "Dynadot Inc": 56,
        "Dynadot LLC": 26,
        "ERANET INTERNATIONAL LIMITED": 8,
        "Eranet International Limited": 12,
        "Gname.com Pte. Ltd.": 30,
        "Go Australia Domains Inc": 10,
        "Go Canada Domains Inc": 2,
        "Go Daddy, LLC": 16,
        "Go Montenegro Domains, LLC": 2,
        "GoDaddy.com, LLC": 14,
        "InsaneNames LLC": 2,
        "NAMECHEAP": 2,
        "Name.com, Inc": 14,
        "Name.com, Inc.": 4,
        "NameCheap, Inc.": 16,
        "NameSilo, LLC": 6,
        "Namecheap": 18,
        "Porkbun LLC": 2,
        "Sav.com LLC": 6,
        "Sav.com, LLC - 40": 2,
        "Spaceship, Inc.": 30,
        "Tucows Domains Inc.": 2,
        "West263 International Limited": 8,
        "Wild West Domains, Inc.": 4,
        "total": 330
    },
    "percentage": {
        "Alibaba Cloud Computing Ltd. d/b/a HiChina (www.net.cn)": 0.6060606060606061,
        "Amazon Registrar, Inc.": 0.6060606060606061,
        "CommuniGal Communication Ltd.": 0.6060606060606061,
        "Communigal Communications Ltd": 1.2121212121212122,
        "DNSPod, Inc.": 0.6060606060606061,
        "Domain International Services Limited": 7.878787878787879,
        "Dynadot Inc": 16.96969696969697,
        "Dynadot LLC": 7.878787878787879,
        "ERANET INTERNATIONAL LIMITED": 2.4242424242424243,
        "Eranet International Limited": 3.6363636363636362,
        "Gname.com Pte. Ltd.": 9.090909090909092,
        "Go Australia Domains Inc": 3.0303030303030303,
        "Go Canada Domains Inc": 0.6060606060606061,
        "Go Daddy, LLC": 4.848484848484849,
        "Go Montenegro Domains, LLC": 0.6060606060606061,
        "GoDaddy.com, LLC": 4.242424242424242,
        "InsaneNames LLC": 0.6060606060606061,
        "NAMECHEAP": 0.6060606060606061,
        "Name.com, Inc": 4.242424242424242,
        "Name.com, Inc.": 1.2121212121212122,
        "NameCheap, Inc.": 4.848484848484849,
        "NameSilo, LLC": 1.8181818181818181,
        "Namecheap": 5.454545454545454,
        "Porkbun LLC": 0.6060606060606061,
        "Sav.com LLC": 1.8181818181818181,
        "Sav.com, LLC - 40": 0.6060606060606061,
        "Spaceship, Inc.": 9.090909090909092,
        "Tucows Domains Inc.": 0.6060606060606061,
        "West263 International Limited": 2.4242424242424243,
        "Wild West Domains, Inc.": 1.2121212121212122,
        "total": 100.0
    }
}