{
    "counter": {
        "Amazon Registrar, Inc.": 8,
        "Blue Razor Domains, LLC": 2,
        "Dynadot Inc": 22,
        "Dynadot LLC": 2,
        "Dynadot, LLC": 2,
        "ERANET INTERNATIONAL LIMITED": 2,
        "GMO Internet Group, Inc. d/b/a Onamae.com": 2,
        "Gname 008 Inc": 2,
        "Gname 009 Inc": 2,
        "Gname 010 Inc": 2,
        "Gname.com Pte. Ltd.": 30,
        "Go Australia Domains Inc": 8,
        "Go Canada Domains Inc": 8,
        "Go China Domains Inc": 2,
        "Go Daddy, LLC": 964,
        "Go France Domains Inc": 4,
        "Go Montenegro Domains, LLC": 4,
        "GoDaddy.com, LLC": 18,
        "HOSTINGER operations, UAB": 2,
        "InsaneNames LLC": 2,
        "NAMEMART PTE. LTD.": 2,
        "Name.com, Inc": 4,
        "Name.com, Inc.": 18,
        "NameCheap, Inc.": 24,
        "NameSilo, LLC": 2,
        "Namecheap": 8,
        "Sav.com, LLC- 6": 2,
        "Spaceship, Inc.": 14,
        "Squarespace Domains II LLC": 2,
        "VIRTUA DRUG Kutatási Szolgáltató Korlátolt Felelősségű Társaság": 2,
        "Virtualia LLC": 2,
        "Wild West Domains, Inc.": 2,
        "iNET SOFTWARE COMPANY LIMITED": 2,
        "total": 1172
    },
    "percentage": {
        "Amazon Registrar, Inc.": 0.6825938566552902,
        "Blue Razor Domains, LLC": 0.17064846416382254,
        "Dynadot Inc": 1.8771331058020477,
        "Dynadot LLC": 0.17064846416382254,
        "Dynadot, LLC": 0.17064846416382254,
        "ERANET INTERNATIONAL LIMITED": 0.17064846416382254,
        "GMO Internet Group, Inc. d/b/a Onamae.com": 0.17064846416382254,
        "Gname 008 Inc": 0.17064846416382254,
        "Gname 009 Inc": 0.17064846416382254,
        "Gname 010 Inc": 0.17064846416382254,
        "Gname.com Pte. Ltd.": 2.5597269624573378,
        "Go Australia Domains Inc": 0.6825938566552902,
        "Go Canada Domains Inc": 0.6825938566552902,
        "Go China Domains Inc": 0.17064846416382254,
        "Go Daddy, LLC": 82.25255972696246,
        "Go France Domains Inc": 0.3412969283276451,
        "Go Montenegro Domains, LLC": 0.3412969283276451,
        "GoDaddy.com, LLC": 1.5358361774744027,
        "HOSTINGER operations, UAB": 0.17064846416382254,
        "InsaneNames LLC": 0.17064846416382254,
        "NAMEMART PTE. LTD.": 0.17064846416382254,
        "Name.com, Inc": 0.3412969283276451,
        "Name.com, Inc.": 1.5358361774744027,
        "NameCheap, Inc.": 2.04778156996587,
        "NameSilo, LLC": 0.17064846416382254,
        "Namecheap": 0.6825938566552902,
        "Sav.com, LLC- 6": 0.17064846416382254,
        "Spaceship, Inc.": 1.1945392491467577,
        "Squarespace Domains II LLC": 0.17064846416382254,
        "VIRTUA DRUG Kutatási Szolgáltató Korlátolt Felelősségű Társaság": 0.17064846416382254,
        "Virtualia LLC": 0.17064846416382254,
        "Wild West Domains, Inc.": 0.17064846416382254,
        "iNET SOFTWARE COMPANY LIMITED": 0.17064846416382254,
        "total": 100.0
    }
}