{
    "counter": {
        "Amazon Registrar, Inc.": 2,
        "Chengdu West Dimension Digital Technology Co., Ltd.": 2,
        "Communigal Communications Ltd": 4,
        "DNSPod, Inc.": 2,
        "Domain International Services Limited": 22,
        "Dynadot Inc": 32,
        "ERANET INTERNATIONAL LIMITED": 2,
        "Eranet International Limited": 22,
        "Gname.com Pte. Ltd.": 18,
        "Go Australia Domains Inc": 4,
        "Go Canada Domains Inc": 2,
        "Go Daddy, LLC": 264,
        "Go Montenegro Domains, LLC": 4,
        "GoDaddy.com, LLC": 16,
        "InsaneNames LLC": 2,
        "Name.com, Inc": 4,
        "Name.com, Inc.": 10,
        "NameCheap, Inc.": 14,
        "Namecheap": 12,
        "Spaceship, Inc.": 28,
        "Tucows Domains Inc.": 2,
        "West263 International Limited": 2,
        "eName Technology Co., Ltd.": 4,
        "total": 474
    },
    "percentage": {
        "Amazon Registrar, Inc.": 0.4219409282700422,
        "Chengdu West Dimension Digital Technology Co., Ltd.": 0.4219409282700422,
        "Communigal Communications Ltd": 0.8438818565400844,
        "DNSPod, Inc.": 0.4219409282700422,
        "Domain International Services Limited": 4.641350210970464,
        "Dynadot Inc": 6.751054852320675,
        "ERANET INTERNATIONAL LIMITED": 0.4219409282700422,
        "Eranet International Limited": 4.641350210970464,
        "Gname.com Pte. Ltd.": 3.7974683544303796,
        "Go Australia Domains Inc": 0.8438818565400844,
        "Go Canada Domains Inc": 0.4219409282700422,
        "Go Daddy, LLC": 55.69620253164557,
        "Go Montenegro Domains, LLC": 0.8438818565400844,
        "GoDaddy.com, LLC": 3.3755274261603376,
        "InsaneNames LLC": 0.4219409282700422,
        "Name.com, Inc": 0.8438818565400844,
        "Name.com, Inc.": 2.109704641350211,
        "NameCheap, Inc.": 2.9535864978902953,
        "Namecheap": 2.5316455696202533,
        "Spaceship, Inc.": 5.9071729957805905,
        "Tucows Domains Inc.": 0.4219409282700422,
        "West263 International Limited": 0.4219409282700422,
        "eName Technology Co., Ltd.": 0.8438818565400844,
        "total": 100.0
    }
}