{
    "counter": {
        "Amazon Registrar, Inc.": 8,
        "CommuniGal Communication Ltd.": 2,
        "Dynadot Inc": 26,
        "Dynadot LLC": 2,
        "Dynadot, LLC": 4,
        "ERANET INTERNATIONAL LIMITED": 2,
        "Edomains LLC": 2,
        "GMO Internet Group, Inc. d/b/a Onamae.com": 2,
        "Gname 002 Inc": 2,
        "Gname 004 Inc": 2,
        "Gname 005 Inc": 4,
        "Gname 007 Inc": 2,
        "Gname 008 Inc": 2,
        "Gname 010 Inc": 2,
        "Gname.com Pte. Ltd.": 16,
        "Go Australia Domains Inc": 6,
        "Go Canada Domains Inc": 6,
        "Go Daddy, LLC": 1058,
        "Go France Domains Inc": 4,
        "Go Montenegro Domains, LLC": 4,
        "GoDaddy.com, LLC": 34,
        "HOSTINGER operations, UAB": 2,
        "InsaneNames LLC": 2,
        "NAMEMART PTE. LTD.": 2,
        "Name.com, Inc": 4,
        "Name.com, Inc.": 14,
        "NameCheap, Inc.": 24,
        "NameSilo, LLC": 4,
        "Namecheap": 8,
        "Sav.com, LLC- 6": 2,
        "Spaceship, Inc.": 2,
        "Squarespace Domains II LLC": 2,
        "VIRTUA DRUG Kutatási Szolgáltató Korlátolt Felelősségű Társaság": 4,
        "Virtualia LLC": 4,
        "West263 International Limited": 2,
        "Wild West Domains, Inc.": 2,
        "iNET SOFTWARE COMPANY LIMITED": 2,
        "total": 1270
    },
    "percentage": {
        "Amazon Registrar, Inc.": 0.6299212598425197,
        "CommuniGal Communication Ltd.": 0.15748031496062992,
        "Dynadot Inc": 2.047244094488189,
        "Dynadot LLC": 0.15748031496062992,
        "Dynadot, LLC": 0.31496062992125984,
        "ERANET INTERNATIONAL LIMITED": 0.15748031496062992,
        "Edomains LLC": 0.15748031496062992,
        "GMO Internet Group, Inc. d/b/a Onamae.com": 0.15748031496062992,
        "Gname 002 Inc": 0.15748031496062992,
        "Gname 004 Inc": 0.15748031496062992,
        "Gname 005 Inc": 0.31496062992125984,
        "Gname 007 Inc": 0.15748031496062992,
        "Gname 008 Inc": 0.15748031496062992,
        "Gname 010 Inc": 0.15748031496062992,
        "Gname.com Pte. Ltd.": 1.2598425196850394,
        "Go Australia Domains Inc": 0.47244094488188976,
        "Go Canada Domains Inc": 0.47244094488188976,
        "Go Daddy, LLC": 83.30708661417323,
        "Go France Domains Inc": 0.31496062992125984,
        "Go Montenegro Domains, LLC": 0.31496062992125984,
        "GoDaddy.com, LLC": 2.677165354330709,
        "HOSTINGER operations, UAB": 0.15748031496062992,
        "InsaneNames LLC": 0.15748031496062992,
        "NAMEMART PTE. LTD.": 0.15748031496062992,
        "Name.com, Inc": 0.31496062992125984,
        "Name.com, Inc.": 1.1023622047244095,
        "NameCheap, Inc.": 1.889763779527559,
        "NameSilo, LLC": 0.31496062992125984,
        "Namecheap": 0.6299212598425197,
        "Sav.com, LLC- 6": 0.15748031496062992,
        "Spaceship, Inc.": 0.15748031496062992,
        "Squarespace Domains II LLC": 0.15748031496062992,
        "VIRTUA DRUG Kutatási Szolgáltató Korlátolt Felelősségű Társaság": 0.31496062992125984,
        "Virtualia LLC": 0.31496062992125984,
        "West263 International Limited": 0.15748031496062992,
        "Wild West Domains, Inc.": 0.15748031496062992,
        "iNET SOFTWARE COMPANY LIMITED": 0.15748031496062992,
        "total": 100.0
    }
}