{
    "counter": {
        "Amazon Registrar, Inc.": 8,
        "CommuniGal Communication Ltd.": 2,
        "Dynadot Inc": 20,
        "Dynadot LLC": 2,
        "Dynadot, LLC": 4,
        "ERANET INTERNATIONAL LIMITED": 2,
        "Edomains LLC": 2,
        "GMO Internet Group, Inc. d/b/a Onamae.com": 2,
        "Gname 002 Inc": 2,
        "Gname 005 Inc": 4,
        "Gname 008 Inc": 4,
        "Gname 009 Inc": 2,
        "Gname 010 Inc": 2,
        "Gname.com Pte. Ltd.": 16,
        "Go Australia Domains Inc": 6,
        "Go Canada Domains Inc": 6,
        "Go Daddy, LLC": 1060,
        "Go France Domains Inc": 4,
        "Go Montenegro Domains, LLC": 4,
        "GoDaddy.com, LLC": 38,
        "HOSTINGER operations, UAB": 2,
        "InsaneNames LLC": 2,
        "July Name Limited": 2,
        "NAMEMART PTE. LTD.": 2,
        "Name.com, Inc": 4,
        "Name.com, Inc.": 16,
        "NameCheap, Inc.": 26,
        "NameSilo, LLC": 4,
        "Namecheap": 4,
        "Network Solutions, LLC": 2,
        "Sav.com, LLC- 6": 2,
        "Spaceship, Inc.": 2,
        "URL Solutions Inc.": 2,
        "VIRTUA DRUG Kutatási Szolgáltató Korlátolt Felelősségű Társaság": 2,
        "Virtualia LLC": 2,
        "West263 International Limited": 2,
        "Wild West Domains, Inc.": 2,
        "iNET SOFTWARE COMPANY LIMITED": 2,
        "total": 1270
    },
    "percentage": {
        "Amazon Registrar, Inc.": 0.6299212598425197,
        "CommuniGal Communication Ltd.": 0.15748031496062992,
        "Dynadot Inc": 1.5748031496062993,
        "Dynadot LLC": 0.15748031496062992,
        "Dynadot, LLC": 0.31496062992125984,
        "ERANET INTERNATIONAL LIMITED": 0.15748031496062992,
        "Edomains LLC": 0.15748031496062992,
        "GMO Internet Group, Inc. d/b/a Onamae.com": 0.15748031496062992,
        "Gname 002 Inc": 0.15748031496062992,
        "Gname 005 Inc": 0.31496062992125984,
        "Gname 008 Inc": 0.31496062992125984,
        "Gname 009 Inc": 0.15748031496062992,
        "Gname 010 Inc": 0.15748031496062992,
        "Gname.com Pte. Ltd.": 1.2598425196850394,
        "Go Australia Domains Inc": 0.47244094488188976,
        "Go Canada Domains Inc": 0.47244094488188976,
        "Go Daddy, LLC": 83.46456692913385,
        "Go France Domains Inc": 0.31496062992125984,
        "Go Montenegro Domains, LLC": 0.31496062992125984,
        "GoDaddy.com, LLC": 2.9921259842519685,
        "HOSTINGER operations, UAB": 0.15748031496062992,
        "InsaneNames LLC": 0.15748031496062992,
        "July Name Limited": 0.15748031496062992,
        "NAMEMART PTE. LTD.": 0.15748031496062992,
        "Name.com, Inc": 0.31496062992125984,
        "Name.com, Inc.": 1.2598425196850394,
        "NameCheap, Inc.": 2.047244094488189,
        "NameSilo, LLC": 0.31496062992125984,
        "Namecheap": 0.31496062992125984,
        "Network Solutions, LLC": 0.15748031496062992,
        "Sav.com, LLC- 6": 0.15748031496062992,
        "Spaceship, Inc.": 0.15748031496062992,
        "URL Solutions Inc.": 0.15748031496062992,
        "VIRTUA DRUG Kutatási Szolgáltató Korlátolt Felelősségű Társaság": 0.15748031496062992,
        "Virtualia LLC": 0.15748031496062992,
        "West263 International Limited": 0.15748031496062992,
        "Wild West Domains, Inc.": 0.15748031496062992,
        "iNET SOFTWARE COMPANY LIMITED": 0.15748031496062992,
        "total": 100.0
    }
}