{
    "counter": {
        "Communigal Communications Ltd": 2,
        "Domain International Services Limited": 16,
        "Dynadot Inc": 48,
        "Dynadot LLC": 20,
        "Eranet International Limited": 4,
        "Gname.com Pte. Ltd.": 10,
        "Go Australia Domains Inc": 6,
        "Go Canada Domains Inc": 2,
        "Go Daddy, LLC": 2,
        "GoDaddy.com, LLC": 4,
        "Name.com, Inc": 14,
        "Name.com, Inc.": 4,
        "NameSilo, LLC": 6,
        "Namecheap": 4,
        "Spaceship, Inc.": 10,
        "West263 International Limited": 6,
        "total": 158
    },
    "percentage": {
        "Communigal Communications Ltd": 1.2658227848101267,
        "Domain International Services Limited": 10.126582278481013,
        "Dynadot Inc": 30.379746835443036,
        "Dynadot LLC": 12.658227848101266,
        "Eranet International Limited": 2.5316455696202533,
        "Gname.com Pte. Ltd.": 6.329113924050633,
        "Go Australia Domains Inc": 3.7974683544303796,
        "Go Canada Domains Inc": 1.2658227848101267,
        "Go Daddy, LLC": 1.2658227848101267,
        "GoDaddy.com, LLC": 2.5316455696202533,
        "Name.com, Inc": 8.860759493670885,
        "Name.com, Inc.": 2.5316455696202533,
        "NameSilo, LLC": 3.7974683544303796,
        "Namecheap": 2.5316455696202533,
        "Spaceship, Inc.": 6.329113924050633,
        "West263 International Limited": 3.7974683544303796,
        "total": 100.0
    }
}