{
    "counter": {
        "Amazon Registrar, Inc.": 4,
        "Blue Razor Domains, LLC": 2,
        "CSC Corporate Domains, Inc.": 14,
        "Chengdu West Dimension Digital Technology Co., Ltd.": 6,
        "CommuniGal Communication Ltd.": 4,
        "Dynadot Inc": 26,
        "Dynadot LLC": 2,
        "ERANET INTERNATIONAL LIMITED": 2,
        "Edomains LLC": 2,
        "GMO Internet Group, Inc. d/b/a Onamae.com": 4,
        "Gname 002 Inc": 2,
        "Gname 010 Inc": 2,
        "Gname.com Pte. Ltd.": 18,
        "Go Australia Domains Inc": 2,
        "Go Canada Domains Inc": 4,
        "Go China Domains Inc": 2,
        "Go Daddy, LLC": 2,
        "Go Montenegro Domains, LLC": 10,
        "GoDaddy.com, LLC": 62,
        "InsaneNames LLC": 2,
        "July Name Limited": 2,
        "Name.com, Inc": 4,
        "Name.com, Inc.": 6,
        "NameCheap, Inc.": 16,
        "Spaceship, Inc.": 14,
        "URL Solutions, Inc.": 2,
        "West263 International Limited": 2,
        "Wild West Domains, Inc.": 4,
        "total": 222
    },
    "percentage": {
        "Amazon Registrar, Inc.": 1.8018018018018018,
        "Blue Razor Domains, LLC": 0.9009009009009009,
        "CSC Corporate Domains, Inc.": 6.306306306306307,
        "Chengdu West Dimension Digital Technology Co., Ltd.": 2.7027027027027026,
        "CommuniGal Communication Ltd.": 1.8018018018018018,
        "Dynadot Inc": 11.711711711711711,
        "Dynadot LLC": 0.9009009009009009,
        "ERANET INTERNATIONAL LIMITED": 0.9009009009009009,
        "Edomains LLC": 0.9009009009009009,
        "GMO Internet Group, Inc. d/b/a Onamae.com": 1.8018018018018018,
        "Gname 002 Inc": 0.9009009009009009,
        "Gname 010 Inc": 0.9009009009009009,
        "Gname.com Pte. Ltd.": 8.108108108108109,
        "Go Australia Domains Inc": 0.9009009009009009,
        "Go Canada Domains Inc": 1.8018018018018018,
        "Go China Domains Inc": 0.9009009009009009,
        "Go Daddy, LLC": 0.9009009009009009,
        "Go Montenegro Domains, LLC": 4.504504504504505,
        "GoDaddy.com, LLC": 27.92792792792793,
        "InsaneNames LLC": 0.9009009009009009,
        "July Name Limited": 0.9009009009009009,
        "Name.com, Inc": 1.8018018018018018,
        "Name.com, Inc.": 2.7027027027027026,
        "NameCheap, Inc.": 7.207207207207207,
        "Spaceship, Inc.": 6.306306306306307,
        "URL Solutions, Inc.": 0.9009009009009009,
        "West263 International Limited": 0.9009009009009009,
        "Wild West Domains, Inc.": 1.8018018018018018,
        "total": 100.0
    }
}