{
    "counter": {
        "1API GmbH": 2,
        "Amazon Registrar, Inc.": 8,
        "Blue Razor Domains, LLC": 2,
        "CommuniGal Communication Ltd.": 2,
        "Dynadot Inc": 24,
        "Dynadot LLC": 2,
        "Dynadot, LLC": 2,
        "ERANET INTERNATIONAL LIMITED": 2,
        "GMO Internet Group, Inc. d/b/a Onamae.com": 2,
        "Gname 004 Inc": 2,
        "Gname 009 Inc": 2,
        "Gname 010 Inc": 2,
        "Gname.com Pte. Ltd.": 20,
        "Go Australia Domains Inc": 8,
        "Go Canada Domains Inc": 8,
        "Go China Domains Inc": 2,
        "Go Daddy, LLC": 850,
        "Go France Domains Inc": 2,
        "Go Montenegro Domains, LLC": 6,
        "GoDaddy.com, LLC": 30,
        "HOSTINGER operations, UAB": 2,
        "InsaneNames LLC": 2,
        "NAMEMART PTE. LTD.": 2,
        "Name.com, Inc": 4,
        "Name.com, Inc.": 14,
        "NameCheap, Inc.": 14,
        "NameSilo, LLC": 2,
        "Namecheap": 10,
        "Sav.com, LLC - 1": 2,
        "Sav.com, LLC- 6": 2,
        "Spaceship, Inc.": 16,
        "Squarespace Domains II LLC": 2,
        "URL Solutions Inc.": 2,
        "VIRTUA DRUG Kutatási Szolgáltató Korlátolt Felelősségű Társaság": 2,
        "Virtualia LLC": 2,
        "iNET SOFTWARE COMPANY LIMITED": 2,
        "total": 1058
    },
    "percentage": {
        "1API GmbH": 0.1890359168241966,
        "Amazon Registrar, Inc.": 0.7561436672967864,
        "Blue Razor Domains, LLC": 0.1890359168241966,
        "CommuniGal Communication Ltd.": 0.1890359168241966,
        "Dynadot Inc": 2.268431001890359,
        "Dynadot LLC": 0.1890359168241966,
        "Dynadot, LLC": 0.1890359168241966,
        "ERANET INTERNATIONAL LIMITED": 0.1890359168241966,
        "GMO Internet Group, Inc. d/b/a Onamae.com": 0.1890359168241966,
        "Gname 004 Inc": 0.1890359168241966,
        "Gname 009 Inc": 0.1890359168241966,
        "Gname 010 Inc": 0.1890359168241966,
        "Gname.com Pte. Ltd.": 1.890359168241966,
        "Go Australia Domains Inc": 0.7561436672967864,
        "Go Canada Domains Inc": 0.7561436672967864,
        "Go China Domains Inc": 0.1890359168241966,
        "Go Daddy, LLC": 80.34026465028356,
        "Go France Domains Inc": 0.1890359168241966,
        "Go Montenegro Domains, LLC": 0.5671077504725898,
        "GoDaddy.com, LLC": 2.835538752362949,
        "HOSTINGER operations, UAB": 0.1890359168241966,
        "InsaneNames LLC": 0.1890359168241966,
        "NAMEMART PTE. LTD.": 0.1890359168241966,
        "Name.com, Inc": 0.3780718336483932,
        "Name.com, Inc.": 1.3232514177693762,
        "NameCheap, Inc.": 1.3232514177693762,
        "NameSilo, LLC": 0.1890359168241966,
        "Namecheap": 0.945179584120983,
        "Sav.com, LLC - 1": 0.1890359168241966,
        "Sav.com, LLC- 6": 0.1890359168241966,
        "Spaceship, Inc.": 1.5122873345935728,
        "Squarespace Domains II LLC": 0.1890359168241966,
        "URL Solutions Inc.": 0.1890359168241966,
        "VIRTUA DRUG Kutatási Szolgáltató Korlátolt Felelősségű Társaság": 0.1890359168241966,
        "Virtualia LLC": 0.1890359168241966,
        "iNET SOFTWARE COMPANY LIMITED": 0.1890359168241966,
        "total": 100.0
    }
}