idna_subject,checker_type,destination,tested_at
24138z.com,AVAILABILITY,origin.list,2026-09-14 02:05:09.508681+00:00
f8bet00.vip,AVAILABILITY,origin.list,2026-09-14 02:05:33.145245+00:00
390819.com,AVAILABILITY,origin.list,2026-09-14 02:05:38.893469+00:00
390813.com,AVAILABILITY,origin.list,2026-09-14 02:05:44.758255+00:00
yes8sg4.com,AVAILABILITY,origin.list,2026-09-14 02:05:50.521336+00:00
js6521.vip,AVAILABILITY,origin.list,2026-09-14 02:05:51.336672+00:00
390529.com,AVAILABILITY,origin.list,2026-09-14 02:05:56.406054+00:00
yuyingh.com,AVAILABILITY,origin.list,2026-09-14 02:06:02.174913+00:00
hotlive8.vip,AVAILABILITY,origin.list,2026-09-14 02:06:12.185239+00:00
5552188.com,AVAILABILITY,origin.list,2026-09-14 02:06:14.088835+00:00
11110088.com,AVAILABILITY,origin.list,2026-09-14 02:06:17.984898+00:00
api.hi678133.com,AVAILABILITY,origin.list,2026-09-14 02:06:20.053957+00:00
44abjili.com,AVAILABILITY,origin.list,2026-09-14 02:06:23.725631+00:00
hl8vietnam.com,AVAILABILITY,origin.list,2026-09-14 02:06:29.430981+00:00
api.hi678112.com,AVAILABILITY,origin.list,2026-09-14 02:06:32.090221+00:00
play.google.jogobego.com,AVAILABILITY,origin.list,2026-09-14 02:06:35.102572+00:00
play.gamesappgoogo.com,AVAILABILITY,origin.list,2026-09-14 02:06:37.990414+00:00
6132022.com,AVAILABILITY,origin.list,2026-09-14 02:06:43.676396+00:00
am0018.com,AVAILABILITY,origin.list,2026-09-14 02:06:49.436186+00:00
6686b7.app,AVAILABILITY,origin.list,2026-09-14 02:06:51.762541+00:00
292171.com,AVAILABILITY,origin.list,2026-09-14 02:06:55.238533+00:00
jiliappu.top,AVAILABILITY,origin.list,2026-09-14 02:06:58.261712+00:00
m.s26bet01.com,AVAILABILITY,origin.list,2026-09-14 02:07:00.947305+00:00
megagame66.live,AVAILABILITY,origin.list,2026-09-14 02:07:10.617965+00:00
15933965063.vip,AVAILABILITY,origin.list,2026-09-14 02:07:12.094233+00:00
8207tt.net,AVAILABILITY,origin.list,2026-09-14 02:07:16.323109+00:00
10555491.com,AVAILABILITY,origin.list,2026-09-14 02:07:22.065625+00:00
18247923.com,AVAILABILITY,origin.list,2026-09-14 02:07:27.724349+00:00
yya32.vip,AVAILABILITY,origin.list,2026-09-14 02:07:29.941228+00:00
24425610.com,AVAILABILITY,origin.list,2026-09-14 02:07:33.505162+00:00
qgc555.com,AVAILABILITY,origin.list,2026-09-14 02:07:35.721968+00:00
2049472.com,AVAILABILITY,origin.list,2026-09-14 02:07:39.177334+00:00
52985997.com,AVAILABILITY,origin.list,2026-09-14 02:07:41.471604+00:00
biwei6688.com,AVAILABILITY,origin.list,2026-09-14 02:07:44.948806+00:00
4032jj.com,AVAILABILITY,origin.list,2026-09-14 02:07:47.222411+00:00
8885126.com,AVAILABILITY,origin.list,2026-09-14 02:07:53.131832+00:00
61789575.com,AVAILABILITY,origin.list,2026-09-14 02:07:58.938643+00:00
6565hg.com,AVAILABILITY,origin.list,2026-09-14 02:08:01.509897+00:00
kjcctcwv.com,AVAILABILITY,origin.list,2026-09-14 02:08:04.799642+00:00
9076k.com,AVAILABILITY,origin.list,2026-09-14 02:24:00.639689+00:00
8ffu.com,AVAILABILITY,origin.list,2026-09-14 02:24:00.708199+00:00
bqqlgioi.com,AVAILABILITY,origin.list,2026-09-14 02:24:07.383007+00:00
dxohawbk.com,AVAILABILITY,origin.list,2026-09-14 02:24:07.426031+00:00
muzxitzr.com,AVAILABILITY,origin.list,2026-09-14 02:24:13.956675+00:00
qvbrrrrs.com,AVAILABILITY,origin.list,2026-09-14 02:24:13.978505+00:00
23138333.com,AVAILABILITY,origin.list,2026-09-14 02:24:20.690632+00:00
23138444.com,AVAILABILITY,origin.list,2026-09-14 02:24:20.708723+00:00
23138000.com,AVAILABILITY,origin.list,2026-09-14 02:24:27.462994+00:00
23138111.com,AVAILABILITY,origin.list,2026-09-14 02:24:27.500768+00:00
23138555.com,AVAILABILITY,origin.list,2026-09-14 02:24:34.149249+00:00
26mtyc.com,AVAILABILITY,origin.list,2026-09-14 02:24:34.160341+00:00
23138666.com,AVAILABILITY,origin.list,2026-09-14 02:24:40.780067+00:00
34346s.com,AVAILABILITY,origin.list,2026-09-14 02:24:40.827134+00:00
bu352.com,AVAILABILITY,origin.list,2026-09-14 02:24:47.547674+00:00
30jili.design,AVAILABILITY,origin.list,2026-09-14 02:24:54.306224+00:00
6565hg.net,AVAILABILITY,origin.list,2026-09-14 02:25:00.265662+00:00
390801.com,AVAILABILITY,origin.list,2026-09-14 02:25:00.874742+00:00
776943.com,AVAILABILITY,origin.list,2026-09-14 02:25:06.871177+00:00
qyh6666.com,AVAILABILITY,origin.list,2026-09-14 02:25:07.617635+00:00
w9.vty1tn.com,AVAILABILITY,origin.list,2026-09-14 02:25:13.425254+00:00
168270.com,AVAILABILITY,origin.list,2026-09-14 02:25:14.531543+00:00
w9.vtyj35.com,AVAILABILITY,origin.list,2026-09-14 02:25:21.101729+00:00
hongxinlong.cn,AVAILABILITY,origin.list,2026-09-14 02:25:21.761188+00:00
k8vietnam.pro,AVAILABILITY,origin.list,2026-09-14 02:25:28.592310+00:00
wowslot66.live,AVAILABILITY,origin.list,2026-09-14 02:25:29.075353+00:00
30jili.wiki,AVAILABILITY,origin.list,2026-09-14 02:25:35.504201+00:00
x0423.com,AVAILABILITY,origin.list,2026-09-14 02:25:35.620354+00:00
jolliwin777.com,AVAILABILITY,origin.list,2026-09-14 02:25:42.076362+00:00
hg09229.com,AVAILABILITY,origin.list,2026-09-14 02:25:42.141012+00:00
w9.vtyh74.com,AVAILABILITY,origin.list,2026-09-14 02:25:48.683481+00:00
789365.mobi,AVAILABILITY,origin.list,2026-09-14 02:25:48.765521+00:00
w9.vtyk78.com,AVAILABILITY,origin.list,2026-09-14 02:25:55.275923+00:00
p350000.com,AVAILABILITY,origin.list,2026-09-14 02:25:55.291258+00:00
66pg20.com,AVAILABILITY,origin.list,2026-09-14 02:26:01.842959+00:00
sg1144.vip,AVAILABILITY,origin.list,2026-09-14 02:26:07.959458+00:00
920066.com,AVAILABILITY,origin.list,2026-09-14 02:26:08.416540+00:00
brisk68.com,AVAILABILITY,origin.list,2026-09-14 02:26:14.540064+00:00
ns7788.com,AVAILABILITY,origin.list,2026-09-14 02:26:14.953629+00:00
q55cc.com,AVAILABILITY,origin.list,2026-09-14 02:26:21.086102+00:00
59716.net,AVAILABILITY,origin.list,2026-09-14 02:26:21.540611+00:00
hg60939.com,AVAILABILITY,origin.list,2026-09-14 02:26:27.695173+00:00
ns4455.com,AVAILABILITY,origin.list,2026-09-14 02:26:28.126474+00:00
i9017.com,AVAILABILITY,origin.list,2026-09-14 02:26:34.307757+00:00
choithomo.com,AVAILABILITY,origin.list,2026-09-14 02:26:40.901630+00:00
6686.mobi,AVAILABILITY,origin.list,2026-09-14 02:26:48.510452+00:00
iwin6699.com,AVAILABILITY,origin.list,2026-09-14 02:26:55.111665+00:00
6686.pet,AVAILABILITY,origin.list,2026-09-14 02:27:00.305761+00:00
390322.com,AVAILABILITY,origin.list,2026-09-14 02:27:01.708973+00:00
cp1088.com,AVAILABILITY,origin.list,2026-09-14 02:27:06.896700+00:00
ff7773.com,AVAILABILITY,origin.list,2026-09-14 02:27:08.336196+00:00
vnaz888.com,AVAILABILITY,origin.list,2026-09-14 02:27:14.863133+00:00
w9.vty1ye.com,AVAILABILITY,origin.list,2026-09-14 02:27:21.435273+00:00
6686.cool,AVAILABILITY,origin.list,2026-09-14 02:27:26.411416+00:00
ff7772.com,AVAILABILITY,origin.list,2026-09-14 02:27:28.039948+00:00
15600f.com,AVAILABILITY,origin.list,2026-09-14 02:27:32.971922+00:00
ff7776.com,AVAILABILITY,origin.list,2026-09-14 02:27:34.597875+00:00
15600e.com,AVAILABILITY,origin.list,2026-09-14 02:27:39.580687+00:00
15600d.com,AVAILABILITY,origin.list,2026-09-14 02:27:41.170984+00:00
15600g.com,AVAILABILITY,origin.list,2026-09-14 02:27:46.140606+00:00
q919.cn,AVAILABILITY,origin.list,2026-09-14 02:27:49.887161+00:00
15600j.com,AVAILABILITY,origin.list,2026-09-14 02:27:52.779473+00:00
15600l.com,AVAILABILITY,origin.list,2026-09-14 02:27:56.487934+00:00
15600o.com,AVAILABILITY,origin.list,2026-09-14 02:27:59.364595+00:00
15600k.com,AVAILABILITY,origin.list,2026-09-14 02:28:03.071072+00:00
15600q.com,AVAILABILITY,origin.list,2026-09-14 02:28:05.919259+00:00
15600n.com,AVAILABILITY,origin.list,2026-09-14 02:28:09.657375+00:00
15600i.com,AVAILABILITY,origin.list,2026-09-14 02:28:12.449992+00:00
30jili.us,AVAILABILITY,origin.list,2026-09-14 02:28:16.697540+00:00
15600t.com,AVAILABILITY,origin.list,2026-09-14 02:28:19.049607+00:00
15600w.com,AVAILABILITY,origin.list,2026-09-14 02:28:23.566364+00:00
15600v.com,AVAILABILITY,origin.list,2026-09-14 02:28:25.827558+00:00
15600x.com,AVAILABILITY,origin.list,2026-09-14 02:28:30.351704+00:00
15600z.com,AVAILABILITY,origin.list,2026-09-14 02:28:32.385702+00:00
15600s.com,AVAILABILITY,origin.list,2026-09-14 02:44:26.903063+00:00
15600y.com,AVAILABILITY,origin.list,2026-09-14 02:44:32.724303+00:00
017979.com,AVAILABILITY,origin.list,2026-09-14 02:44:38.499126+00:00
888159.vip,AVAILABILITY,origin.list,2026-09-14 02:44:41.102630+00:00
9353t.com,AVAILABILITY,origin.list,2026-09-14 02:44:44.426333+00:00
sa887777.com,AVAILABILITY,origin.list,2026-09-14 02:44:46.899616+00:00
1pkwin.com,AVAILABILITY,origin.list,2026-09-14 02:44:50.133971+00:00
15399q.com,AVAILABILITY,origin.list,2026-09-14 02:44:52.621941+00:00
15399u.com,AVAILABILITY,origin.list,2026-09-14 02:44:55.930937+00:00
8pkwin.com,AVAILABILITY,origin.list,2026-09-14 02:44:58.473427+00:00
k9vn.me,AVAILABILITY,origin.list,2026-09-14 02:45:01.805992+00:00
lo88.live,AVAILABILITY,origin.list,2026-09-14 02:45:08.540714+00:00
8639t.com,AVAILABILITY,origin.list,2026-09-14 02:45:14.417430+00:00
6686a.app,AVAILABILITY,origin.list,2026-09-14 02:45:15.090465+00:00
777locdl.xyz,AVAILABILITY,origin.list,2026-09-14 02:45:20.370148+00:00
15539v.com,AVAILABILITY,origin.list,2026-09-14 02:45:20.817656+00:00
ty72a.com,AVAILABILITY,origin.list,2026-09-14 02:45:25.998103+00:00
82662v.com,AVAILABILITY,origin.list,2026-09-14 02:45:26.662213+00:00
wee98.com,AVAILABILITY,origin.list,2026-09-14 02:45:31.704984+00:00
hitclub.lt,AVAILABILITY,origin.list,2026-09-14 02:45:37.756729+00:00
6686.pro,AVAILABILITY,origin.list,2026-09-14 02:45:43.141837+00:00
betnysports1.com,AVAILABILITY,origin.list,2026-09-14 02:45:43.487939+00:00
vaob52.click,AVAILABILITY,origin.list,2026-09-14 02:45:49.104223+00:00
187211.com,AVAILABILITY,origin.list,2026-09-14 02:45:49.277323+00:00
19892211.com,AVAILABILITY,origin.list,2026-09-14 02:45:54.907276+00:00
42982s.com,AVAILABILITY,origin.list,2026-09-14 02:45:55.096146+00:00
8189t.com,AVAILABILITY,origin.list,2026-09-14 02:46:00.797139+00:00
8239t.com,AVAILABILITY,origin.list,2026-09-14 02:46:06.494657+00:00
6686b6.app,AVAILABILITY,origin.list,2026-09-14 02:46:11.451589+00:00
clickbetexch.com,AVAILABILITY,origin.list,2026-09-14 02:46:12.141933+00:00
galaxy6623.com,AVAILABILITY,origin.list,2026-09-14 02:46:17.267663+00:00
litbites.com,AVAILABILITY,origin.list,2026-09-14 02:46:17.792643+00:00
pq88vn.com,AVAILABILITY,origin.list,2026-09-14 02:46:23.614156+00:00
ktoviet.org,AVAILABILITY,origin.list,2026-09-14 02:46:29.114152+00:00
qc.hitclubapp.cfd,AVAILABILITY,origin.list,2026-09-14 02:46:29.526946+00:00
agks998.com,AVAILABILITY,origin.list,2026-09-14 02:46:35.007201+00:00
005514.com,AVAILABILITY,origin.list,2026-09-14 02:46:35.364975+00:00
dy37n.vip,AVAILABILITY,origin.list,2026-09-14 02:46:50.998491+00:00
long0317.com,AVAILABILITY,origin.list,2026-09-14 02:46:56.846858+00:00
7462cc.com,AVAILABILITY,origin.list,2026-09-14 02:46:59.449686+00:00
play.lo88.live,AVAILABILITY,origin.list,2026-09-14 02:47:03.795751+00:00
agks8.com,AVAILABILITY,origin.list,2026-09-14 02:47:09.691482+00:00
vwinvn.vip,AVAILABILITY,origin.list,2026-09-14 02:47:12.359073+00:00
long0355.com,AVAILABILITY,origin.list,2026-09-14 02:47:15.416491+00:00
du88.in,AVAILABILITY,origin.list,2026-09-14 02:47:19.196502+00:00
long0398.com,AVAILABILITY,origin.list,2026-09-14 02:47:21.278369+00:00
long0538.com,AVAILABILITY,origin.list,2026-09-14 02:47:25.196959+00:00
1400t.com,AVAILABILITY,origin.list,2026-09-14 02:47:27.113365+00:00
long0536.com,AVAILABILITY,origin.list,2026-09-14 02:47:30.811789+00:00
amrwe.xyz,AVAILABILITY,origin.list,2026-09-14 02:47:33.000207+00:00
sunwin.lt,AVAILABILITY,origin.list,2026-09-14 02:47:39.104646+00:00
biulady.xyz,AVAILABILITY,origin.list,2026-09-14 02:47:44.964287+00:00
dy37m.vip,AVAILABILITY,origin.list,2026-09-14 02:47:45.048830+00:00
availot.xyz,AVAILABILITY,origin.list,2026-09-14 02:47:50.813658+00:00
cellha.xyz,AVAILABILITY,origin.list,2026-09-14 02:47:56.582879+00:00
6686c.app,AVAILABILITY,origin.list,2026-09-14 02:48:01.508517+00:00
bcr.bet,AVAILABILITY,origin.list,2026-09-14 02:48:03.937671+00:00
play.son8.club,AVAILABILITY,origin.list,2026-09-14 02:48:07.178262+00:00
biokis.xyz,AVAILABILITY,origin.list,2026-09-14 02:48:09.734147+00:00
v.hitclub.lv,AVAILABILITY,origin.list,2026-09-14 02:48:14.651708+00:00
celllunch.xyz,AVAILABILITY,origin.list,2026-09-14 02:48:16.049736+00:00
neo79.space,AVAILABILITY,origin.list,2026-09-14 02:48:20.561929+00:00
cenclk.xyz,AVAILABILITY,origin.list,2026-09-14 02:48:21.828044+00:00
cicifair.xyz,AVAILABILITY,origin.list,2026-09-14 02:48:26.344612+00:00
ctevile.xyz,AVAILABILITY,origin.list,2026-09-14 02:48:27.686014+00:00
clickki.xyz,AVAILABILITY,origin.list,2026-09-14 02:48:32.278885+00:00
ph646.bet,AVAILABILITY,origin.list,2026-09-14 02:48:38.671282+00:00
hitclub.lv,AVAILABILITY,origin.list,2026-09-14 02:48:51.002565+00:00
combast.xyz,AVAILABILITY,origin.list,2026-09-14 02:48:57.015156+00:00
cicipop.xyz,AVAILABILITY,origin.list,2026-09-14 03:04:45.872572+00:00
f8050.com,AVAILABILITY,origin.list,2026-09-14 03:04:51.675980+00:00
6686c7.app,AVAILABILITY,origin.list,2026-09-14 03:05:08.293397+00:00
dy37v.vip,AVAILABILITY,origin.list,2026-09-14 03:05:09.076009+00:00
ciciwell.xyz,AVAILABILITY,origin.list,2026-09-14 03:05:14.284242+00:00
costtop.xyz,AVAILABILITY,origin.list,2026-09-14 03:05:15.085327+00:00
crushsky.xyz,AVAILABILITY,origin.list,2026-09-14 03:05:20.309908+00:00
easyine.xyz,AVAILABILITY,origin.list,2026-09-14 03:05:21.005136+00:00
cutbls.xyz,AVAILABILITY,origin.list,2026-09-14 03:05:26.293473+00:00
fashihop.xyz,AVAILABILITY,origin.list,2026-09-14 03:05:26.795262+00:00
fatedy.xyz,AVAILABILITY,origin.list,2026-09-14 03:05:32.331382+00:00
fitlose.xyz,AVAILABILITY,origin.list,2026-09-14 03:05:32.716957+00:00
fairhow.xyz,AVAILABILITY,origin.list,2026-09-14 03:05:38.510465+00:00
foklister.xyz,AVAILABILITY,origin.list,2026-09-14 03:05:44.405136+00:00
foklist.xyz,AVAILABILITY,origin.list,2026-09-14 03:05:50.489594+00:00
forans.xyz,AVAILABILITY,origin.list,2026-09-14 03:05:56.429350+00:00
ifytek.xyz,AVAILABILITY,origin.list,2026-09-14 03:06:02.386140+00:00
dy37p.vip,AVAILABILITY,origin.list,2026-09-14 03:06:05.166481+00:00
guessfit.xyz,AVAILABILITY,origin.list,2026-09-14 03:06:08.343232+00:00
jdb48789.com,AVAILABILITY,origin.list,2026-09-14 03:06:10.957526+00:00
foklive.xyz,AVAILABILITY,origin.list,2026-09-14 03:06:14.544230+00:00
halists.xyz,AVAILABILITY,origin.list,2026-09-14 03:06:16.753214+00:00
heavyt.xyz,AVAILABILITY,origin.list,2026-09-14 03:06:20.372418+00:00
isttel.xyz,AVAILABILITY,origin.list,2026-09-14 03:06:22.705644+00:00
palace88betvip.com,AVAILABILITY,origin.list,2026-09-14 03:06:26.150199+00:00
indotip.xyz,AVAILABILITY,origin.list,2026-09-14 03:06:28.686872+00:00
400800.app,AVAILABILITY,origin.list,2026-09-14 03:06:31.904598+00:00
keypes.xyz,AVAILABILITY,origin.list,2026-09-14 03:06:34.690506+00:00
istwow.xyz,AVAILABILITY,origin.list,2026-09-14 03:06:40.633108+00:00
lveone.xyz,AVAILABILITY,origin.list,2026-09-14 03:06:46.588720+00:00
innnext.xyz,AVAILABILITY,origin.list,2026-09-14 03:06:53.091017+00:00
okjoyart.xyz,AVAILABILITY,origin.list,2026-09-14 03:06:59.049805+00:00
navivn.xyz,AVAILABILITY,origin.list,2026-09-14 03:07:04.999968+00:00
mocols.xyz,AVAILABILITY,origin.list,2026-09-14 03:07:10.948321+00:00
128et.com,AVAILABILITY,origin.list,2026-09-14 03:07:17.014371+00:00
155ky.com,AVAILABILITY,origin.list,2026-09-14 03:07:22.850248+00:00
dy37z.vip,AVAILABILITY,origin.list,2026-09-14 03:07:50.727462+00:00
1572x.com,AVAILABILITY,origin.list,2026-09-14 03:07:54.375204+00:00
omnifad.xyz,AVAILABILITY,origin.list,2026-09-14 03:07:56.789825+00:00
ordern.xyz,AVAILABILITY,origin.list,2026-09-14 03:08:00.263050+00:00
223kaiyun.net,AVAILABILITY,origin.list,2026-09-14 03:08:02.630518+00:00
159ky.com,AVAILABILITY,origin.list,2026-09-14 03:08:05.937004+00:00
216kaiyun.net,AVAILABILITY,origin.list,2026-09-14 03:08:08.521693+00:00
240kaiyun.net,AVAILABILITY,origin.list,2026-09-14 03:08:11.671338+00:00
231kaiyun.net,AVAILABILITY,origin.list,2026-09-14 03:08:14.286393+00:00
308kaiyun.net,AVAILABILITY,origin.list,2026-09-14 03:08:17.537211+00:00
311k.net,AVAILABILITY,origin.list,2026-09-14 03:08:20.117158+00:00
243kaiyun.net,AVAILABILITY,origin.list,2026-09-14 03:08:23.451651+00:00
317kaiyun.net,AVAILABILITY,origin.list,2026-09-14 03:08:25.898145+00:00
315kaiyun.net,AVAILABILITY,origin.list,2026-09-14 03:08:29.222967+00:00
317k.net,AVAILABILITY,origin.list,2026-09-14 03:08:31.743297+00:00
318k.net,AVAILABILITY,origin.list,2026-09-14 03:08:34.911471+00:00
319k.net,AVAILABILITY,origin.list,2026-09-14 03:08:37.531057+00:00
325k.net,AVAILABILITY,origin.list,2026-09-14 03:08:40.654647+00:00
319kaiyun.net,AVAILABILITY,origin.list,2026-09-14 03:08:43.304851+00:00
329k.net,AVAILABILITY,origin.list,2026-09-14 03:08:46.450425+00:00
8205t.com,AVAILABILITY,origin.list,2026-09-14 03:08:49.096335+00:00
325kaiyun.net,AVAILABILITY,origin.list,2026-09-14 03:08:52.169652+00:00
8852f.com,AVAILABILITY,origin.list,2026-09-14 03:08:54.860951+00:00
638745.com,AVAILABILITY,origin.list,2026-09-14 03:08:57.922300+00:00
bw-bet.com,AVAILABILITY,origin.list,2026-09-14 03:09:03.628197+00:00
i9563.com,AVAILABILITY,origin.list,2026-09-14 03:09:09.512971+00:00
cayraumuongtina.shop,AVAILABILITY,origin.list,2026-09-14 03:09:10.027780+00:00
i9568.com,AVAILABILITY,origin.list,2026-09-14 03:09:15.266568+00:00
3008t.com,AVAILABILITY,origin.list,2026-09-14 03:09:15.823489+00:00
i9912.com,AVAILABILITY,origin.list,2026-09-14 03:09:21.025647+00:00
polyloco.xyz,AVAILABILITY,origin.list,2026-09-14 03:25:08.942867+00:00
pearlt.xyz,AVAILABILITY,origin.list,2026-09-14 03:25:08.959849+00:00
qingmag.xyz,AVAILABILITY,origin.list,2026-09-14 03:25:14.928338+00:00
ratecer.xyz,AVAILABILITY,origin.list,2026-09-14 03:25:15.011970+00:00
ratecups.xyz,AVAILABILITY,origin.list,2026-09-14 03:25:20.849408+00:00
rowbio.xyz,AVAILABILITY,origin.list,2026-09-14 03:25:20.895500+00:00
retailin.xyz,AVAILABILITY,origin.list,2026-09-14 03:25:26.777656+00:00
relicfit.xyz,AVAILABILITY,origin.list,2026-09-14 03:25:26.788190+00:00
scain.xyz,AVAILABILITY,origin.list,2026-09-14 03:25:32.747372+00:00
presssee.xyz,AVAILABILITY,origin.list,2026-09-14 03:25:32.775008+00:00
slimwind.xyz,AVAILABILITY,origin.list,2026-09-14 03:25:38.695173+00:00
shireair.xyz,AVAILABILITY,origin.list,2026-09-14 03:25:38.712173+00:00
uc886.com,AVAILABILITY,origin.list,2026-09-14 03:25:44.601503+00:00
sitelve.xyz,AVAILABILITY,origin.list,2026-09-14 03:25:44.676257+00:00
swisswe.xyz,AVAILABILITY,origin.list,2026-09-14 03:25:50.438858+00:00
subegg.xyz,AVAILABILITY,origin.list,2026-09-14 03:25:50.748804+00:00
tagcubs.xyz,AVAILABILITY,origin.list,2026-09-14 03:25:56.410984+00:00
subier.xyz,AVAILABILITY,origin.list,2026-09-14 03:25:56.655816+00:00
tigerin.xyz,AVAILABILITY,origin.list,2026-09-14 03:26:02.415457+00:00
toursks.xyz,AVAILABILITY,origin.list,2026-09-14 03:26:02.504334+00:00
tntity.xyz,AVAILABILITY,origin.list,2026-09-14 03:26:08.422554+00:00
trylve.xyz,AVAILABILITY,origin.list,2026-09-14 03:26:08.452400+00:00
12fafa.com,AVAILABILITY,origin.list,2026-09-14 03:26:14.161224+00:00
uniteby.xyz,AVAILABILITY,origin.list,2026-09-14 03:26:14.614263+00:00
0965.com,AVAILABILITY,origin.list,2026-09-14 03:26:20.506650+00:00
uniocity.xyz,AVAILABILITY,origin.list,2026-09-14 03:26:20.659860+00:00
twistst.xyz,AVAILABILITY,origin.list,2026-09-14 03:26:26.325675+00:00
windve.xyz,AVAILABILITY,origin.list,2026-09-14 03:26:26.495649+00:00
836852.com,AVAILABILITY,origin.list,2026-09-14 03:26:32.084315+00:00
upperby.xyz,AVAILABILITY,origin.list,2026-09-14 03:26:32.460302+00:00
as0099.com,AVAILABILITY,origin.list,2026-09-14 03:26:37.891369+00:00
bocai12.com,AVAILABILITY,origin.list,2026-09-14 03:26:38.227910+00:00
windvote.xyz,AVAILABILITY,origin.list,2026-09-14 03:26:43.819077+00:00
valefeel.xyz,AVAILABILITY,origin.list,2026-09-14 03:26:44.163824+00:00
48789ww.com,AVAILABILITY,origin.list,2026-09-14 03:26:49.598478+00:00
wisepinkk.xyz,AVAILABILITY,origin.list,2026-09-14 03:26:50.047294+00:00
390121.com,AVAILABILITY,origin.list,2026-09-14 03:26:55.355569+00:00
bet9733.com,AVAILABILITY,origin.list,2026-09-14 03:26:55.761844+00:00
n8vip89.com,AVAILABILITY,origin.list,2026-09-14 03:27:01.054571+00:00
youner.xyz,AVAILABILITY,origin.list,2026-09-14 03:27:02.095254+00:00
789bet3.co,AVAILABILITY,origin.list,2026-09-14 03:27:06.726520+00:00
1728877y.com,AVAILABILITY,origin.list,2026-09-14 03:27:07.947679+00:00
dongdonqidownsr.com,AVAILABILITY,origin.list,2026-09-14 03:27:12.529385+00:00
wolftab.xyz,AVAILABILITY,origin.list,2026-09-14 03:27:13.952295+00:00
96mgeng.com,AVAILABILITY,origin.list,2026-09-14 03:27:18.596379+00:00
7f4yusuyu-we43454efgwe.com,AVAILABILITY,origin.list,2026-09-14 03:27:20.001925+00:00
6686u.com,AVAILABILITY,origin.list,2026-09-14 03:27:35.100016+00:00
pb3655.com,AVAILABILITY,origin.list,2026-09-14 03:27:40.781308+00:00
staticnc88.com,AVAILABILITY,origin.list,2026-09-14 03:27:46.603097+00:00
cms.staticnc88.com,AVAILABILITY,origin.list,2026-09-14 03:27:52.429449+00:00
api.569981.top,AVAILABILITY,origin.list,2026-09-14 03:27:54.121613+00:00
fun7725.com,AVAILABILITY,origin.list,2026-09-14 03:27:58.296872+00:00
mgbet110.app,AVAILABILITY,origin.list,2026-09-14 03:27:59.987833+00:00
mgbet124.com,AVAILABILITY,origin.list,2026-09-14 03:28:04.190637+00:00
mgbet125.com,AVAILABILITY,origin.list,2026-09-14 03:28:05.789961+00:00
mgbet164.app,AVAILABILITY,origin.list,2026-09-14 03:28:10.025261+00:00
mgbet180.app,AVAILABILITY,origin.list,2026-09-14 03:28:11.583143+00:00
wowslot008.pro,AVAILABILITY,origin.list,2026-09-14 03:28:17.035522+00:00
mgbet126.com,AVAILABILITY,origin.list,2026-09-14 03:28:17.290953+00:00
mgbet171.app,AVAILABILITY,origin.list,2026-09-14 03:28:22.973388+00:00
mgbet166.app,AVAILABILITY,origin.list,2026-09-14 03:28:22.977390+00:00
mgbet52.app,AVAILABILITY,origin.list,2026-09-14 03:28:28.679318+00:00
mgbet193.app,AVAILABILITY,origin.list,2026-09-14 03:28:28.707812+00:00
fun2227.com,AVAILABILITY,origin.list,2026-09-14 03:28:34.597716+00:00
vuabet88.fyi,AVAILABILITY,origin.list,2026-09-14 03:28:35.950284+00:00
fungoal88.com,AVAILABILITY,origin.list,2026-09-14 03:28:40.299156+00:00
sg3588.com,AVAILABILITY,origin.list,2026-09-14 03:28:46.063697+00:00
mgbet65.app,AVAILABILITY,origin.list,2026-09-14 03:28:51.822839+00:00
16f16.com,AVAILABILITY,origin.list,2026-09-14 03:28:57.558477+00:00
dy37t.vip,AVAILABILITY,origin.list,2026-09-14 03:28:58.894979+00:00
9229105.com,AVAILABILITY,origin.list,2026-09-14 03:29:03.420757+00:00
cdn.vbet88.fun,AVAILABILITY,origin.list,2026-09-14 03:29:04.532640+00:00
4032zz.com,AVAILABILITY,origin.list,2026-09-14 03:29:09.432093+00:00
f.zccwhfffc.online,AVAILABILITY,origin.list,2026-09-14 03:29:15.135505+00:00
jbo265.com,AVAILABILITY,origin.list,2026-09-14 03:29:20.890433+00:00
78df.bet,AVAILABILITY,origin.list,2026-09-14 03:29:22.032223+00:00
betway557.com,AVAILABILITY,origin.list,2026-09-14 03:29:26.630051+00:00
jbo312.com,AVAILABILITY,origin.list,2026-09-14 03:29:27.973792+00:00
sh059.com,AVAILABILITY,origin.list,2026-09-14 03:29:32.314731+00:00
fun7730.com,AVAILABILITY,origin.list,2026-09-14 03:29:34.122690+00:00
97887v.com,AVAILABILITY,origin.list,2026-09-14 03:29:37.984535+00:00
55569v.com,AVAILABILITY,origin.list,2026-09-14 03:29:39.913923+00:00
92669v.com,AVAILABILITY,origin.list,2026-09-14 03:29:43.748788+00:00
kufun.fun,AVAILABILITY,origin.list,2026-09-14 03:29:45.859175+00:00
891006.com,AVAILABILITY,origin.list,2026-09-14 03:45:05.996692+00:00
459484.com,AVAILABILITY,origin.list,2026-09-14 03:45:06.016279+00:00
bet88347.com,AVAILABILITY,origin.list,2026-09-14 03:45:12.161023+00:00
6686-7.casino,AVAILABILITY,origin.list,2026-09-14 03:45:13.391762+00:00
h5emc9.com,AVAILABILITY,origin.list,2026-09-14 03:45:18.377378+00:00
68df.bet,AVAILABILITY,origin.list,2026-09-14 03:45:32.544692+00:00
150004.com,AVAILABILITY,origin.list,2026-09-14 03:45:36.195243+00:00
lotterystars.site,AVAILABILITY,origin.list,2026-09-14 03:45:38.607347+00:00
hvbet666.com,AVAILABILITY,origin.list,2026-09-14 03:45:44.715139+00:00
tai.vf88.win,AVAILABILITY,origin.list,2026-09-14 03:45:53.790426+00:00
kucasinovn.asia,AVAILABILITY,origin.list,2026-09-14 03:46:02.486667+00:00
000i9.com,AVAILABILITY,origin.list,2026-09-14 03:46:08.696089+00:00
68gamewin20.shop,AVAILABILITY,origin.list,2026-09-14 03:46:08.765135+00:00
3651728.com,AVAILABILITY,origin.list,2026-09-14 03:46:14.879169+00:00
001yabo.com,AVAILABILITY,origin.list,2026-09-14 03:46:14.982261+00:00
3651722.com,AVAILABILITY,origin.list,2026-09-14 03:46:21.151610+00:00
999365.biz,AVAILABILITY,origin.list,2026-09-14 03:46:23.946887+00:00
3651738.com,AVAILABILITY,origin.list,2026-09-14 03:46:30.426680+00:00
555win456.com,AVAILABILITY,origin.list,2026-09-14 03:46:36.553828+00:00
61121dh.com,AVAILABILITY,origin.list,2026-09-14 03:46:39.987343+00:00
8222173.com,AVAILABILITY,origin.list,2026-09-14 03:46:46.025104+00:00
bk8khjackpot.com,AVAILABILITY,origin.list,2026-09-14 03:46:52.218835+00:00
a44mch.hcm44.com,AVAILABILITY,origin.list,2026-09-14 03:46:58.702487+00:00
chendebao.com,AVAILABILITY,origin.list,2026-09-14 03:47:04.718544+00:00
bs16868.vip,AVAILABILITY,origin.list,2026-09-14 03:47:07.639430+00:00
lucky662.com,AVAILABILITY,origin.list,2026-09-14 03:47:10.877834+00:00
merlion2017.net,AVAILABILITY,origin.list,2026-09-14 03:47:13.706595+00:00
117356.com,AVAILABILITY,origin.list,2026-09-14 03:47:17.170107+00:00
99371v.com,AVAILABILITY,origin.list,2026-09-14 03:47:19.830857+00:00
1811j.com,AVAILABILITY,origin.list,2026-09-14 03:47:23.577302+00:00
6686-8.guide,AVAILABILITY,origin.list,2026-09-14 03:47:30.057262+00:00
1508056.com,AVAILABILITY,origin.list,2026-09-14 03:47:36.137539+00:00
beerli827.vip,AVAILABILITY,origin.list,2026-09-14 03:47:38.947573+00:00
279winvn.com,AVAILABILITY,origin.list,2026-09-14 03:47:42.487259+00:00
api.7378777.com,AVAILABILITY,origin.list,2026-09-14 03:47:45.023768+00:00
api.7525777.com,AVAILABILITY,origin.list,2026-09-14 03:47:48.901335+00:00
fi8818.com,AVAILABILITY,origin.list,2026-09-14 03:47:54.927629+00:00
kbo13.com,AVAILABILITY,origin.list,2026-09-14 03:47:57.005113+00:00
ss31666.net,AVAILABILITY,origin.list,2026-09-14 03:48:08.076535+00:00
pp31666.net,AVAILABILITY,origin.list,2026-09-14 03:48:18.322686+00:00
bossjili956.vip,AVAILABILITY,origin.list,2026-09-14 03:48:20.126568+00:00
96955v.com,AVAILABILITY,origin.list,2026-09-14 03:48:24.660425+00:00
99382v.com,AVAILABILITY,origin.list,2026-09-14 03:48:26.175021+00:00
99575v.com,AVAILABILITY,origin.list,2026-09-14 03:48:30.746806+00:00
yabo3.cn,AVAILABILITY,origin.list,2026-09-14 03:48:33.821031+00:00
99271v.com,AVAILABILITY,origin.list,2026-09-14 03:48:36.844095+00:00
wcdn.vbet88.fun,AVAILABILITY,origin.list,2026-09-14 03:48:39.706401+00:00
cache.f866u.cc,AVAILABILITY,origin.list,2026-09-14 03:48:42.773351+00:00
www.vbet88.fun,AVAILABILITY,origin.list,2026-09-14 03:48:45.732818+00:00
33beta.com,AVAILABILITY,origin.list,2026-09-14 03:48:48.869412+00:00
511lovejili.cc,AVAILABILITY,origin.list,2026-09-14 03:48:51.763720+00:00
api.mocbai.cc,AVAILABILITY,origin.list,2026-09-14 03:48:54.902989+00:00
heji2022.com,AVAILABILITY,origin.list,2026-09-14 03:48:57.842299+00:00
6686vn-8.bet,AVAILABILITY,origin.list,2026-09-14 03:49:02.397571+00:00
bibo566.com,AVAILABILITY,origin.list,2026-09-14 03:49:03.921212+00:00
fs8788.com,AVAILABILITY,origin.list,2026-09-14 03:49:10.025652+00:00
gz1999.com,AVAILABILITY,origin.list,2026-09-14 03:49:16.128307+00:00
sieubanca.vip,AVAILABILITY,origin.list,2026-09-14 03:49:21.434432+00:00
197001.net,AVAILABILITY,origin.list,2026-09-14 03:49:22.134467+00:00
5295wm6.app,AVAILABILITY,origin.list,2026-09-14 03:49:27.231743+00:00
7600.bet,AVAILABILITY,origin.list,2026-09-14 03:49:29.208239+00:00
789365.biz,AVAILABILITY,origin.list,2026-09-14 03:49:33.238196+00:00
bancarongdoi.com,AVAILABILITY,origin.list,2026-09-14 03:49:35.287331+00:00
jinbei888.net,AVAILABILITY,origin.list,2026-09-14 03:49:39.245324+00:00
ktoviet.live,AVAILABILITY,origin.list,2026-09-14 03:49:43.420470+00:00
www.dangkykubet.vip,AVAILABILITY,origin.list,2026-09-14 03:49:49.502871+00:00
appktovn.org,AVAILABILITY,origin.list,2026-09-14 03:49:51.771010+00:00
jbo915.com,AVAILABILITY,origin.list,2026-09-14 03:49:55.552462+00:00
sh051.com,AVAILABILITY,origin.list,2026-09-14 03:50:01.685568+00:00
f8bet03.com,AVAILABILITY,origin.list,2026-09-14 03:50:08.128087+00:00
sh070.com,AVAILABILITY,origin.list,2026-09-14 03:50:14.329615+00:00
tq247.vip,AVAILABILITY,origin.list,2026-09-14 04:06:09.241835+00:00
0001004.com,AVAILABILITY,origin.list,2026-09-14 04:06:15.024637+00:00
dy37o.vip,AVAILABILITY,origin.list,2026-09-14 04:06:15.247281+00:00
f8betvv.com,AVAILABILITY,origin.list,2026-09-14 04:06:21.170789+00:00
vnew88.asia,AVAILABILITY,origin.list,2026-09-14 04:06:24.073259+00:00
shbet06.com,AVAILABILITY,origin.list,2026-09-14 04:06:26.901885+00:00
f8betd.com,AVAILABILITY,origin.list,2026-09-14 04:06:29.888135+00:00
f8betii.com,AVAILABILITY,origin.list,2026-09-14 04:06:32.719966+00:00
shbetjj.com,AVAILABILITY,origin.list,2026-09-14 04:06:35.668526+00:00
shbetg.com,AVAILABILITY,origin.list,2026-09-14 04:06:38.537303+00:00
mgbet167.app,AVAILABILITY,origin.list,2026-09-14 04:06:41.280638+00:00
shbetkk.com,AVAILABILITY,origin.list,2026-09-14 04:06:44.270922+00:00
mgbet54.app,AVAILABILITY,origin.list,2026-09-14 04:06:47.346248+00:00
shbetl.com,AVAILABILITY,origin.list,2026-09-14 04:06:49.950175+00:00
7089bet.com,AVAILABILITY,origin.list,2026-09-14 04:06:55.661400+00:00
3shbet.com,AVAILABILITY,origin.list,2026-09-14 04:07:01.370669+00:00
724789.com,AVAILABILITY,origin.list,2026-09-14 04:07:07.049559+00:00
h8425.com,AVAILABILITY,origin.list,2026-09-14 04:07:12.435445+00:00
1xfast.com,AVAILABILITY,origin.list,2026-09-14 04:07:12.854122+00:00
f8betb.com,AVAILABILITY,origin.list,2026-09-14 04:07:18.257040+00:00
34reter.faefeswe858.xyz,AVAILABILITY,origin.list,2026-09-14 04:07:18.730086+00:00
148800.com,AVAILABILITY,origin.list,2026-09-14 04:07:23.991969+00:00
161ky.com,AVAILABILITY,origin.list,2026-09-14 04:07:24.454444+00:00
199y.net,AVAILABILITY,origin.list,2026-09-14 04:07:29.869538+00:00
1329j.com,AVAILABILITY,origin.list,2026-09-14 04:07:30.095738+00:00
281y.net,AVAILABILITY,origin.list,2026-09-14 04:07:35.624559+00:00
220053.com,AVAILABILITY,origin.list,2026-09-14 04:07:35.779731+00:00
300kyty.com,AVAILABILITY,origin.list,2026-09-14 04:07:41.416231+00:00
6731344.com,AVAILABILITY,origin.list,2026-09-14 04:07:41.454717+00:00
7648t.com,AVAILABILITY,origin.list,2026-09-14 04:07:47.168208+00:00
3865j.com,AVAILABILITY,origin.list,2026-09-14 04:07:47.217772+00:00
808092.com,AVAILABILITY,origin.list,2026-09-14 04:07:52.956477+00:00
21983.cn,AVAILABILITY,origin.list,2026-09-14 04:07:57.518729+00:00
db797.com,AVAILABILITY,origin.list,2026-09-14 04:07:58.718299+00:00
ae9888.com,AVAILABILITY,origin.list,2026-09-14 04:08:03.251908+00:00
i9929.com,AVAILABILITY,origin.list,2026-09-14 04:08:04.522719+00:00
i9578.com,AVAILABILITY,origin.list,2026-09-14 04:08:09.053126+00:00
i9939.com,AVAILABILITY,origin.list,2026-09-14 04:08:10.391580+00:00
f8betbb.com,AVAILABILITY,origin.list,2026-09-14 04:08:15.061571+00:00
f8betcc.com,AVAILABILITY,origin.list,2026-09-14 04:08:16.209113+00:00
f8beti.com,AVAILABILITY,origin.list,2026-09-14 04:08:20.961769+00:00
mgbet121.com,AVAILABILITY,origin.list,2026-09-14 04:08:21.993384+00:00
hdgbh8.com,AVAILABILITY,origin.list,2026-09-14 04:08:26.713357+00:00
shbetzz.com,AVAILABILITY,origin.list,2026-09-14 04:08:27.711954+00:00
mgbet111.app,AVAILABILITY,origin.list,2026-09-14 04:08:32.767622+00:00
shbetxx.com,AVAILABILITY,origin.list,2026-09-14 04:08:33.484060+00:00
mgbet196.app,AVAILABILITY,origin.list,2026-09-14 04:08:38.576517+00:00
image.lu88.co,AVAILABILITY,origin.list,2026-09-14 04:08:39.374862+00:00
58669v.com,AVAILABILITY,origin.list,2026-09-14 04:08:44.363940+00:00
661124.com,AVAILABILITY,origin.list,2026-09-14 04:08:45.171303+00:00
ferwfer345.xzfsdf898efsd.xyz,AVAILABILITY,origin.list,2026-09-14 04:08:50.056216+00:00
qc.tai789.icu,AVAILABILITY,origin.list,2026-09-14 04:08:55.700877+00:00
117131.com,AVAILABILITY,origin.list,2026-09-14 04:09:01.803054+00:00
fun0994.com,AVAILABILITY,origin.list,2026-09-14 04:09:07.573635+00:00
td.prism.bet,AVAILABILITY,origin.list,2026-09-14 04:09:11.985886+00:00
77328v.com,AVAILABILITY,origin.list,2026-09-14 04:09:13.360429+00:00
1523555.com,AVAILABILITY,origin.list,2026-09-14 04:09:17.731516+00:00
1567555.com,AVAILABILITY,origin.list,2026-09-14 04:09:19.368709+00:00
3925555.com,AVAILABILITY,origin.list,2026-09-14 04:09:23.460992+00:00
2818555.com,AVAILABILITY,origin.list,2026-09-14 04:09:25.066920+00:00
3999cz.com,AVAILABILITY,origin.list,2026-09-14 04:09:29.265314+00:00
5397555.com,AVAILABILITY,origin.list,2026-09-14 04:09:30.692251+00:00
33472.top,AVAILABILITY,origin.list,2026-09-14 04:09:35.684339+00:00
5798555.com,AVAILABILITY,origin.list,2026-09-14 04:09:36.504851+00:00
7289555.com,AVAILABILITY,origin.list,2026-09-14 04:09:41.407155+00:00
7568555.com,AVAILABILITY,origin.list,2026-09-14 04:09:42.190564+00:00
789081.com,AVAILABILITY,origin.list,2026-09-14 04:09:47.127070+00:00
www.039vip3.com,AVAILABILITY,origin.list,2026-09-14 04:09:51.410233+00:00
7899555.com,AVAILABILITY,origin.list,2026-09-14 04:09:52.839085+00:00
8596555.com,AVAILABILITY,origin.list,2026-09-14 04:09:57.137020+00:00
9173555.com,AVAILABILITY,origin.list,2026-09-14 04:09:58.622036+00:00
9367555.com,AVAILABILITY,origin.list,2026-09-14 04:10:02.744270+00:00
96mf8tt.com,AVAILABILITY,origin.list,2026-09-14 04:10:04.344052+00:00
96mluckyfortunes.com,AVAILABILITY,origin.list,2026-09-14 04:10:08.441949+00:00
96mh8ng.com,AVAILABILITY,origin.list,2026-09-14 04:10:10.324775+00:00
96msyiok.com,AVAILABILITY,origin.list,2026-09-14 04:10:14.225506+00:00
bet88098.com,AVAILABILITY,origin.list,2026-09-14 04:10:16.052722+00:00
bet88120.com,AVAILABILITY,origin.list,2026-09-14 04:10:19.994947+00:00
bet88133.com,AVAILABILITY,origin.list,2026-09-14 04:10:21.680478+00:00
bet88287.com,AVAILABILITY,origin.list,2026-09-14 04:10:25.643405+00:00
bet88254.com,AVAILABILITY,origin.list,2026-09-14 04:10:27.333010+00:00
hg56zz.com,AVAILABILITY,origin.list,2026-09-14 04:10:31.256020+00:00
hb1165.com,AVAILABILITY,origin.list,2026-09-14 04:10:33.018631+00:00
thichdota2.com,AVAILABILITY,origin.list,2026-09-14 04:10:37.170762+00:00
jstianzhizun.com,AVAILABILITY,origin.list,2026-09-14 04:10:38.908291+00:00
vip3659q.com,AVAILABILITY,origin.list,2026-09-14 04:26:33.031035+00:00
166079.com,AVAILABILITY,origin.list,2026-09-14 04:26:33.102857+00:00
92217v.com,AVAILABILITY,origin.list,2026-09-14 04:26:38.791859+00:00
winjili11.com,AVAILABILITY,origin.list,2026-09-14 04:26:38.936477+00:00
soi258.com,AVAILABILITY,origin.list,2026-09-14 04:26:44.550928+00:00
08538a.com,AVAILABILITY,origin.list,2026-09-14 04:26:44.632819+00:00
aw8bet.fun,AVAILABILITY,origin.list,2026-09-14 04:26:50.430030+00:00
2050999.com,AVAILABILITY,origin.list,2026-09-14 04:26:50.507044+00:00
zfgj4.win,AVAILABILITY,origin.list,2026-09-14 04:26:56.380030+00:00
www.f8bet4.com,AVAILABILITY,origin.list,2026-09-14 04:26:57.900315+00:00
hi678111.com,AVAILABILITY,origin.list,2026-09-14 04:27:02.275078+00:00
hi678228.com,AVAILABILITY,origin.list,2026-09-14 04:27:03.604431+00:00
hi678115.com,AVAILABILITY,origin.list,2026-09-14 04:27:09.444403+00:00
130hh.cn,AVAILABILITY,origin.list,2026-09-14 04:27:11.878984+00:00
hi678811.com,AVAILABILITY,origin.list,2026-09-14 04:27:15.095952+00:00
zfgj2.win,AVAILABILITY,origin.list,2026-09-14 04:27:17.806091+00:00
hi678226.com,AVAILABILITY,origin.list,2026-09-14 04:27:20.966965+00:00
typhu16.com,AVAILABILITY,origin.list,2026-09-14 04:27:23.684685+00:00
typhu17.com,AVAILABILITY,origin.list,2026-09-14 04:27:26.932420+00:00
typhu14.com,AVAILABILITY,origin.list,2026-09-14 04:27:29.431738+00:00
zfgj3.win,AVAILABILITY,origin.list,2026-09-14 04:27:32.681227+00:00
typhu21.com,AVAILABILITY,origin.list,2026-09-14 04:27:35.149226+00:00
typhu19.com,AVAILABILITY,origin.list,2026-09-14 04:27:38.318140+00:00
typhu20.com,AVAILABILITY,origin.list,2026-09-14 04:27:40.855902+00:00
typhu22.com,AVAILABILITY,origin.list,2026-09-14 04:27:44.042253+00:00
typhu23.com,AVAILABILITY,origin.list,2026-09-14 04:27:46.686327+00:00
typhu28.com,AVAILABILITY,origin.list,2026-09-14 04:27:49.933116+00:00
typhu25.com,AVAILABILITY,origin.list,2026-09-14 04:27:52.492066+00:00
typhu24.com,AVAILABILITY,origin.list,2026-09-14 04:27:55.651151+00:00
typhu27.com,AVAILABILITY,origin.list,2026-09-14 04:27:58.545128+00:00
zfgj9.win,AVAILABILITY,origin.list,2026-09-14 04:28:01.401291+00:00
typhu29.com,AVAILABILITY,origin.list,2026-09-14 04:28:04.366302+00:00
www.comebet.xyz,AVAILABILITY,origin.list,2026-09-14 04:28:07.058485+00:00
dafasport.asia,AVAILABILITY,origin.list,2026-09-14 04:28:12.862283+00:00
ffrrr.cn,AVAILABILITY,origin.list,2026-09-14 04:28:16.294977+00:00
typhu30.com,AVAILABILITY,origin.list,2026-09-14 04:28:18.482820+00:00
2566y9.com,AVAILABILITY,origin.list,2026-09-14 04:28:21.991660+00:00
57782v.com,AVAILABILITY,origin.list,2026-09-14 04:28:24.235462+00:00
77353v.com,AVAILABILITY,origin.list,2026-09-14 04:28:27.774405+00:00
77638v.com,AVAILABILITY,origin.list,2026-09-14 04:28:30.045505+00:00
57738v.com,AVAILABILITY,origin.list,2026-09-14 04:28:33.459139+00:00
i9669.com,AVAILABILITY,origin.list,2026-09-14 04:28:39.180112+00:00
tk26.cn,AVAILABILITY,origin.list,2026-09-14 04:28:39.866776+00:00
9933y.com,AVAILABILITY,origin.list,2026-09-14 04:28:45.070439+00:00
fun0997.com,AVAILABILITY,origin.list,2026-09-14 04:28:45.509138+00:00
65775v.com,AVAILABILITY,origin.list,2026-09-14 04:28:50.754204+00:00
22dabao.com,AVAILABILITY,origin.list,2026-09-14 04:28:51.166795+00:00
339921.com,AVAILABILITY,origin.list,2026-09-14 04:28:56.488351+00:00
cwinvip2.com,AVAILABILITY,origin.list,2026-09-14 04:28:56.885393+00:00
ue9bet.com,AVAILABILITY,origin.list,2026-09-14 04:29:02.253427+00:00
69958v.com,AVAILABILITY,origin.list,2026-09-14 04:29:02.537133+00:00
13071307.com,AVAILABILITY,origin.list,2026-09-14 04:29:07.972859+00:00
77131v.com,AVAILABILITY,origin.list,2026-09-14 04:29:08.253057+00:00
77393v.com,AVAILABILITY,origin.list,2026-09-14 04:29:13.689608+00:00
917789.com,AVAILABILITY,origin.list,2026-09-14 04:29:19.347249+00:00
a1193.com,AVAILABILITY,origin.list,2026-09-14 04:29:25.172691+00:00
jiliapp77.shop,AVAILABILITY,origin.list,2026-09-14 04:29:26.752083+00:00
77381v.com,AVAILABILITY,origin.list,2026-09-14 04:29:30.869199+00:00
play.sao789a.to,AVAILABILITY,origin.list,2026-09-14 04:29:36.772220+00:00
118118vn.com,AVAILABILITY,origin.list,2026-09-14 04:29:42.457527+00:00
0572tm.com,AVAILABILITY,origin.list,2026-09-14 04:29:48.116163+00:00
www.r1n7u.vip,AVAILABILITY,origin.list,2026-09-14 04:29:51.620026+00:00
12bida.com,AVAILABILITY,origin.list,2026-09-14 04:29:53.834887+00:00
12lanqiu.com,AVAILABILITY,origin.list,2026-09-14 04:29:57.441815+00:00
76772.com,AVAILABILITY,origin.list,2026-09-14 04:30:00.145464+00:00
67759v.com,AVAILABILITY,origin.list,2026-09-14 04:30:03.228922+00:00
aoays.xyz,AVAILABILITY,origin.list,2026-09-14 04:30:06.277014+00:00
6shbet.com,AVAILABILITY,origin.list,2026-09-14 04:30:09.066386+00:00
jiliappa.bond,AVAILABILITY,origin.list,2026-09-14 04:30:12.184484+00:00
f8betp.com,AVAILABILITY,origin.list,2026-09-14 04:30:14.890786+00:00
9shbet.com,AVAILABILITY,origin.list,2026-09-14 04:30:18.023875+00:00
f8betpp.com,AVAILABILITY,origin.list,2026-09-14 04:30:20.695995+00:00
mgbet134.app,AVAILABILITY,origin.list,2026-09-14 04:30:23.812663+00:00
f8betjj.com,AVAILABILITY,origin.list,2026-09-14 04:30:26.454121+00:00
23028t.com,AVAILABILITY,origin.list,2026-09-14 04:30:29.844165+00:00
336776j.com,AVAILABILITY,origin.list,2026-09-14 04:30:32.092775+00:00
jboxoso.com,AVAILABILITY,origin.list,2026-09-14 04:30:35.478551+00:00
ppbk8.com,AVAILABILITY,origin.list,2026-09-14 04:30:37.883093+00:00
shbetnn.com,AVAILABILITY,origin.list,2026-09-14 04:30:41.287589+00:00
jbolode.com,AVAILABILITY,origin.list,2026-09-14 04:30:43.598683+00:00
mgbet119.app,AVAILABILITY,origin.list,2026-09-14 04:30:47.208524+00:00
shbetmm.com,AVAILABILITY,origin.list,2026-09-14 04:30:49.317784+00:00
shbety.com,AVAILABILITY,origin.list,2026-09-14 04:30:52.869077+00:00
f8betw.com,AVAILABILITY,origin.list,2026-09-14 04:30:54.962857+00:00
shbetq.com,AVAILABILITY,origin.list,2026-09-14 04:30:58.660299+00:00
mgbet82.app,AVAILABILITY,origin.list,2026-09-14 04:31:00.736256+00:00
4726625.com,AVAILABILITY,origin.list,2026-09-14 04:31:04.577075+00:00
5226y.com,AVAILABILITY,origin.list,2026-09-14 04:46:59.247335+00:00
390198.com,AVAILABILITY,origin.list,2026-09-14 04:46:59.311887+00:00
4747234.com,AVAILABILITY,origin.list,2026-09-14 04:47:04.968240+00:00
da88vn.win,AVAILABILITY,origin.list,2026-09-14 04:47:05.292519+00:00
8889915.com,AVAILABILITY,origin.list,2026-09-14 04:47:10.792858+00:00
77224b.com,AVAILABILITY,origin.list,2026-09-14 04:47:11.091695+00:00
8813t.com,AVAILABILITY,origin.list,2026-09-14 04:47:16.659175+00:00
bb69821.com,AVAILABILITY,origin.list,2026-09-14 04:47:17.075296+00:00
bons26.com,AVAILABILITY,origin.list,2026-09-14 04:47:22.412433+00:00
affiliate.w88yes.com,AVAILABILITY,origin.list,2026-09-14 04:47:22.857028+00:00
cdnjiasuss.com,AVAILABILITY,origin.list,2026-09-14 04:47:28.212199+00:00
i91144.com,AVAILABILITY,origin.list,2026-09-14 04:47:28.766928+00:00
i91177.com,AVAILABILITY,origin.list,2026-09-14 04:47:34.091437+00:00
mabo1.com,AVAILABILITY,origin.list,2026-09-14 04:47:34.518984+00:00
jl7893.com,AVAILABILITY,origin.list,2026-09-14 04:47:39.732906+00:00
fundtransfer.w88yes.com,AVAILABILITY,origin.list,2026-09-14 04:47:40.557072+00:00
1039p.com,AVAILABILITY,origin.list,2026-09-14 04:47:45.634900+00:00
231210.com,AVAILABILITY,origin.list,2026-09-14 04:47:46.300444+00:00
m.w88yes.com,AVAILABILITY,origin.list,2026-09-14 04:47:51.672943+00:00
2812p.com,AVAILABILITY,origin.list,2026-09-14 04:47:51.966918+00:00
15589v.com,AVAILABILITY,origin.list,2026-09-14 04:47:57.434984+00:00
26vip88.com,AVAILABILITY,origin.list,2026-09-14 04:47:57.833972+00:00
230230bb.com,AVAILABILITY,origin.list,2026-09-14 04:48:03.144444+00:00
fa88vn.live,AVAILABILITY,origin.list,2026-09-14 04:48:05.720353+00:00
7722ky.com,AVAILABILITY,origin.list,2026-09-14 04:48:08.841873+00:00
82578.xyz,AVAILABILITY,origin.list,2026-09-14 04:48:11.576210+00:00
82588.xyz,AVAILABILITY,origin.list,2026-09-14 04:48:14.608301+00:00
ad21cda.com,AVAILABILITY,origin.list,2026-09-14 04:48:17.234446+00:00
82638.xyz,AVAILABILITY,origin.list,2026-09-14 04:48:20.345659+00:00
shbet95.com,AVAILABILITY,origin.list,2026-09-14 04:48:22.919713+00:00
82618.xyz,AVAILABILITY,origin.list,2026-09-14 04:48:26.164589+00:00
82688.xyz,AVAILABILITY,origin.list,2026-09-14 04:48:28.682051+00:00
66xun.com,AVAILABILITY,origin.list,2026-09-14 04:48:31.798837+00:00
82628.xyz,AVAILABILITY,origin.list,2026-09-14 04:48:34.470234+00:00
b98000.com,AVAILABILITY,origin.list,2026-09-14 04:48:37.621401+00:00
jiliapp77-vip.in,AVAILABILITY,origin.list,2026-09-14 04:48:40.701517+00:00
krounid.xyz,AVAILABILITY,origin.list,2026-09-14 04:48:43.550528+00:00
9270913793.com,AVAILABILITY,origin.list,2026-09-14 04:48:46.443067+00:00
dafeedws.ffsdfsd874fsdf.xyz,AVAILABILITY,origin.list,2026-09-14 04:48:49.395488+00:00
i91199.com,AVAILABILITY,origin.list,2026-09-14 04:48:52.289888+00:00
funjwge67.com,AVAILABILITY,origin.list,2026-09-14 04:48:55.150411+00:00
i91100.com,AVAILABILITY,origin.list,2026-09-14 04:49:00.992835+00:00
fun0991.com,AVAILABILITY,origin.list,2026-09-14 04:49:06.789808+00:00
lottstars.com,AVAILABILITY,origin.list,2026-09-14 04:49:08.848959+00:00
bet9537.com,AVAILABILITY,origin.list,2026-09-14 04:49:12.522562+00:00
bet9593.com,AVAILABILITY,origin.list,2026-09-14 04:49:14.600937+00:00
bet9553.com,AVAILABILITY,origin.list,2026-09-14 04:49:18.393341+00:00
288jili5.com,AVAILABILITY,origin.list,2026-09-14 04:49:20.260882+00:00
9279847.com,AVAILABILITY,origin.list,2026-09-14 04:49:24.354568+00:00
bbww777.com,AVAILABILITY,origin.list,2026-09-14 04:49:26.040281+00:00
19499.app,AVAILABILITY,origin.list,2026-09-14 04:49:30.000399+00:00
1700102.com,AVAILABILITY,origin.list,2026-09-14 04:49:32.078995+00:00
20251199.com,AVAILABILITY,origin.list,2026-09-14 04:49:35.694424+00:00
jiliapp77.cyou,AVAILABILITY,origin.list,2026-09-14 04:49:37.882933+00:00
jiliapp77.online,AVAILABILITY,origin.list,2026-09-14 04:49:41.557212+00:00
jiliapp99.cyou,AVAILABILITY,origin.list,2026-09-14 04:49:43.882877+00:00
20255599.com,AVAILABILITY,origin.list,2026-09-14 04:49:47.347449+00:00
20257799.com,AVAILABILITY,origin.list,2026-09-14 04:49:49.576507+00:00
8171234.com,AVAILABILITY,origin.list,2026-09-14 04:49:53.048788+00:00
5309464.com,AVAILABILITY,origin.list,2026-09-14 04:49:55.325623+00:00
8573917.com,AVAILABILITY,origin.list,2026-09-14 04:49:58.702210+00:00
mgm1332.com,AVAILABILITY,origin.list,2026-09-14 04:50:00.956710+00:00
junbet39.com,AVAILABILITY,origin.list,2026-09-14 04:50:04.376523+00:00
mgm2146.com,AVAILABILITY,origin.list,2026-09-14 04:50:06.703685+00:00
mgm2168.com,AVAILABILITY,origin.list,2026-09-14 04:50:10.027968+00:00
mgm2587.com,AVAILABILITY,origin.list,2026-09-14 04:50:12.404273+00:00
mgm2373.com,AVAILABILITY,origin.list,2026-09-14 04:50:15.906557+00:00
mgm2985.com,AVAILABILITY,origin.list,2026-09-14 04:50:18.226628+00:00
mgm4157.com,AVAILABILITY,origin.list,2026-09-14 04:50:23.930947+00:00
sbobetfun.org,AVAILABILITY,origin.list,2026-09-14 04:50:25.639568+00:00
mgm3975.com,AVAILABILITY,origin.list,2026-09-14 04:50:29.754677+00:00
mgm4480.com,AVAILABILITY,origin.list,2026-09-14 04:50:35.488075+00:00
mgm6269.com,AVAILABILITY,origin.list,2026-09-14 04:50:41.206897+00:00
61596.com,AVAILABILITY,origin.list,2026-09-14 04:50:42.301124+00:00
mgm6750.com,AVAILABILITY,origin.list,2026-09-14 04:50:48.049300+00:00
428428.cn,AVAILABILITY,origin.list,2026-09-14 04:50:50.812445+00:00
mgm7164.com,AVAILABILITY,origin.list,2026-09-14 04:50:53.746213+00:00
mgm7321.com,AVAILABILITY,origin.list,2026-09-14 04:50:56.500718+00:00
mgm5416.com,AVAILABILITY,origin.list,2026-09-14 04:50:59.768666+00:00
mgm4671.com,AVAILABILITY,origin.list,2026-09-14 04:51:02.195245+00:00
doc.188contents.com,AVAILABILITY,origin.list,2026-09-14 04:51:07.984600+00:00
920mm.cn,AVAILABILITY,origin.list,2026-09-14 04:51:10.101708+00:00
mgm7714.com,AVAILABILITY,origin.list,2026-09-14 04:51:13.692789+00:00
mgm9664.com,AVAILABILITY,origin.list,2026-09-14 04:51:19.381630+00:00
946677.com,AVAILABILITY,origin.list,2026-09-14 04:51:26.571115+00:00
ty26k.com,AVAILABILITY,origin.list,2026-09-14 05:07:20.973985+00:00
ddd54.cn,AVAILABILITY,origin.list,2026-09-14 05:07:25.691309+00:00
150390.com,AVAILABILITY,origin.list,2026-09-14 05:07:26.758655+00:00
668053.com,AVAILABILITY,origin.list,2026-09-14 05:07:31.460872+00:00
ty68k.com,AVAILABILITY,origin.list,2026-09-14 05:07:32.522692+00:00
8888350.com,AVAILABILITY,origin.list,2026-09-14 05:07:37.225103+00:00
hi678047.com,AVAILABILITY,origin.list,2026-09-14 05:07:38.358698+00:00
jt2811.com,AVAILABILITY,origin.list,2026-09-14 05:07:43.043159+00:00
j26361.com,AVAILABILITY,origin.list,2026-09-14 05:07:44.175689+00:00
jboweixin.com,AVAILABILITY,origin.list,2026-09-14 05:07:48.811755+00:00
188hg99.com,AVAILABILITY,origin.list,2026-09-14 05:07:49.951974+00:00
ra777.co,AVAILABILITY,origin.list,2026-09-14 05:07:54.755240+00:00
k8vvn8.com,AVAILABILITY,origin.list,2026-09-14 05:07:55.840171+00:00
k8vvn.com,AVAILABILITY,origin.list,2026-09-14 05:08:00.567361+00:00
670h.com,AVAILABILITY,origin.list,2026-09-14 05:08:01.637983+00:00
jboweibo.com,AVAILABILITY,origin.list,2026-09-14 05:08:06.337155+00:00
qh918.com,AVAILABILITY,origin.list,2026-09-14 05:08:07.292691+00:00
bet6975.com,AVAILABILITY,origin.list,2026-09-14 05:08:12.260452+00:00
qh92.com,AVAILABILITY,origin.list,2026-09-14 05:08:13.063167+00:00
8205-1.com,AVAILABILITY,origin.list,2026-09-14 05:08:18.110409+00:00
bet7783.com,AVAILABILITY,origin.list,2026-09-14 05:08:18.747583+00:00
188bet-pt.com,AVAILABILITY,origin.list,2026-09-14 05:08:23.872879+00:00
188bet-pt.net,AVAILABILITY,origin.list,2026-09-14 05:08:24.620935+00:00
188betmail.com,AVAILABILITY,origin.list,2026-09-14 05:08:29.552097+00:00
188games.net,AVAILABILITY,origin.list,2026-09-14 05:08:30.343358+00:00
ws-tx-g8.quayso.tv,AVAILABILITY,origin.list,2026-09-14 05:08:40.231939+00:00
j84.bet,AVAILABILITY,origin.list,2026-09-14 05:08:47.228370+00:00
k22138.com,AVAILABILITY,origin.list,2026-09-14 05:08:56.702407+00:00
kk1288.vip,AVAILABILITY,origin.list,2026-09-14 05:09:07.465420+00:00
188abc.net,AVAILABILITY,origin.list,2026-09-14 05:09:12.771774+00:00
188contents.com,AVAILABILITY,origin.list,2026-09-14 05:09:13.244773+00:00
cikaslot.com,AVAILABILITY,origin.list,2026-09-14 05:09:29.331811+00:00
overtime888.com,AVAILABILITY,origin.list,2026-09-14 05:09:29.906568+00:00
aff.taptap.asia,AVAILABILITY,origin.list,2026-09-14 05:09:45.425967+00:00
krbongvip.com,AVAILABILITY,origin.list,2026-09-14 05:09:46.416199+00:00
188asian.com,AVAILABILITY,origin.list,2026-09-14 05:09:57.005099+00:00
188banking.com,AVAILABILITY,origin.list,2026-09-14 05:10:02.168074+00:00
188bdt.com,AVAILABILITY,origin.list,2026-09-14 05:10:17.898756+00:00
k8vietnam.vip,AVAILABILITY,origin.list,2026-09-14 05:10:28.817182+00:00
wjpesovip36.shop,AVAILABILITY,origin.list,2026-09-14 05:10:40.563401+00:00
188be5.com,AVAILABILITY,origin.list,2026-09-14 05:10:44.773838+00:00
188kycid.com,AVAILABILITY,origin.list,2026-09-14 05:10:46.254939+00:00
188kycth.com,AVAILABILITY,origin.list,2026-09-14 05:10:50.426209+00:00
188best188.com,AVAILABILITY,origin.list,2026-09-14 05:11:02.181460+00:00
188bfet.com,AVAILABILITY,origin.list,2026-09-14 05:11:06.388110+00:00
024k2.com,AVAILABILITY,origin.list,2026-09-14 05:11:07.956645+00:00
188kycth2.com,AVAILABILITY,origin.list,2026-09-14 05:11:13.686070+00:00
029k2.com,AVAILABILITY,origin.list,2026-09-14 05:11:19.366164+00:00
188besar.com,AVAILABILITY,origin.list,2026-09-14 05:11:22.364699+00:00
436368.com,AVAILABILITY,origin.list,2026-09-14 05:11:25.159630+00:00
188kyckr.com,AVAILABILITY,origin.list,2026-09-14 05:11:28.192618+00:00
437258.com,AVAILABILITY,origin.list,2026-09-14 05:11:34.026654+00:00
188betting.com,AVAILABILITY,origin.list,2026-09-14 05:11:40.384201+00:00
188chs.com,AVAILABILITY,origin.list,2026-09-14 05:11:56.478202+00:00
188kyckr2.com,AVAILABILITY,origin.list,2026-09-14 05:28:48.574836+00:00
42982p.com,AVAILABILITY,origin.list,2026-09-14 05:28:54.953099+00:00
789jl.pro,AVAILABILITY,origin.list,2026-09-14 05:29:01.314922+00:00
fjili111.com,AVAILABILITY,origin.list,2026-09-14 05:29:07.641632+00:00
789jl.me,AVAILABILITY,origin.list,2026-09-14 05:29:15.342941+00:00
fjili444.com,AVAILABILITY,origin.list,2026-09-14 05:29:21.637043+00:00
188bet.org,AVAILABILITY,origin.list,2026-09-14 05:29:41.070231+00:00
vip712.com,AVAILABILITY,origin.list,2026-09-14 05:29:47.294981+00:00
473258.com,AVAILABILITY,origin.list,2026-09-14 05:29:53.548058+00:00
vn5.bet,AVAILABILITY,origin.list,2026-09-14 05:30:01.261377+00:00
875df.com,AVAILABILITY,origin.list,2026-09-14 05:30:04.239954+00:00
188goal.com,AVAILABILITY,origin.list,2026-09-14 05:30:07.265123+00:00
642368.com,AVAILABILITY,origin.list,2026-09-14 05:30:10.466850+00:00
ac7766.com,AVAILABILITY,origin.list,2026-09-14 05:30:16.606020+00:00
bk8kh168.com,AVAILABILITY,origin.list,2026-09-14 05:30:22.589731+00:00
188bret.com,AVAILABILITY,origin.list,2026-09-14 05:30:24.508113+00:00
bet365xo.com,AVAILABILITY,origin.list,2026-09-14 05:30:28.635397+00:00
188japan.com,AVAILABILITY,origin.list,2026-09-14 05:30:34.781165+00:00
188euro.com,AVAILABILITY,origin.list,2026-09-14 05:30:41.621064+00:00
code88.me,AVAILABILITY,origin.list,2026-09-14 05:30:47.976805+00:00
188family.com,AVAILABILITY,origin.list,2026-09-14 05:30:51.826223+00:00
188news.net,AVAILABILITY,origin.list,2026-09-14 05:30:53.958616+00:00
n99.live,AVAILABILITY,origin.list,2026-09-14 05:30:58.583764+00:00
151390.com,AVAILABILITY,origin.list,2026-09-14 05:30:59.953084+00:00
17tkg.com,AVAILABILITY,origin.list,2026-09-14 05:31:04.630360+00:00
18365bet.com,AVAILABILITY,origin.list,2026-09-14 05:31:06.000726+00:00
f8008.com,AVAILABILITY,origin.list,2026-09-14 05:31:10.916160+00:00
gowin138.com,AVAILABILITY,origin.list,2026-09-14 05:31:12.003484+00:00
38365bet.com,AVAILABILITY,origin.list,2026-09-14 05:31:18.019972+00:00
109yb.com,AVAILABILITY,origin.list,2026-09-14 05:31:24.007949+00:00
188gamepro.com,AVAILABILITY,origin.list,2026-09-14 05:31:27.932677+00:00
12742h.com,AVAILABILITY,origin.list,2026-09-14 05:31:30.018601+00:00
123871b.com,AVAILABILITY,origin.list,2026-09-14 05:31:33.856635+00:00
52gy.net,AVAILABILITY,origin.list,2026-09-14 05:31:36.382957+00:00
99958yy.com,AVAILABILITY,origin.list,2026-09-14 05:31:42.624209+00:00
5719111.com,AVAILABILITY,origin.list,2026-09-14 05:31:48.696828+00:00
188giaitri.com,AVAILABILITY,origin.list,2026-09-14 05:31:50.959368+00:00
b7565.com,AVAILABILITY,origin.list,2026-09-14 05:31:54.676821+00:00
h41tyc.com,AVAILABILITY,origin.list,2026-09-14 05:31:57.003745+00:00
h79tyc.com,AVAILABILITY,origin.list,2026-09-14 05:32:00.699003+00:00
h75tyc.com,AVAILABILITY,origin.list,2026-09-14 05:32:02.973204+00:00
w88wlive.com,AVAILABILITY,origin.list,2026-09-14 05:32:06.783986+00:00
xpj92928022.com,AVAILABILITY,origin.list,2026-09-14 05:32:08.960624+00:00
jiliappth19.com,AVAILABILITY,origin.list,2026-09-14 05:32:12.777028+00:00
wo7d.com,AVAILABILITY,origin.list,2026-09-14 05:32:15.015205+00:00
188letters.com,AVAILABILITY,origin.list,2026-09-14 05:32:18.935714+00:00
188newsletter.net,AVAILABILITY,origin.list,2026-09-14 05:32:21.048357+00:00
188pskr.com,AVAILABILITY,origin.list,2026-09-14 05:32:27.015882+00:00
m1.tin88.bet,AVAILABILITY,origin.list,2026-09-14 05:32:30.281194+00:00
188pskr2.com,AVAILABILITY,origin.list,2026-09-14 05:32:32.984852+00:00
ayx555.top,AVAILABILITY,origin.list,2026-09-14 05:32:38.027085+00:00
188psvn.com,AVAILABILITY,origin.list,2026-09-14 05:32:39.028296+00:00
188pscn.com,AVAILABILITY,origin.list,2026-09-14 05:32:43.968511+00:00
188service.net,AVAILABILITY,origin.list,2026-09-14 05:32:50.035840+00:00
188psvn2.com,AVAILABILITY,origin.list,2026-09-14 05:32:56.140043+00:00
188league.com,AVAILABILITY,origin.list,2026-09-14 05:32:56.302038+00:00
188rgkr.com,AVAILABILITY,origin.list,2026-09-14 05:33:02.168997+00:00
8xbe264.app,AVAILABILITY,origin.list,2026-09-14 05:33:02.703074+00:00
188rgcn2.com,AVAILABILITY,origin.list,2026-09-14 05:33:08.408843+00:00
8xbe960.app,AVAILABILITY,origin.list,2026-09-14 05:33:09.231973+00:00
188rgth.com,AVAILABILITY,origin.list,2026-09-14 05:33:14.687676+00:00
k8tip02.com,AVAILABILITY,origin.list,2026-09-14 05:49:09.101485+00:00
188rgvn.com,AVAILABILITY,origin.list,2026-09-14 05:49:09.123952+00:00
188rgth2.com,AVAILABILITY,origin.list,2026-09-14 05:49:14.910216+00:00
188micro.com,AVAILABILITY,origin.list,2026-09-14 05:49:20.512261+00:00
k8tip07.com,AVAILABILITY,origin.list,2026-09-14 05:49:20.776568+00:00
k8tip27.com,AVAILABILITY,origin.list,2026-09-14 05:49:26.446747+00:00
188rgvn2.com,AVAILABILITY,origin.list,2026-09-14 05:49:26.624106+00:00
k8tip24.com,AVAILABILITY,origin.list,2026-09-14 05:49:32.246686+00:00
k8top.com,AVAILABILITY,origin.list,2026-09-14 05:49:48.666048+00:00
188lotto.com,AVAILABILITY,origin.list,2026-09-14 05:50:04.772280+00:00
k8tip32.com,AVAILABILITY,origin.list,2026-09-14 05:50:10.724675+00:00
vip.039-vip1.com,AVAILABILITY,origin.list,2026-09-14 05:50:11.827833+00:00
k8vip89.com,AVAILABILITY,origin.list,2026-09-14 05:50:16.523554+00:00
kf622.com,AVAILABILITY,origin.list,2026-09-14 05:50:17.637964+00:00
k8vina89.com,AVAILABILITY,origin.list,2026-09-14 05:50:22.431203+00:00
188vipvn.com,AVAILABILITY,origin.list,2026-09-14 05:50:23.379869+00:00
new88ww.com,AVAILABILITY,origin.list,2026-09-14 05:50:28.129087+00:00
221139.com,AVAILABILITY,origin.list,2026-09-14 05:50:33.956606+00:00
188live.net,AVAILABILITY,origin.list,2026-09-14 05:50:39.479755+00:00
71678d.com,AVAILABILITY,origin.list,2026-09-14 05:50:39.679103+00:00
188slot.net,AVAILABILITY,origin.list,2026-09-14 05:50:45.341305+00:00
188niuniu.com,AVAILABILITY,origin.list,2026-09-14 05:51:01.126232+00:00
1577j.com,AVAILABILITY,origin.list,2026-09-14 05:51:06.818242+00:00
7169t.com,AVAILABILITY,origin.list,2026-09-14 05:51:12.509225+00:00
1xbet-domen.ru,AVAILABILITY,origin.list,2026-09-14 05:51:13.767749+00:00
helo88.best,AVAILABILITY,origin.list,2026-09-14 05:51:20.262728+00:00
qqsu.cn,AVAILABILITY,origin.list,2026-09-14 05:51:22.203089+00:00
yy80400.com,AVAILABILITY,origin.list,2026-09-14 05:51:25.976026+00:00
bolaku.sch.id,AVAILABILITY,origin.list,2026-09-14 05:51:28.807224+00:00
71678k.com,AVAILABILITY,origin.list,2026-09-14 05:51:31.685012+00:00
71678f.com,AVAILABILITY,origin.list,2026-09-14 05:51:34.543699+00:00
winning228.sch.id,AVAILABILITY,origin.list,2026-09-14 05:51:37.715342+00:00
71678h.com,AVAILABILITY,origin.list,2026-09-14 05:51:43.408972+00:00
6199dd.com,AVAILABILITY,origin.list,2026-09-14 05:51:49.077782+00:00
188pialadunia.com,AVAILABILITY,origin.list,2026-09-14 05:51:50.535737+00:00
db5518.com,AVAILABILITY,origin.list,2026-09-14 05:51:54.959119+00:00
188tiyuf1.com,AVAILABILITY,origin.list,2026-09-14 05:51:56.297096+00:00
188slot.com,AVAILABILITY,origin.list,2026-09-14 05:52:00.741111+00:00
admin.99win.host,AVAILABILITY,origin.list,2026-09-14 05:52:02.327597+00:00
1tamtam188.net,AVAILABILITY,origin.list,2026-09-14 05:52:06.556035+00:00
admin.99win.fans,AVAILABILITY,origin.list,2026-09-14 05:52:08.654983+00:00
188social.com,AVAILABILITY,origin.list,2026-09-14 05:52:22.666489+00:00
188thai580.com,AVAILABILITY,origin.list,2026-09-14 05:52:24.607911+00:00
18babo.com,AVAILABILITY,origin.list,2026-09-14 05:52:28.446535+00:00
42336j.com,AVAILABILITY,origin.list,2026-09-14 05:52:30.370090+00:00
hi678e1.com,AVAILABILITY,origin.list,2026-09-14 05:52:34.333475+00:00
fun88018.com,AVAILABILITY,origin.list,2026-09-14 05:52:40.134752+00:00
188sports.com,AVAILABILITY,origin.list,2026-09-14 05:52:41.922468+00:00
hi678d4.com,AVAILABILITY,origin.list,2026-09-14 05:52:46.036804+00:00
135098.com,AVAILABILITY,origin.list,2026-09-14 05:52:51.730455+00:00
188tiyu.net,AVAILABILITY,origin.list,2026-09-14 05:52:53.576047+00:00
k8vina18.com,AVAILABILITY,origin.list,2026-09-14 05:52:57.632879+00:00
hi678f9.com,AVAILABILITY,origin.list,2026-09-14 05:52:59.408501+00:00
omi.99win.host,AVAILABILITY,origin.list,2026-09-14 05:53:03.803843+00:00
188thethaovietnam.com,AVAILABILITY,origin.list,2026-09-14 05:53:10.952413+00:00
188ty188.com,AVAILABILITY,origin.list,2026-09-14 05:53:20.213508+00:00
188winwin.com,AVAILABILITY,origin.list,2026-09-14 05:53:27.050129+00:00
1win8.bet,AVAILABILITY,origin.list,2026-09-14 05:53:27.337303+00:00
omi.99win.fans,AVAILABILITY,origin.list,2026-09-14 05:53:33.364351+00:00
bintanglapan.com,AVAILABILITY,origin.list,2026-09-14 05:53:39.125273+00:00
m.6t995.com,AVAILABILITY,origin.list,2026-09-14 05:53:39.269392+00:00
chakbalkh.com,AVAILABILITY,origin.list,2026-09-14 05:53:44.987170+00:00
1xxpalxxpalxxb.com,AVAILABILITY,origin.list,2026-09-14 06:09:47.324927+00:00
one88th.com,AVAILABILITY,origin.list,2026-09-14 06:09:47.383440+00:00
topkubet.com,AVAILABILITY,origin.list,2026-09-14 06:09:53.324639+00:00
18b8et.com,AVAILABILITY,origin.list,2026-09-14 06:10:03.745454+00:00
188winner.com,AVAILABILITY,origin.list,2026-09-14 06:10:04.829204+00:00
188yingqiu.com,AVAILABILITY,origin.list,2026-09-14 06:10:20.195311+00:00
1b8e8t1b8e8t1b8e8t.com,AVAILABILITY,origin.list,2026-09-14 06:10:21.217022+00:00
1b8e8t.com,AVAILABILITY,origin.list,2026-09-14 06:10:36.784986+00:00
1tamtamvn.com,AVAILABILITY,origin.list,2026-09-14 06:10:37.741888+00:00
me88asia4.com,AVAILABILITY,origin.list,2026-09-14 06:10:53.020854+00:00
51wanqiu.com,AVAILABILITY,origin.list,2026-09-14 06:10:54.164629+00:00
51wanqiu.net,AVAILABILITY,origin.list,2026-09-14 06:11:09.585707+00:00
aff.51wanqiu.net,AVAILABILITY,origin.list,2026-09-14 06:11:10.553335+00:00
76c027.com,AVAILABILITY,origin.list,2026-09-14 06:11:15.556599+00:00
hengheng168.bet,AVAILABILITY,origin.list,2026-09-14 06:11:22.481710+00:00
bbanking34.com,AVAILABILITY,origin.list,2026-09-14 06:11:26.893208+00:00
76c014.com,AVAILABILITY,origin.list,2026-09-14 06:11:28.533897+00:00
jinbaobotiyu.com,AVAILABILITY,origin.list,2026-09-14 06:11:32.791467+00:00
bbanking12.com,AVAILABILITY,origin.list,2026-09-14 06:11:44.885025+00:00
51wanqiu.org,AVAILABILITY,origin.list,2026-09-14 06:11:49.095254+00:00
keilakh.com,AVAILABILITY,origin.list,2026-09-14 06:11:55.092966+00:00
lengbalkh.com,AVAILABILITY,origin.list,2026-09-14 06:12:00.953737+00:00
bongvn188.com,AVAILABILITY,origin.list,2026-09-14 06:12:01.330327+00:00
76c082.com,AVAILABILITY,origin.list,2026-09-14 06:12:06.993234+00:00
fafa188web.com,AVAILABILITY,origin.list,2026-09-14 06:12:07.187923+00:00
mot88b3et.com,AVAILABILITY,origin.list,2026-09-14 06:12:12.850458+00:00
78966.app,AVAILABILITY,origin.list,2026-09-14 06:12:13.665265+00:00
314789.com,AVAILABILITY,origin.list,2026-09-14 06:12:18.781130+00:00
7932666.com,AVAILABILITY,origin.list,2026-09-14 06:12:24.624974+00:00
cuocxau188bet.com,AVAILABILITY,origin.list,2026-09-14 06:12:30.054497+00:00
9019288.com,AVAILABILITY,origin.list,2026-09-14 06:12:30.436507+00:00
9521666.com,AVAILABILITY,origin.list,2026-09-14 06:12:35.971662+00:00
9571666.com,AVAILABILITY,origin.list,2026-09-14 06:12:36.286677+00:00
canasp.com,AVAILABILITY,origin.list,2026-09-14 06:12:41.813534+00:00
joyjili63.com,AVAILABILITY,origin.list,2026-09-14 06:12:42.156411+00:00
joyjili72.com,AVAILABILITY,origin.list,2026-09-14 06:12:47.970128+00:00
cuin188.net,AVAILABILITY,origin.list,2026-09-14 06:12:53.412601+00:00
u-dai.net,AVAILABILITY,origin.list,2026-09-14 06:12:53.827221+00:00
veb7788.com,AVAILABILITY,origin.list,2026-09-14 06:12:59.450156+00:00
www.rr88vip.site,AVAILABILITY,origin.list,2026-09-14 06:12:59.888742+00:00
palace88betz.org,AVAILABILITY,origin.list,2026-09-14 06:13:06.234047+00:00
jxf56.com,AVAILABILITY,origin.list,2026-09-14 06:13:12.467904+00:00
choibongtaptap.com,AVAILABILITY,origin.list,2026-09-14 06:13:15.892918+00:00
vip4466oo.com,AVAILABILITY,origin.list,2026-09-14 06:13:18.507902+00:00
f8betm.com,AVAILABILITY,origin.list,2026-09-14 06:13:24.333659+00:00
customerserviceroom.com,AVAILABILITY,origin.list,2026-09-14 06:13:32.174252+00:00
j1o8i8nb2e0t.com,AVAILABILITY,origin.list,2026-09-14 06:13:40.660166+00:00
jbbbet.com,AVAILABILITY,origin.list,2026-09-14 06:13:48.654470+00:00
dove.bet,AVAILABILITY,origin.list,2026-09-14 06:13:57.332797+00:00
tyc182.com,AVAILABILITY,origin.list,2026-09-14 06:14:03.401892+00:00
sc881.net,AVAILABILITY,origin.list,2026-09-14 06:14:04.546179+00:00
one88sanook.com,AVAILABILITY,origin.list,2026-09-14 06:14:09.389689+00:00
g188no1.net,AVAILABILITY,origin.list,2026-09-14 06:14:20.899075+00:00
th18eight.com,AVAILABILITY,origin.list,2026-09-14 06:30:23.540240+00:00
kanbf.net,AVAILABILITY,origin.list,2026-09-14 06:30:29.296688+00:00
kanzq.net,AVAILABILITY,origin.list,2026-09-14 06:30:40.008941+00:00
lenkeo188.com,AVAILABILITY,origin.list,2026-09-14 06:30:45.252376+00:00
my188.com,AVAILABILITY,origin.list,2026-09-14 06:30:56.450962+00:00
yesgame.shop,AVAILABILITY,origin.list,2026-09-14 06:30:59.671970+00:00
piphpkeila.com,AVAILABILITY,origin.list,2026-09-14 06:31:02.492367+00:00
my188my.com,AVAILABILITY,origin.list,2026-09-14 06:31:16.136765+00:00
my188promo.com,AVAILABILITY,origin.list,2026-09-14 06:31:18.967240+00:00
my188love.com,AVAILABILITY,origin.list,2026-09-14 06:31:35.421977+00:00
28255s.com,AVAILABILITY,origin.list,2026-09-14 06:31:41.297197+00:00
fun88-2013.com,AVAILABILITY,origin.list,2026-09-14 06:31:47.409654+00:00
fun88-kr8.com,AVAILABILITY,origin.list,2026-09-14 06:31:53.454762+00:00
one88lanqiu.com,AVAILABILITY,origin.list,2026-09-14 06:32:09.938191+00:00
fun88-kor.com,AVAILABILITY,origin.list,2026-09-14 06:32:15.988241+00:00
21663.com,AVAILABILITY,origin.list,2026-09-14 06:32:24.010702+00:00
k8banca.com,AVAILABILITY,origin.list,2026-09-14 06:32:29.887270+00:00
one88x1palpal.com,AVAILABILITY,origin.list,2026-09-14 06:32:32.466697+00:00
12livetv.com,AVAILABILITY,origin.list,2026-09-14 06:32:35.792576+00:00
2453w.com,AVAILABILITY,origin.list,2026-09-14 06:32:38.383226+00:00
863300.com,AVAILABILITY,origin.list,2026-09-14 06:32:41.690256+00:00
806633.com,AVAILABILITY,origin.list,2026-09-14 06:32:44.239534+00:00
37880r.com,AVAILABILITY,origin.list,2026-09-14 06:32:50.357992+00:00
one88zuqiu.com,AVAILABILITY,origin.list,2026-09-14 06:32:58.019502+00:00
kaivip.club,AVAILABILITY,origin.list,2026-09-14 06:33:01.467372+00:00
jiliappph02.com,AVAILABILITY,origin.list,2026-09-14 06:33:04.134344+00:00
bingojili5.com,AVAILABILITY,origin.list,2026-09-14 06:33:07.306899+00:00
xox477.com,AVAILABILITY,origin.list,2026-09-14 06:33:09.981793+00:00
porkerkh.com,AVAILABILITY,origin.list,2026-09-14 06:33:13.218203+00:00
yfvip66.com,AVAILABILITY,origin.list,2026-09-14 06:33:15.963004+00:00
admin.99win.ai,AVAILABILITY,origin.list,2026-09-14 06:33:19.609113+00:00
new106.com,AVAILABILITY,origin.list,2026-09-14 06:33:25.430336+00:00
omi.99win.ai,AVAILABILITY,origin.list,2026-09-14 06:33:31.747710+00:00
one88tiyu.com,AVAILABILITY,origin.list,2026-09-14 06:33:32.317248+00:00
jili2200.com,AVAILABILITY,origin.list,2026-09-14 06:33:38.158778+00:00
ytcc2.com,AVAILABILITY,origin.list,2026-09-14 06:33:43.974291+00:00
444reflex.com,AVAILABILITY,origin.list,2026-09-14 06:33:47.845517+00:00
nn7771.xyz,AVAILABILITY,origin.list,2026-09-14 06:33:50.167769+00:00
nn7770.xyz,AVAILABILITY,origin.list,2026-09-14 06:33:53.931074+00:00
2890888.com,AVAILABILITY,origin.list,2026-09-14 06:33:56.247508+00:00
crownjili33.com,AVAILABILITY,origin.list,2026-09-14 06:33:59.875805+00:00
nn7772.xyz,AVAILABILITY,origin.list,2026-09-14 06:34:02.395521+00:00
crownjili35.com,AVAILABILITY,origin.list,2026-09-14 06:34:08.211026+00:00
vuabet88.blog,AVAILABILITY,origin.list,2026-09-14 06:34:10.015293+00:00
one88xijia.com,AVAILABILITY,origin.list,2026-09-14 06:34:26.324216+00:00
m2.tin88.vip,AVAILABILITY,origin.list,2026-09-14 06:34:32.198412+00:00
baoyu77777.com,AVAILABILITY,origin.list,2026-09-14 06:34:44.782693+00:00
topwager888.com,AVAILABILITY,origin.list,2026-09-14 06:34:48.433140+00:00
crownjili54.com,AVAILABILITY,origin.list,2026-09-14 06:34:50.853062+00:00
12boqiu.com,AVAILABILITY,origin.list,2026-09-14 06:50:40.969368+00:00
8269x.net,AVAILABILITY,origin.list,2026-09-14 06:50:46.882657+00:00
sports918.com,AVAILABILITY,origin.list,2026-09-14 06:50:50.765855+00:00
8269z.net,AVAILABILITY,origin.list,2026-09-14 06:50:56.644389+00:00
one88yingchao.com,AVAILABILITY,origin.list,2026-09-14 06:50:58.408760+00:00
crownjili29.com,AVAILABILITY,origin.list,2026-09-14 06:51:04.324273+00:00
885673.com,AVAILABILITY,origin.list,2026-09-14 06:51:10.117614+00:00
sports918.org,AVAILABILITY,origin.list,2026-09-14 06:51:12.771581+00:00
9932x.com,AVAILABILITY,origin.list,2026-09-14 06:51:15.863512+00:00
crownjili37.com,AVAILABILITY,origin.list,2026-09-14 06:51:18.629643+00:00
crownjili60.com,AVAILABILITY,origin.list,2026-09-14 06:51:24.480567+00:00
vnbong188.com,AVAILABILITY,origin.list,2026-09-14 06:51:32.018735+00:00
crownjili94.com,AVAILABILITY,origin.list,2026-09-14 06:51:37.893000+00:00
tyso188.com,AVAILABILITY,origin.list,2026-09-14 06:51:40.406188+00:00
w9.v929.cc,AVAILABILITY,origin.list,2026-09-14 06:51:43.733714+00:00
win365good.com,AVAILABILITY,origin.list,2026-09-14 06:51:46.360516+00:00
f8betapp.net,AVAILABILITY,origin.list,2026-09-14 06:51:49.564995+00:00
789bet5.cc,AVAILABILITY,origin.list,2026-09-14 06:51:52.241097+00:00
yipalpal.com,AVAILABILITY,origin.list,2026-09-14 06:51:58.131446+00:00
wanlotto8.com,AVAILABILITY,origin.list,2026-09-14 06:52:05.550290+00:00
21451g.com,AVAILABILITY,origin.list,2026-09-14 06:52:11.330617+00:00
wanlotto8.net,AVAILABILITY,origin.list,2026-09-14 06:52:14.237149+00:00
9909bet.com,AVAILABILITY,origin.list,2026-09-14 06:52:17.026217+00:00
k8vnvip35.com,AVAILABILITY,origin.list,2026-09-14 06:52:22.886041+00:00
266928.com,AVAILABILITY,origin.list,2026-09-14 06:52:28.647579+00:00
428368.com,AVAILABILITY,origin.list,2026-09-14 06:52:30.265560+00:00
llv25.com,AVAILABILITY,origin.list,2026-09-14 06:52:34.634140+00:00
k8vnvip36.com,AVAILABILITY,origin.list,2026-09-14 06:52:35.943533+00:00
p78dd.com,AVAILABILITY,origin.list,2026-09-14 06:52:40.335195+00:00
mega888new.com,AVAILABILITY,origin.list,2026-09-14 06:52:41.665813+00:00
5579777.com,AVAILABILITY,origin.list,2026-09-14 06:52:46.787129+00:00
5711777.com,AVAILABILITY,origin.list,2026-09-14 06:52:47.984479+00:00
18eightth.com,AVAILABILITY,origin.list,2026-09-14 06:52:53.645651+00:00
777i9.com,AVAILABILITY,origin.list,2026-09-14 06:52:59.363990+00:00
xem188.com,AVAILABILITY,origin.list,2026-09-14 06:53:02.790784+00:00
k8bet.app,AVAILABILITY,origin.list,2026-09-14 06:53:05.101998+00:00
969706.com,AVAILABILITY,origin.list,2026-09-14 06:53:10.783493+00:00
1111se.cn,AVAILABILITY,origin.list,2026-09-14 06:53:11.705187+00:00
p4833.com,AVAILABILITY,origin.list,2026-09-14 06:53:16.583859+00:00
n0499.com,AVAILABILITY,origin.list,2026-09-14 06:53:17.462955+00:00
p4900.com,AVAILABILITY,origin.list,2026-09-14 06:53:22.484441+00:00
p4922.com,AVAILABILITY,origin.list,2026-09-14 06:53:23.156206+00:00
playgogleslot.com,AVAILABILITY,origin.list,2026-09-14 06:53:28.272046+00:00
www.kubet.biz,AVAILABILITY,origin.list,2026-09-14 06:53:34.268456+00:00
xj188bet.net,AVAILABILITY,origin.list,2026-09-14 06:53:39.069743+00:00
znapp402.com,AVAILABILITY,origin.list,2026-09-14 06:53:44.869859+00:00
jz6601.com,AVAILABILITY,origin.list,2026-09-14 06:53:50.675309+00:00
5936777.com,AVAILABILITY,origin.list,2026-09-14 06:53:57.170777+00:00
reg.lode88j.cc,AVAILABILITY,origin.list,2026-09-14 06:54:02.828644+00:00
12qiu.com,AVAILABILITY,origin.list,2026-09-14 06:54:08.813657+00:00
5986777.com,AVAILABILITY,origin.list,2026-09-14 06:54:15.233380+00:00
welike188.net,AVAILABILITY,origin.list,2026-09-14 06:54:31.424885+00:00
betwin2888net.com,AVAILABILITY,origin.list,2026-09-14 06:54:37.338169+00:00
api88888.com,AVAILABILITY,origin.list,2026-09-14 06:54:46.257243+00:00
i8pal.com,AVAILABILITY,origin.list,2026-09-14 06:54:51.975227+00:00
985554.com,AVAILABILITY,origin.list,2026-09-14 06:54:57.764103+00:00
xjzq666.com,AVAILABILITY,origin.list,2026-09-14 06:54:59.484160+00:00
crownjili19.com,AVAILABILITY,origin.list,2026-09-14 06:55:05.299617+00:00
5733777.com,AVAILABILITY,origin.list,2026-09-14 06:55:11.886619+00:00
landpage.tienlen2022.com,AVAILABILITY,origin.list,2026-09-14 06:55:14.790458+00:00
crownjili24.com,AVAILABILITY,origin.list,2026-09-14 07:10:22.535690+00:00
288jili3.com,AVAILABILITY,origin.list,2026-09-14 07:10:28.491903+00:00
xjzq666.net,AVAILABILITY,origin.list,2026-09-14 07:10:32.978822+00:00
19233s.com,AVAILABILITY,origin.list,2026-09-14 07:10:34.619719+00:00
1455555.com,AVAILABILITY,origin.list,2026-09-14 07:10:39.030568+00:00
jiliappin15.com,AVAILABILITY,origin.list,2026-09-14 07:10:40.645413+00:00
57lovejili.net,AVAILABILITY,origin.list,2026-09-14 07:10:45.033460+00:00
jiliappin16.com,AVAILABILITY,origin.list,2026-09-14 07:10:46.808486+00:00
taisam86.win,AVAILABILITY,origin.list,2026-09-14 07:10:52.006518+00:00
h8522.com,AVAILABILITY,origin.list,2026-09-14 07:10:52.672917+00:00
qh766.com,AVAILABILITY,origin.list,2026-09-14 07:10:58.696137+00:00
5938777.com,AVAILABILITY,origin.list,2026-09-14 07:10:58.706437+00:00
76c048.com,AVAILABILITY,origin.list,2026-09-14 07:11:04.978442+00:00
76c073.com,AVAILABILITY,origin.list,2026-09-14 07:11:11.004553+00:00
zqgogo.com,AVAILABILITY,origin.list,2026-09-14 07:11:15.309988+00:00
42917g.com,AVAILABILITY,origin.list,2026-09-14 07:11:17.046840+00:00
fjd999.com,AVAILABILITY,origin.list,2026-09-14 07:11:21.165632+00:00
kucasino.page,AVAILABILITY,origin.list,2026-09-14 07:11:23.316762+00:00
84891199.com,AVAILABILITY,origin.list,2026-09-14 07:11:29.165452+00:00
84892266.com,AVAILABILITY,origin.list,2026-09-14 07:11:35.049046+00:00
your188.com,AVAILABILITY,origin.list,2026-09-14 07:11:37.479186+00:00
84893366.com,AVAILABILITY,origin.list,2026-09-14 07:11:40.888882+00:00
84893377.com,AVAILABILITY,origin.list,2026-09-14 07:11:43.723375+00:00
zqgogo.net,AVAILABILITY,origin.list,2026-09-14 07:11:57.182571+00:00
7842.com,AVAILABILITY,origin.list,2026-09-14 07:11:58.939443+00:00
8xbe357.app,AVAILABILITY,origin.list,2026-09-14 07:12:03.370978+00:00
8xbe638.app,AVAILABILITY,origin.list,2026-09-14 07:12:05.355970+00:00
8xbe675.app,AVAILABILITY,origin.list,2026-09-14 07:12:09.663309+00:00
df8352.com,AVAILABILITY,origin.list,2026-09-14 07:12:11.311901+00:00
abcjili15.com,AVAILABILITY,origin.list,2026-09-14 07:12:15.582010+00:00
k8tip05.com,AVAILABILITY,origin.list,2026-09-14 07:12:21.394836+00:00
gsby88.com,AVAILABILITY,origin.list,2026-09-14 07:12:26.499032+00:00
b554588.com,AVAILABILITY,origin.list,2026-09-14 07:12:37.325170+00:00
918om.com,AVAILABILITY,origin.list,2026-09-14 07:12:41.089026+00:00
the88pro.com,AVAILABILITY,origin.list,2026-09-14 07:12:43.348748+00:00
8xbe676.app,AVAILABILITY,origin.list,2026-09-14 07:12:47.419546+00:00
the88thx.com,AVAILABILITY,origin.list,2026-09-14 07:12:49.187963+00:00
vpn8k.top,AVAILABILITY,origin.list,2026-09-14 07:12:57.168825+00:00
ilc568.com,AVAILABILITY,origin.list,2026-09-14 07:13:00.770019+00:00
266558b.com,AVAILABILITY,origin.list,2026-09-14 07:13:02.981240+00:00
77phdream.live,AVAILABILITY,origin.list,2026-09-14 07:13:08.582514+00:00
8xbe497.app,AVAILABILITY,origin.list,2026-09-14 07:13:09.232181+00:00
38407d.com,AVAILABILITY,origin.list,2026-09-14 07:13:14.424522+00:00
34728.cn,AVAILABILITY,origin.list,2026-09-14 07:13:19.193513+00:00
2121001.com,AVAILABILITY,origin.list,2026-09-14 07:13:20.305652+00:00
maindulu55.com,AVAILABILITY,origin.list,2026-09-14 07:13:25.060944+00:00
baht9ms.com,AVAILABILITY,origin.list,2026-09-14 07:13:26.234113+00:00
lilai36363.com,AVAILABILITY,origin.list,2026-09-14 07:13:30.914597+00:00
72038.biz,AVAILABILITY,origin.list,2026-09-14 07:13:35.194413+00:00
nankaikaikan.com,AVAILABILITY,origin.list,2026-09-14 07:13:36.834581+00:00
12betviet88.com,AVAILABILITY,origin.list,2026-09-14 07:13:41.136385+00:00
12betvn88.com,AVAILABILITY,origin.list,2026-09-14 07:13:42.734702+00:00
66849.cn,AVAILABILITY,origin.list,2026-09-14 07:13:53.407736+00:00
b5926748.com,AVAILABILITY,origin.list,2026-09-14 07:14:09.386194+00:00
511146.com,AVAILABILITY,origin.list,2026-09-14 07:14:15.243405+00:00
www.2121001.com,AVAILABILITY,origin.list,2026-09-14 07:14:21.400084+00:00
55565s.com,AVAILABILITY,origin.list,2026-09-14 07:14:27.405705+00:00
jiliapp-00.vip,AVAILABILITY,origin.list,2026-09-14 07:14:29.163201+00:00
bossjili12.com,AVAILABILITY,origin.list,2026-09-14 07:14:33.671037+00:00
55587s.com,AVAILABILITY,origin.list,2026-09-14 07:14:35.367746+00:00
fi8886.com,AVAILABILITY,origin.list,2026-09-14 07:14:39.735864+00:00
fi8887.com,AVAILABILITY,origin.list,2026-09-14 07:14:41.436960+00:00
scc47.com,AVAILABILITY,origin.list,2026-09-14 07:14:45.585555+00:00
jbo028.com,AVAILABILITY,origin.list,2026-09-14 07:14:47.352525+00:00
1100365.com,AVAILABILITY,origin.list,2026-09-14 07:14:51.424655+00:00
313kaiyun.net,AVAILABILITY,origin.list,2026-09-14 07:14:53.459040+00:00
vn12bet88.com,AVAILABILITY,origin.list,2026-09-14 07:14:57.315736+00:00
22223659.com,AVAILABILITY,origin.list,2026-09-14 07:14:59.891474+00:00
5500365.com,AVAILABILITY,origin.list,2026-09-14 07:15:03.544200+00:00
8381t.com,AVAILABILITY,origin.list,2026-09-14 07:15:06.033590+00:00
69779mm.com,AVAILABILITY,origin.list,2026-09-14 07:15:09.591541+00:00
7700365.com,AVAILABILITY,origin.list,2026-09-14 07:15:12.096539+00:00
bj88.estate,AVAILABILITY,origin.list,2026-09-14 07:15:15.828133+00:00
tf88776.com,AVAILABILITY,origin.list,2026-09-14 07:15:18.126661+00:00
d8787.net,AVAILABILITY,origin.list,2026-09-14 07:15:22.046047+00:00
ty23cc.com,AVAILABILITY,origin.list,2026-09-14 07:15:28.274587+00:00
lswjs.app,AVAILABILITY,origin.list,2026-09-14 07:15:33.233477+00:00
vntop88.com,AVAILABILITY,origin.list,2026-09-14 07:15:34.189204+00:00
your886.com,AVAILABILITY,origin.list,2026-09-14 07:15:40.071142+00:00
ad.playhit.biz,AVAILABILITY,origin.list,2026-09-14 07:15:44.303422+00:00
www.vntop88.com,AVAILABILITY,origin.list,2026-09-14 07:15:45.992216+00:00
wjpesostore.com,AVAILABILITY,origin.list,2026-09-14 07:15:50.134447+00:00
123qq88.me,AVAILABILITY,origin.list,2026-09-14 07:17:14.811625+00:00
1679777.com,AVAILABILITY,origin.list,2026-09-14 07:17:43.125072+00:00
5135777.com,AVAILABILITY,origin.list,2026-09-14 07:21:04.668129+00:00
5185777.com,AVAILABILITY,origin.list,2026-09-14 07:21:10.988756+00:00
5913999.com,AVAILABILITY,origin.list,2026-09-14 07:21:38.699986+00:00
6517777.com,AVAILABILITY,origin.list,2026-09-14 07:21:52.158560+00:00
8kk100.com,AVAILABILITY,origin.list,2026-09-14 07:23:31.567659+00:00
b6178s.com,AVAILABILITY,origin.list,2026-09-14 07:24:44.684764+00:00
fjd888.com,AVAILABILITY,origin.list,2026-09-14 07:26:43.788316+00:00
jili1188.com,AVAILABILITY,origin.list,2026-09-14 07:29:12.721945+00:00
vipwin.casino,AVAILABILITY,origin.list,2026-09-14 07:33:22.240396+00:00
wjbet-4.com,AVAILABILITY,origin.list,2026-09-14 07:35:28.310165+00:00
kyqp.info,AVAILABILITY,origin.list,2026-09-14 07:35:29.601990+00:00
b0778.com,AVAILABILITY,origin.list,2026-09-14 07:35:35.419498+00:00
for8887.com,AVAILABILITY,origin.list,2026-09-14 07:35:41.465073+00:00
bigdogbets777.com,AVAILABILITY,origin.list,2026-09-14 07:35:44.391642+00:00
236667.com,AVAILABILITY,origin.list,2026-09-14 07:35:47.295623+00:00
fi8838.com,AVAILABILITY,origin.list,2026-09-14 07:35:50.309890+00:00
vebo.bet,AVAILABILITY,origin.list,2026-09-14 07:35:53.671591+00:00
wjpesogame.in,AVAILABILITY,origin.list,2026-09-14 07:35:56.474795+00:00
fi8878.com,AVAILABILITY,origin.list,2026-09-14 07:35:59.447422+00:00
fi8898.com,AVAILABILITY,origin.list,2026-09-14 07:36:02.303179+00:00
565kb.com,AVAILABILITY,origin.list,2026-09-14 07:36:08.203841+00:00
k8viet1.com,AVAILABILITY,origin.list,2026-09-14 07:36:14.147262+00:00
bty1077.com,AVAILABILITY,origin.list,2026-09-14 07:36:20.035951+00:00
bty1078.com,AVAILABILITY,origin.list,2026-09-14 07:53:17.689658+00:00
bty1169.com,AVAILABILITY,origin.list,2026-09-14 07:53:23.937463+00:00
bty1170.com,AVAILABILITY,origin.list,2026-09-14 07:53:29.966548+00:00
bty1229.com,AVAILABILITY,origin.list,2026-09-14 07:53:35.816952+00:00
k8vipro29.com,AVAILABILITY,origin.list,2026-09-14 07:53:41.889461+00:00
hello88vip8.com,AVAILABILITY,origin.list,2026-09-14 07:53:47.729348+00:00
ktovn.net,AVAILABILITY,origin.list,2026-09-14 07:53:53.630177+00:00
www.bty1077.com,AVAILABILITY,origin.list,2026-09-14 07:53:59.784564+00:00
www.bty1078.com,AVAILABILITY,origin.list,2026-09-14 07:54:05.900406+00:00
www.bty1170.com,AVAILABILITY,origin.list,2026-09-14 07:54:11.943660+00:00
www.bty1169.com,AVAILABILITY,origin.list,2026-09-14 07:54:18.121617+00:00
55356.com,AVAILABILITY,origin.list,2026-09-14 07:54:19.741526+00:00
www.bty1229.com,AVAILABILITY,origin.list,2026-09-14 07:54:24.229866+00:00
tai789.icu,AVAILABILITY,origin.list,2026-09-14 07:54:25.880256+00:00
3659337.com,AVAILABILITY,origin.list,2026-09-14 07:54:30.088929+00:00
legabet.gay,AVAILABILITY,origin.list,2026-09-14 07:54:32.760091+00:00
lega88.gay,AVAILABILITY,origin.list,2026-09-14 07:54:36.084660+00:00
lp.sunwinvn.club,AVAILABILITY,origin.list,2026-09-14 07:54:38.759679+00:00
3u7oq.com,AVAILABILITY,origin.list,2026-09-14 07:54:41.933134+00:00
b2343.com,AVAILABILITY,origin.list,2026-09-14 07:54:44.660063+00:00
seobaba888.com,AVAILABILITY,origin.list,2026-09-14 07:54:50.508710+00:00
kyqp.shop,AVAILABILITY,origin.list,2026-09-14 07:54:55.978869+00:00
jiliparty9.com,AVAILABILITY,origin.list,2026-09-14 07:54:56.632408+00:00
ktovn.org,AVAILABILITY,origin.list,2026-09-14 07:55:02.973160+00:00
wjpesogame.shop,AVAILABILITY,origin.list,2026-09-14 07:55:06.986149+00:00
481368.com,AVAILABILITY,origin.list,2026-09-14 07:55:08.951298+00:00
35851.cn,AVAILABILITY,origin.list,2026-09-14 07:55:18.018686+00:00
wjpesovip47.shop,AVAILABILITY,origin.list,2026-09-14 07:55:20.990918+00:00
186wkfi51.com,AVAILABILITY,origin.list,2026-09-14 07:55:23.919569+00:00
734368.com,AVAILABILITY,origin.list,2026-09-14 07:55:26.877063+00:00
9220099.com,AVAILABILITY,origin.list,2026-09-14 07:55:29.755425+00:00
xox232.com,AVAILABILITY,origin.list,2026-09-14 07:55:32.885009+00:00
597895.com,AVAILABILITY,origin.list,2026-09-14 07:55:35.669551+00:00
dafacai360.com,AVAILABILITY,origin.list,2026-09-14 07:55:38.754463+00:00
hgw295.com,AVAILABILITY,origin.list,2026-09-14 07:55:41.516358+00:00
wjpesovip42.shop,AVAILABILITY,origin.list,2026-09-14 07:55:54.766124+00:00
12youcai.com,AVAILABILITY,origin.list,2026-09-14 07:56:00.611565+00:00
df8350.com,AVAILABILITY,origin.list,2026-09-14 07:56:06.570477+00:00
c168i.top,AVAILABILITY,origin.list,2026-09-14 07:56:13.200173+00:00
for8886.com,AVAILABILITY,origin.list,2026-09-14 07:56:19.032849+00:00
df8357.com,AVAILABILITY,origin.list,2026-09-14 07:56:24.931461+00:00
qh501.com,AVAILABILITY,origin.list,2026-09-14 07:56:30.864454+00:00
df8356.com,AVAILABILITY,origin.list,2026-09-14 07:56:36.737358+00:00
qh130.com,AVAILABILITY,origin.list,2026-09-14 07:56:42.627225+00:00
qh966.com,AVAILABILITY,origin.list,2026-09-14 07:56:48.489014+00:00
99572.com,AVAILABILITY,origin.list,2026-09-14 07:56:49.725873+00:00
www.qh130.com,AVAILABILITY,origin.list,2026-09-14 07:56:54.499583+00:00
117st.com,AVAILABILITY,origin.list,2026-09-14 07:56:55.557408+00:00
131611d.com,AVAILABILITY,origin.list,2026-09-14 07:57:00.364606+00:00
600xx.bet,AVAILABILITY,origin.list,2026-09-14 07:57:02.611130+00:00
www.qh501.com,AVAILABILITY,origin.list,2026-09-14 07:57:06.263685+00:00
3135588.com,AVAILABILITY,origin.list,2026-09-14 07:57:08.415425+00:00
557666z.com,AVAILABILITY,origin.list,2026-09-14 07:57:12.133191+00:00
api.8922030.com,AVAILABILITY,origin.list,2026-09-14 07:57:14.283892+00:00
557666x.com,AVAILABILITY,origin.list,2026-09-14 07:57:18.004973+00:00
f8betaa.com,AVAILABILITY,origin.list,2026-09-14 07:57:20.131625+00:00
k8live31.com,AVAILABILITY,origin.list,2026-09-14 07:57:26.157058+00:00
www.f8betaa.com,AVAILABILITY,origin.list,2026-09-14 07:57:29.900660+00:00
6686vip10.com,AVAILABILITY,origin.list,2026-09-14 07:57:32.235762+00:00
18778b.com,AVAILABILITY,origin.list,2026-09-14 07:57:38.063441+00:00
131611f.com,AVAILABILITY,origin.list,2026-09-14 08:13:14.230349+00:00
debet88.win,AVAILABILITY,origin.list,2026-09-14 08:13:15.388935+00:00
jiliappin12.com,AVAILABILITY,origin.list,2026-09-14 08:13:20.756662+00:00
jiliappin11.com,AVAILABILITY,origin.list,2026-09-14 08:13:22.139700+00:00
jiliappin14.com,AVAILABILITY,origin.list,2026-09-14 08:13:28.493229+00:00
ai861c.c168i.top,AVAILABILITY,origin.list,2026-09-14 08:13:29.570318+00:00
lv679lv.com,AVAILABILITY,origin.list,2026-09-14 08:13:34.993364+00:00
pj55719.com,AVAILABILITY,origin.list,2026-09-14 08:13:36.119896+00:00
vipjbo58.com,AVAILABILITY,origin.list,2026-09-14 08:13:41.405047+00:00
x12336.com,AVAILABILITY,origin.list,2026-09-14 08:13:42.489915+00:00
sa8835.com,AVAILABILITY,origin.list,2026-09-14 08:13:47.699373+00:00
sa8876.com,AVAILABILITY,origin.list,2026-09-14 08:13:48.852910+00:00
partner.2345qwe.com,AVAILABILITY,origin.list,2026-09-14 08:13:54.830465+00:00
sa8861.com,AVAILABILITY,origin.list,2026-09-14 08:13:55.219078+00:00
vip4466nn.com,AVAILABILITY,origin.list,2026-09-14 08:14:01.116864+00:00
0yui.com,AVAILABILITY,origin.list,2026-09-14 08:14:01.571830+00:00
6525s.com,AVAILABILITY,origin.list,2026-09-14 08:14:07.644785+00:00
6352s.com,AVAILABILITY,origin.list,2026-09-14 08:14:07.945614+00:00
gmudah-redirect.com,AVAILABILITY,origin.list,2026-09-14 08:14:13.958520+00:00
qxhqzx.net,AVAILABILITY,origin.list,2026-09-14 08:14:14.331647+00:00
ww88b.com,AVAILABILITY,origin.list,2026-09-14 08:14:20.506939+00:00
fundtransfer.w88bkk.com,AVAILABILITY,origin.list,2026-09-14 08:14:26.760984+00:00
affiliate.w88bkk.com,AVAILABILITY,origin.list,2026-09-14 08:14:26.901049+00:00
hibet18.com,AVAILABILITY,origin.list,2026-09-14 08:14:33.103458+00:00
jielisi168.com,AVAILABILITY,origin.list,2026-09-14 08:14:33.485413+00:00
info.w88bkk.com,AVAILABILITY,origin.list,2026-09-14 08:14:39.485400+00:00
mb6642.com,AVAILABILITY,origin.list,2026-09-14 08:14:39.826761+00:00
payment.w88bkk.com,AVAILABILITY,origin.list,2026-09-14 08:14:46.109743+00:00
w88bkk.com,AVAILABILITY,origin.list,2026-09-14 08:14:46.159041+00:00
tf88pro.net,AVAILABILITY,origin.list,2026-09-14 08:14:52.441745+00:00
rewards.w88bkk.com,AVAILABILITY,origin.list,2026-09-14 08:14:58.817425+00:00
0102c.com,AVAILABILITY,origin.list,2026-09-14 08:15:00.593192+00:00
sbetwin6.top,AVAILABILITY,origin.list,2026-09-14 08:15:06.344819+00:00
m.w88bkk.com,AVAILABILITY,origin.list,2026-09-14 08:15:07.125650+00:00
i9523.com,AVAILABILITY,origin.list,2026-09-14 08:15:12.638356+00:00
266558d.com,AVAILABILITY,origin.list,2026-09-14 08:15:13.481615+00:00
i9525.com,AVAILABILITY,origin.list,2026-09-14 08:15:18.994922+00:00
i9528.com,AVAILABILITY,origin.list,2026-09-14 08:15:19.838207+00:00
i9522.com,AVAILABILITY,origin.list,2026-09-14 08:15:25.316736+00:00
i9524.com,AVAILABILITY,origin.list,2026-09-14 08:15:26.167153+00:00
i9914.com,AVAILABILITY,origin.list,2026-09-14 08:15:31.634159+00:00
i9526.com,AVAILABILITY,origin.list,2026-09-14 08:15:32.808466+00:00
i9529.com,AVAILABILITY,origin.list,2026-09-14 08:15:37.956140+00:00
i9911.com,AVAILABILITY,origin.list,2026-09-14 08:15:39.443412+00:00
i9910.com,AVAILABILITY,origin.list,2026-09-14 08:15:44.309144+00:00
i9917.com,AVAILABILITY,origin.list,2026-09-14 08:15:45.832659+00:00
jililivea1.com,AVAILABILITY,origin.list,2026-09-14 08:15:50.658847+00:00
i9915.com,AVAILABILITY,origin.list,2026-09-14 08:15:52.125603+00:00
i9918.com,AVAILABILITY,origin.list,2026-09-14 08:15:56.988323+00:00
jililivea3.com,AVAILABILITY,origin.list,2026-09-14 08:15:58.492482+00:00
liupeichen.com,AVAILABILITY,origin.list,2026-09-14 08:16:03.472823+00:00
x21355.com,AVAILABILITY,origin.list,2026-09-14 08:16:04.818311+00:00
jiliappin13.com,AVAILABILITY,origin.list,2026-09-14 08:16:09.787252+00:00
jiliappin18.com,AVAILABILITY,origin.list,2026-09-14 08:16:11.211396+00:00
betway988.com,AVAILABILITY,origin.list,2026-09-14 08:16:16.171565+00:00
vip996635.com,AVAILABILITY,origin.list,2026-09-14 08:16:17.519540+00:00
84890099.com,AVAILABILITY,origin.list,2026-09-14 08:16:22.529549+00:00
jiliappin17.com,AVAILABILITY,origin.list,2026-09-14 08:16:23.855247+00:00
89jilipark.net,AVAILABILITY,origin.list,2026-09-14 08:16:28.865498+00:00
sitioscomo1xbet.com,AVAILABILITY,origin.list,2026-09-14 08:16:30.180370+00:00
jiliappin19.com,AVAILABILITY,origin.list,2026-09-14 08:16:35.220183+00:00
in.piccdn123.com,AVAILABILITY,origin.list,2026-09-14 08:16:36.514131+00:00
cpt-10.com,AVAILABILITY,origin.list,2026-09-14 08:16:41.528221+00:00
for8880.com,AVAILABILITY,origin.list,2026-09-14 08:16:42.890671+00:00
k8vnaaa111.net,AVAILABILITY,origin.list,2026-09-14 08:16:47.841375+00:00
k8vnaaa111.com,AVAILABILITY,origin.list,2026-09-14 08:16:49.226638+00:00
4859app3.com,AVAILABILITY,origin.list,2026-09-14 08:16:54.395318+00:00
fun881992.com,AVAILABILITY,origin.list,2026-09-14 08:16:55.777911+00:00
9526t.com,AVAILABILITY,origin.list,2026-09-14 08:17:00.967731+00:00
4859vip1.com,AVAILABILITY,origin.list,2026-09-14 08:17:02.137992+00:00
9dk23sd3kx8e.com,AVAILABILITY,origin.list,2026-09-14 08:17:07.474771+00:00
www.w88bkk.com,AVAILABILITY,origin.list,2026-09-14 08:17:08.852313+00:00
for8881.com,AVAILABILITY,origin.list,2026-09-14 08:17:13.797366+00:00
4859vip2.com,AVAILABILITY,origin.list,2026-09-14 08:17:15.243240+00:00
hgoal.net,AVAILABILITY,origin.list,2026-09-14 08:17:20.269343+00:00
4859app4.com,AVAILABILITY,origin.list,2026-09-14 08:17:21.633661+00:00
ys8go.net,AVAILABILITY,origin.list,2026-09-14 08:17:28.126170+00:00
089808.cn,AVAILABILITY,origin.list,2026-09-14 08:17:36.320799+00:00
vnsodo5.com,AVAILABILITY,origin.list,2026-09-14 08:17:38.615661+00:00
4859vip3.com,AVAILABILITY,origin.list,2026-09-14 08:17:42.665983+00:00
s87huuio.com,AVAILABILITY,origin.list,2026-09-14 08:17:45.023015+00:00
www18tk.com,AVAILABILITY,origin.list,2026-09-14 08:17:49.055538+00:00
1989237.com,AVAILABILITY,origin.list,2026-09-14 08:17:51.554920+00:00
xjlk9873lkdkjk.com,AVAILABILITY,origin.list,2026-09-14 08:17:55.375828+00:00
2042113.com,AVAILABILITY,origin.list,2026-09-14 08:17:57.958986+00:00
53812835.com,AVAILABILITY,origin.list,2026-09-14 08:18:01.713016+00:00
sv1.sv88.vu,AVAILABILITY,origin.list,2026-09-14 08:18:04.446779+00:00
comebet.xyz,AVAILABILITY,origin.list,2026-09-14 08:18:08.598404+00:00
i97776.com,AVAILABILITY,origin.list,2026-09-14 08:35:12.665100+00:00
fi88aff.com,AVAILABILITY,origin.list,2026-09-14 08:35:18.507428+00:00
mgm4205.com,AVAILABILITY,origin.list,2026-09-14 08:35:24.315710+00:00
mgm3095.com,AVAILABILITY,origin.list,2026-09-14 08:35:30.193209+00:00
mgm6577.com,AVAILABILITY,origin.list,2026-09-14 08:35:35.975367+00:00
mgm7275.com,AVAILABILITY,origin.list,2026-09-14 08:35:41.812523+00:00
mgm5408.com,AVAILABILITY,origin.list,2026-09-14 08:35:47.634733+00:00
sv1.sv88.ro,AVAILABILITY,origin.list,2026-09-14 08:35:54.124752+00:00
mgm7015.com,AVAILABILITY,origin.list,2026-09-14 08:35:59.957047+00:00
mgm7494.com,AVAILABILITY,origin.list,2026-09-14 08:36:05.646379+00:00
wee11.com,AVAILABILITY,origin.list,2026-09-14 08:36:11.396092+00:00
99810.com,AVAILABILITY,origin.list,2026-09-14 08:36:14.962584+00:00
mgm8672.com,AVAILABILITY,origin.list,2026-09-14 08:36:17.382551+00:00
yh8788.com,AVAILABILITY,origin.list,2026-09-14 08:36:20.815821+00:00
w9.vtyafe.com,AVAILABILITY,origin.list,2026-09-14 08:36:23.158323+00:00
mgm9794.com,AVAILABILITY,origin.list,2026-09-14 08:36:26.516829+00:00
wee70.com,AVAILABILITY,origin.list,2026-09-14 08:36:28.893705+00:00
36088847.com,AVAILABILITY,origin.list,2026-09-14 08:36:32.410347+00:00
992379.com,AVAILABILITY,origin.list,2026-09-14 08:36:34.664408+00:00
1728866e.com,AVAILABILITY,origin.list,2026-09-14 08:36:38.348831+00:00
jiliappin3.com,AVAILABILITY,origin.list,2026-09-14 08:36:40.528430+00:00
h88911.com,AVAILABILITY,origin.list,2026-09-14 08:36:44.056910+00:00
jiancegongsi.com,AVAILABILITY,origin.list,2026-09-14 08:36:46.280235+00:00
027saibo.com,AVAILABILITY,origin.list,2026-09-14 08:36:49.774869+00:00
mgm2781.com,AVAILABILITY,origin.list,2026-09-14 08:36:51.963571+00:00
03513659.com,AVAILABILITY,origin.list,2026-09-14 08:36:55.494932+00:00
k8cc.bet,AVAILABILITY,origin.list,2026-09-14 08:36:58.627956+00:00
05313659.com,AVAILABILITY,origin.list,2026-09-14 08:37:01.653709+00:00
384440.com,AVAILABILITY,origin.list,2026-09-14 08:37:04.528760+00:00
05713659.com,AVAILABILITY,origin.list,2026-09-14 08:37:07.452706+00:00
8764t.com,AVAILABILITY,origin.list,2026-09-14 08:37:10.306255+00:00
3115uu.com,AVAILABILITY,origin.list,2026-09-14 08:37:13.115617+00:00
11554642.com,AVAILABILITY,origin.list,2026-09-14 08:37:15.995601+00:00
16922com.com,AVAILABILITY,origin.list,2026-09-14 08:37:18.801967+00:00
11554648.com,AVAILABILITY,origin.list,2026-09-14 08:37:21.665079+00:00
11554664.com,AVAILABILITY,origin.list,2026-09-14 08:37:24.506982+00:00
304258.com,AVAILABILITY,origin.list,2026-09-14 08:37:27.390117+00:00
341368.com,AVAILABILITY,origin.list,2026-09-14 08:37:30.213162+00:00
342368.com,AVAILABILITY,origin.list,2026-09-14 08:37:33.240984+00:00
8889ks.com,AVAILABILITY,origin.list,2026-09-14 08:37:35.931495+00:00
8891ks.com,AVAILABILITY,origin.list,2026-09-14 08:37:38.944929+00:00
salon5670.com,AVAILABILITY,origin.list,2026-09-14 08:37:41.727931+00:00
866813.com,AVAILABILITY,origin.list,2026-09-14 08:37:44.640005+00:00
www.kubet77.win,AVAILABILITY,origin.list,2026-09-14 08:37:47.747283+00:00
zx5200.com,AVAILABILITY,origin.list,2026-09-14 08:37:50.348526+00:00
k8asia84.com,AVAILABILITY,origin.list,2026-09-14 08:37:53.380586+00:00
78k22.com,AVAILABILITY,origin.list,2026-09-14 08:37:56.019327+00:00
k8asia91.com,AVAILABILITY,origin.list,2026-09-14 08:37:59.106195+00:00
ylf8888.com,AVAILABILITY,origin.list,2026-09-14 08:38:01.710504+00:00
91288219.com,AVAILABILITY,origin.list,2026-09-14 08:38:05.015402+00:00
k8asia95.com,AVAILABILITY,origin.list,2026-09-14 08:38:07.354130+00:00
k8asia93.com,AVAILABILITY,origin.list,2026-09-14 08:38:10.792928+00:00
678057.com,AVAILABILITY,origin.list,2026-09-14 08:38:13.078250+00:00
8xbe121.app,AVAILABILITY,origin.list,2026-09-14 08:38:16.509922+00:00
8xbe124.app,AVAILABILITY,origin.list,2026-09-14 08:38:22.314572+00:00
8xbe123.app,AVAILABILITY,origin.list,2026-09-14 08:38:28.047378+00:00
skyhighwagers.com,AVAILABILITY,origin.list,2026-09-14 08:38:29.544631+00:00
8xbe203.app,AVAILABILITY,origin.list,2026-09-14 08:38:33.853798+00:00
8xbe204.app,AVAILABILITY,origin.list,2026-09-14 08:38:35.263550+00:00
8xbe206.app,AVAILABILITY,origin.list,2026-09-14 08:38:39.598128+00:00
8xbe207.app,AVAILABILITY,origin.list,2026-09-14 08:38:40.948206+00:00
8xbe266.app,AVAILABILITY,origin.list,2026-09-14 08:38:45.239236+00:00
8xbe351.app,AVAILABILITY,origin.list,2026-09-14 08:38:46.756753+00:00
8xbe352.app,AVAILABILITY,origin.list,2026-09-14 08:38:50.991049+00:00
8xbe358.app,AVAILABILITY,origin.list,2026-09-14 08:38:52.437695+00:00
8xbe442.app,AVAILABILITY,origin.list,2026-09-14 08:38:56.668873+00:00
8xbe493.app,AVAILABILITY,origin.list,2026-09-14 08:38:58.350474+00:00
8xbe491.app,AVAILABILITY,origin.list,2026-09-14 08:39:02.355053+00:00
8xbe356.app,AVAILABILITY,origin.list,2026-09-14 08:39:04.108698+00:00
8xbe494.app,AVAILABILITY,origin.list,2026-09-14 08:39:08.108219+00:00
8xbe492.app,AVAILABILITY,origin.list,2026-09-14 08:39:09.804462+00:00
8xbe495.app,AVAILABILITY,origin.list,2026-09-14 08:39:15.490529+00:00
8xbe496.app,AVAILABILITY,origin.list,2026-09-14 08:39:21.206104+00:00
8huangjinvip.com,AVAILABILITY,origin.list,2026-09-14 08:39:26.335026+00:00
8xbe499.app,AVAILABILITY,origin.list,2026-09-14 08:39:32.283569+00:00
qgc002.com,AVAILABILITY,origin.list,2026-09-14 08:39:37.816609+00:00
8xbe583.app,AVAILABILITY,origin.list,2026-09-14 08:55:45.771175+00:00
8xbe581.app,AVAILABILITY,origin.list,2026-09-14 08:55:45.918246+00:00
8xbe632.app,AVAILABILITY,origin.list,2026-09-14 08:55:52.177825+00:00
8xbe587.app,AVAILABILITY,origin.list,2026-09-14 08:55:52.191989+00:00
8xbe636.app,AVAILABILITY,origin.list,2026-09-14 08:55:58.542131+00:00
8xbe585.app,AVAILABILITY,origin.list,2026-09-14 08:55:58.698090+00:00
8xbe589.app,AVAILABILITY,origin.list,2026-09-14 08:56:05.014427+00:00
8xbe634.app,AVAILABILITY,origin.list,2026-09-14 08:56:05.045912+00:00
8xbe671.app,AVAILABILITY,origin.list,2026-09-14 08:56:11.393590+00:00
8xbe673.app,AVAILABILITY,origin.list,2026-09-14 08:56:11.480731+00:00
8xbe640.app,AVAILABILITY,origin.list,2026-09-14 08:56:17.687888+00:00
8xbe811.app,AVAILABILITY,origin.list,2026-09-14 08:56:17.958609+00:00
8xbe813.app,AVAILABILITY,origin.list,2026-09-14 08:56:24.612958+00:00
8xbe679.app,AVAILABILITY,origin.list,2026-09-14 08:56:30.817975+00:00
ph777f.com,AVAILABILITY,origin.list,2026-09-14 08:56:34.039854+00:00
58985.org,AVAILABILITY,origin.list,2026-09-14 08:56:36.764342+00:00
8xbe884.app,AVAILABILITY,origin.list,2026-09-14 08:56:40.216277+00:00
8xbe816.app,AVAILABILITY,origin.list,2026-09-14 08:56:43.148756+00:00
8xbe881.app,AVAILABILITY,origin.list,2026-09-14 08:56:46.660481+00:00
8xbe819.app,AVAILABILITY,origin.list,2026-09-14 08:56:49.467049+00:00
8xbe886.app,AVAILABILITY,origin.list,2026-09-14 08:56:53.075790+00:00
i92266.com,AVAILABILITY,origin.list,2026-09-14 08:56:55.448302+00:00
593756.org,AVAILABILITY,origin.list,2026-09-14 08:57:01.471994+00:00
8xbe951.app,AVAILABILITY,origin.list,2026-09-14 08:57:01.987428+00:00
8xbe954.app,AVAILABILITY,origin.list,2026-09-14 08:57:07.848805+00:00
111hhg.com,AVAILABILITY,origin.list,2026-09-14 08:57:07.892968+00:00
pz358.com,AVAILABILITY,origin.list,2026-09-14 08:57:13.823580+00:00
fb88v.net,AVAILABILITY,origin.list,2026-09-14 08:57:13.899412+00:00
1111vf.com,AVAILABILITY,origin.list,2026-09-14 08:57:19.776894+00:00
8xbe959.app,AVAILABILITY,origin.list,2026-09-14 08:57:20.045734+00:00
388595.com,AVAILABILITY,origin.list,2026-09-14 08:57:25.983875+00:00
9499369.com,AVAILABILITY,origin.list,2026-09-14 08:57:32.029114+00:00
luckysbook.com,AVAILABILITY,origin.list,2026-09-14 08:57:36.120111+00:00
1224hg.com,AVAILABILITY,origin.list,2026-09-14 08:57:38.027607+00:00
vip4466jj.com,AVAILABILITY,origin.list,2026-09-14 08:57:42.107667+00:00
w9.vtyai8.com,AVAILABILITY,origin.list,2026-09-14 08:57:44.026031+00:00
one88b.com,AVAILABILITY,origin.list,2026-09-14 08:57:48.141897+00:00
w9.vtyabq.com,AVAILABILITY,origin.list,2026-09-14 08:57:50.069860+00:00
357726.com,AVAILABILITY,origin.list,2026-09-14 08:57:54.022972+00:00
2255z6.com,AVAILABILITY,origin.list,2026-09-14 08:57:56.073883+00:00
885k6.com,AVAILABILITY,origin.list,2026-09-14 08:57:59.909247+00:00
zbo3c.com,AVAILABILITY,origin.list,2026-09-14 08:58:01.949083+00:00
692789.com,AVAILABILITY,origin.list,2026-09-14 08:58:05.918839+00:00
w9.vtyae3.com,AVAILABILITY,origin.list,2026-09-14 08:58:07.799057+00:00
ks8820.com,AVAILABILITY,origin.list,2026-09-14 08:58:11.748663+00:00
w9.vtyama.com,AVAILABILITY,origin.list,2026-09-14 08:58:13.781995+00:00
811390.com,AVAILABILITY,origin.list,2026-09-14 08:58:17.547514+00:00
w9.vtyaih.com,AVAILABILITY,origin.list,2026-09-14 08:58:19.671590+00:00
221108.com,AVAILABILITY,origin.list,2026-09-14 08:58:23.582725+00:00
w9.vtyat8.com,AVAILABILITY,origin.list,2026-09-14 08:58:25.712771+00:00
188psid.com,AVAILABILITY,origin.list,2026-09-14 08:58:29.408720+00:00
kf571.com,AVAILABILITY,origin.list,2026-09-14 08:58:31.636990+00:00
0778b.com,AVAILABILITY,origin.list,2026-09-14 08:58:35.272881+00:00
5vip365666.com,AVAILABILITY,origin.list,2026-09-14 08:58:37.482428+00:00
kf601.com,AVAILABILITY,origin.list,2026-09-14 08:58:41.144748+00:00
1989002.com,AVAILABILITY,origin.list,2026-09-14 08:58:43.365347+00:00
bw283.com,AVAILABILITY,origin.list,2026-09-14 08:58:47.236450+00:00
thone88.com,AVAILABILITY,origin.list,2026-09-14 08:58:49.154924+00:00
8988z.com,AVAILABILITY,origin.list,2026-09-14 08:58:53.148569+00:00
joinf8ba005.com,AVAILABILITY,origin.list,2026-09-14 08:58:55.065465+00:00
bmw7798.com,AVAILABILITY,origin.list,2026-09-14 08:58:59.032769+00:00
o7viet.com,AVAILABILITY,origin.list,2026-09-14 08:59:00.890579+00:00
fba8-angel187.com,AVAILABILITY,origin.list,2026-09-14 08:59:04.892626+00:00
ole76.com,AVAILABILITY,origin.list,2026-09-14 08:59:06.747781+00:00
o7vina.com,AVAILABILITY,origin.list,2026-09-14 08:59:10.920682+00:00
o7vn.com,AVAILABILITY,origin.list,2026-09-14 08:59:12.678423+00:00
olev7.com,AVAILABILITY,origin.list,2026-09-14 08:59:16.733923+00:00
www.o7vina.com,AVAILABILITY,origin.list,2026-09-14 08:59:18.643874+00:00
www.o7vn.com,AVAILABILITY,origin.list,2026-09-14 08:59:22.661893+00:00
jsyl055.com,AVAILABILITY,origin.list,2026-09-14 08:59:24.531467+00:00
www.o7viet.com,AVAILABILITY,origin.list,2026-09-14 08:59:28.586883+00:00
8863887.com,AVAILABILITY,origin.list,2026-09-14 08:59:30.353046+00:00
www.olev7.com,AVAILABILITY,origin.list,2026-09-14 08:59:34.532841+00:00
1278t.com,AVAILABILITY,origin.list,2026-09-14 08:59:36.165471+00:00
cambosports.com,AVAILABILITY,origin.list,2026-09-14 08:59:40.351567+00:00
0018b.com,AVAILABILITY,origin.list,2026-09-14 08:59:41.972586+00:00
admin.99win.casa,AVAILABILITY,origin.list,2026-09-14 08:59:47.102926+00:00
omi.99win.casa,AVAILABILITY,origin.list,2026-09-14 08:59:51.369828+00:00
kantonghoki.com,AVAILABILITY,origin.list,2026-09-14 08:59:53.026016+00:00
bty565.com,AVAILABILITY,origin.list,2026-09-14 08:59:57.243471+00:00
oneaightaight.com,AVAILABILITY,origin.list,2026-09-14 08:59:58.907284+00:00
jiliappng.com,AVAILABILITY,origin.list,2026-09-14 09:00:03.110306+00:00
wjpesoplay.shop,AVAILABILITY,origin.list,2026-09-14 09:16:24.799371+00:00
210161d.com,AVAILABILITY,origin.list,2026-09-14 09:16:31.022460+00:00
cuin188.com,AVAILABILITY,origin.list,2026-09-14 09:16:32.357723+00:00
228577k.com,AVAILABILITY,origin.list,2026-09-14 09:16:37.223546+00:00
v25776.top,AVAILABILITY,origin.list,2026-09-14 09:16:45.330460+00:00
188bet.global,AVAILABILITY,origin.list,2026-09-14 09:16:50.723934+00:00
336776g.com,AVAILABILITY,origin.list,2026-09-14 09:16:51.666275+00:00
210161o.com,AVAILABILITY,origin.list,2026-09-14 09:16:57.690873+00:00
v25556.top,AVAILABILITY,origin.list,2026-09-14 09:16:58.032248+00:00
228577c.com,AVAILABILITY,origin.list,2026-09-14 09:17:04.335662+00:00
aigw235ur.xyz,AVAILABILITY,origin.list,2026-09-14 09:17:04.347850+00:00
377992a.com,AVAILABILITY,origin.list,2026-09-14 09:17:10.609156+00:00
336776t.com,AVAILABILITY,origin.list,2026-09-14 09:17:10.671113+00:00
531051x.com,AVAILABILITY,origin.list,2026-09-14 09:17:16.928398+00:00
377992z.com,AVAILABILITY,origin.list,2026-09-14 09:17:16.945069+00:00
qh429.com,AVAILABILITY,origin.list,2026-09-14 09:17:23.324423+00:00
6y8n.com,AVAILABILITY,origin.list,2026-09-14 09:17:23.422611+00:00
www.bty565.com,AVAILABILITY,origin.list,2026-09-14 09:17:29.779405+00:00
217629.com,AVAILABILITY,origin.list,2026-09-14 09:17:32.289179+00:00
js445522.com,AVAILABILITY,origin.list,2026-09-14 09:17:35.879132+00:00
4466qq1.com,AVAILABILITY,origin.list,2026-09-14 09:17:38.390416+00:00
118831p.com,AVAILABILITY,origin.list,2026-09-14 09:17:41.977310+00:00
312199.com,AVAILABILITY,origin.list,2026-09-14 09:17:44.518242+00:00
x7243.com,AVAILABILITY,origin.list,2026-09-14 09:17:48.231638+00:00
4996p.com,AVAILABILITY,origin.list,2026-09-14 09:17:50.612312+00:00
www.d9bet68.com,AVAILABILITY,origin.list,2026-09-14 09:17:54.684617+00:00
api.k89.in,AVAILABILITY,origin.list,2026-09-14 09:17:56.786612+00:00
44889999.com,AVAILABILITY,origin.list,2026-09-14 09:18:00.810566+00:00
kk2661.com,AVAILABILITY,origin.list,2026-09-14 09:18:02.906793+00:00
mmlive.top,AVAILABILITY,origin.list,2026-09-14 09:18:08.145128+00:00
m8winvnn.com,AVAILABILITY,origin.list,2026-09-14 09:18:09.035604+00:00
881013.app,AVAILABILITY,origin.list,2026-09-14 09:18:13.939039+00:00
uw88vnd.com,AVAILABILITY,origin.list,2026-09-14 09:18:15.304911+00:00
gamvip88vin.com,AVAILABILITY,origin.list,2026-09-14 09:18:21.329212+00:00
sa8873.com,AVAILABILITY,origin.list,2026-09-14 09:18:27.412369+00:00
512xiaojin.com,AVAILABILITY,origin.list,2026-09-14 09:18:31.444274+00:00
sa8854.com,AVAILABILITY,origin.list,2026-09-14 09:18:33.655345+00:00
20wei.com,AVAILABILITY,origin.list,2026-09-14 09:18:37.698186+00:00
232335d.com,AVAILABILITY,origin.list,2026-09-14 09:18:43.795991+00:00
6f01.com,AVAILABILITY,origin.list,2026-09-14 09:18:49.970907+00:00
pacbets.com,AVAILABILITY,origin.list,2026-09-14 09:18:51.088730+00:00
jilimvp6.com,AVAILABILITY,origin.list,2026-09-14 09:18:56.192775+00:00
3238n.com,AVAILABILITY,origin.list,2026-09-14 09:19:02.362208+00:00
moi188188.com,AVAILABILITY,origin.list,2026-09-14 09:19:08.105358+00:00
3375999.com,AVAILABILITY,origin.list,2026-09-14 09:19:08.554247+00:00
323288f.com,AVAILABILITY,origin.list,2026-09-14 09:19:14.654952+00:00
12kickoff.com,AVAILABILITY,origin.list,2026-09-14 09:19:19.176037+00:00
292284.cn,AVAILABILITY,origin.list,2026-09-14 09:19:28.247779+00:00
2012dh10.org,AVAILABILITY,origin.list,2026-09-14 09:19:29.173710+00:00
am875.com,AVAILABILITY,origin.list,2026-09-14 09:19:34.438074+00:00
d9bet38.com,AVAILABILITY,origin.list,2026-09-14 09:19:40.609858+00:00
onepremier88.com,AVAILABILITY,origin.list,2026-09-14 09:19:46.480955+00:00
97289.cn,AVAILABILITY,origin.list,2026-09-14 09:19:48.411250+00:00
7406677.com,AVAILABILITY,origin.list,2026-09-14 09:19:52.693312+00:00
blhii.com,AVAILABILITY,origin.list,2026-09-14 09:19:54.529819+00:00
bmw602.com,AVAILABILITY,origin.list,2026-09-14 09:19:58.729955+00:00
d9bet88.com,AVAILABILITY,origin.list,2026-09-14 09:20:00.654352+00:00
d9bet68.com,AVAILABILITY,origin.list,2026-09-14 09:20:04.914056+00:00
fun627.com,AVAILABILITY,origin.list,2026-09-14 09:20:06.838145+00:00
11kk99.cn,AVAILABILITY,origin.list,2026-09-14 09:20:12.980077+00:00
wan188pk.com,AVAILABILITY,origin.list,2026-09-14 09:20:24.301262+00:00
k8asia79.com,AVAILABILITY,origin.list,2026-09-14 09:20:30.404654+00:00
to188xj.com,AVAILABILITY,origin.list,2026-09-14 09:20:30.501162+00:00
k8asia81.com,AVAILABILITY,origin.list,2026-09-14 09:20:36.598755+00:00
k8asia87.com,AVAILABILITY,origin.list,2026-09-14 09:20:36.668144+00:00
k8asia94.com,AVAILABILITY,origin.list,2026-09-14 09:20:42.922600+00:00
k8asia85.com,AVAILABILITY,origin.list,2026-09-14 09:20:49.271826+00:00
k8asia92.com,AVAILABILITY,origin.list,2026-09-14 09:36:30.402869+00:00
wanzuqiu8.net,AVAILABILITY,origin.list,2026-09-14 09:36:40.804294+00:00
k8euro.com,AVAILABILITY,origin.list,2026-09-14 09:36:46.623039+00:00
k8asia98.com,AVAILABILITY,origin.list,2026-09-14 09:36:46.653615+00:00
ty23k.com,AVAILABILITY,origin.list,2026-09-14 09:36:52.630346+00:00
k8asia83.com,AVAILABILITY,origin.list,2026-09-14 09:36:52.737495+00:00
k8asia97.com,AVAILABILITY,origin.list,2026-09-14 09:36:58.620419+00:00
vip4466ii.com,AVAILABILITY,origin.list,2026-09-14 09:36:58.743529+00:00
the88web.com,AVAILABILITY,origin.list,2026-09-14 09:37:04.649657+00:00
yiwanbaba.com,AVAILABILITY,origin.list,2026-09-14 09:37:10.642910+00:00
k8vi01.com,AVAILABILITY,origin.list,2026-09-14 09:37:14.836807+00:00
vns5913.com,AVAILABILITY,origin.list,2026-09-14 09:37:16.700834+00:00
f34232632fw.com,AVAILABILITY,origin.list,2026-09-14 09:37:20.825637+00:00
y5m.net,AVAILABILITY,origin.list,2026-09-14 09:37:22.682851+00:00
3900031.com,AVAILABILITY,origin.list,2026-09-14 09:37:28.751313+00:00
wanli6677.com,AVAILABILITY,origin.list,2026-09-14 09:37:34.875310+00:00
www.to188xj.com,AVAILABILITY,origin.list,2026-09-14 09:37:37.555442+00:00
298390.com,AVAILABILITY,origin.list,2026-09-14 09:37:40.714348+00:00
777c59.com,AVAILABILITY,origin.list,2026-09-14 09:37:43.424766+00:00
b2660.com,AVAILABILITY,origin.list,2026-09-14 09:37:46.603106+00:00
85568v.com,AVAILABILITY,origin.list,2026-09-14 09:37:49.457367+00:00
typhu26.com,AVAILABILITY,origin.list,2026-09-14 09:37:52.659641+00:00
fun0993.com,AVAILABILITY,origin.list,2026-09-14 09:37:55.312930+00:00
f8bet32.com,AVAILABILITY,origin.list,2026-09-14 09:37:58.533217+00:00
85536v.com,AVAILABILITY,origin.list,2026-09-14 09:38:01.426267+00:00
08538z.com,AVAILABILITY,origin.list,2026-09-14 09:38:04.467165+00:00
3503424.com,AVAILABILITY,origin.list,2026-09-14 09:38:07.299021+00:00
88555b.com,AVAILABILITY,origin.list,2026-09-14 09:38:10.308548+00:00
92772v.com,AVAILABILITY,origin.list,2026-09-14 09:38:13.241679+00:00
92257v.com,AVAILABILITY,origin.list,2026-09-14 09:38:16.137623+00:00
91822v.com,AVAILABILITY,origin.list,2026-09-14 09:38:19.371036+00:00
win88ball.com,AVAILABILITY,origin.list,2026-09-14 09:38:21.984590+00:00
hg9298.com,AVAILABILITY,origin.list,2026-09-14 09:38:25.336899+00:00
tai.samvip.bet,AVAILABILITY,origin.list,2026-09-14 09:38:31.790801+00:00
k8vivip65.com,AVAILABILITY,origin.list,2026-09-14 09:38:38.132402+00:00
shbet96.com,AVAILABILITY,origin.list,2026-09-14 09:38:43.689875+00:00
xpj1372.xyz,AVAILABILITY,origin.list,2026-09-14 09:38:44.426131+00:00
xpj1373.xyz,AVAILABILITY,origin.list,2026-09-14 09:38:51.511484+00:00
sum27.club,AVAILABILITY,origin.list,2026-09-14 09:38:57.463461+00:00
k8vvip.com,AVAILABILITY,origin.list,2026-09-14 09:38:59.726709+00:00
20256644.com,AVAILABILITY,origin.list,2026-09-14 09:39:03.338235+00:00
xpj1371.xyz,AVAILABILITY,origin.list,2026-09-14 09:39:05.817753+00:00
xpj1379.xyz,AVAILABILITY,origin.list,2026-09-14 09:39:09.398849+00:00
sum30.club,AVAILABILITY,origin.list,2026-09-14 09:39:12.692061+00:00
12bo8888.com,AVAILABILITY,origin.list,2026-09-14 09:39:15.325134+00:00
xpj1375.xyz,AVAILABILITY,origin.list,2026-09-14 09:39:18.808593+00:00
xpj1378.xyz,AVAILABILITY,origin.list,2026-09-14 09:39:21.407590+00:00
12liveodds.com,AVAILABILITY,origin.list,2026-09-14 09:39:24.615716+00:00
xpj1377.xyz,AVAILABILITY,origin.list,2026-09-14 09:39:27.534520+00:00
xpj1376.xyz,AVAILABILITY,origin.list,2026-09-14 09:39:33.627783+00:00
12betonline.com,AVAILABILITY,origin.list,2026-09-14 09:39:39.645747+00:00
12parlay.com,AVAILABILITY,origin.list,2026-09-14 09:39:45.550258+00:00
12betterodds.com,AVAILABILITY,origin.list,2026-09-14 09:39:51.409924+00:00
xpj1381.xyz,AVAILABILITY,origin.list,2026-09-14 09:39:57.501066+00:00
12sportsbet.com,AVAILABILITY,origin.list,2026-09-14 09:40:03.337846+00:00
xpj1389.xyz,AVAILABILITY,origin.list,2026-09-14 09:40:09.391723+00:00
7591239.com,AVAILABILITY,origin.list,2026-09-14 09:40:15.207650+00:00
ks8819.com,AVAILABILITY,origin.list,2026-09-14 09:40:21.057463+00:00
samvip.bet,AVAILABILITY,origin.list,2026-09-14 09:40:27.836437+00:00
a0100.com,AVAILABILITY,origin.list,2026-09-14 09:40:33.699886+00:00
wanli9999.com,AVAILABILITY,origin.list,2026-09-14 09:40:39.534307+00:00
betway996.com,AVAILABILITY,origin.list,2026-09-14 09:40:45.410701+00:00
app6731.com,AVAILABILITY,origin.list,2026-09-14 09:40:50.232770+00:00
bingojili6.com,AVAILABILITY,origin.list,2026-09-14 09:40:51.308272+00:00
sv128.co,AVAILABILITY,origin.list,2026-09-14 09:40:56.063857+00:00
hg65592.com,AVAILABILITY,origin.list,2026-09-14 09:40:57.143538+00:00
xn--12c4bpssas7d5ai4e9d.com,AVAILABILITY,origin.list,2026-09-14 09:41:01.924072+00:00
33yh006.com,AVAILABILITY,origin.list,2026-09-14 09:41:03.205790+00:00
tai.rikvip.vip,AVAILABILITY,origin.list,2026-09-14 09:41:07.796765+00:00
qh606.com,AVAILABILITY,origin.list,2026-09-14 09:41:09.003214+00:00
62779v.com,AVAILABILITY,origin.list,2026-09-14 09:41:15.037997+00:00
88coco.cn,AVAILABILITY,origin.list,2026-09-14 09:41:17.587580+00:00
9669s.com,AVAILABILITY,origin.list,2026-09-14 09:41:20.902227+00:00
5878001.com,AVAILABILITY,origin.list,2026-09-14 09:41:23.637407+00:00
thzscl.com,AVAILABILITY,origin.list,2026-09-14 09:41:26.743949+00:00
1shbet.com,AVAILABILITY,origin.list,2026-09-14 09:57:41.061115+00:00
736989.com,AVAILABILITY,origin.list,2026-09-14 09:57:41.062261+00:00
dbplay767.com,AVAILABILITY,origin.list,2026-09-14 09:57:47.083333+00:00
xvip21.win,AVAILABILITY,origin.list,2026-09-14 09:57:48.841907+00:00
1166789.com,AVAILABILITY,origin.list,2026-09-14 09:57:53.134942+00:00
76977v.com,AVAILABILITY,origin.list,2026-09-14 09:57:54.905301+00:00
v25336.top,AVAILABILITY,origin.list,2026-09-14 09:57:59.525950+00:00
761196.com,AVAILABILITY,origin.list,2026-09-14 09:58:00.935695+00:00
3518925.com,AVAILABILITY,origin.list,2026-09-14 09:58:05.581673+00:00
xvip26.win,AVAILABILITY,origin.list,2026-09-14 09:58:09.173265+00:00
2shbet.com,AVAILABILITY,origin.list,2026-09-14 09:58:11.719989+00:00
714789.com,AVAILABILITY,origin.list,2026-09-14 09:58:15.022982+00:00
745789.com,AVAILABILITY,origin.list,2026-09-14 09:58:21.123146+00:00
w9.vtyk888.com,AVAILABILITY,origin.list,2026-09-14 09:58:23.797876+00:00
7744789.com,AVAILABILITY,origin.list,2026-09-14 09:58:26.956013+00:00
4shbet.com,AVAILABILITY,origin.list,2026-09-14 09:58:29.924053+00:00
88789vip.com,AVAILABILITY,origin.list,2026-09-14 09:58:32.778377+00:00
7shbet.com,AVAILABILITY,origin.list,2026-09-14 09:58:38.666362+00:00
89917v.com,AVAILABILITY,origin.list,2026-09-14 09:58:41.888795+00:00
9944789.com,AVAILABILITY,origin.list,2026-09-14 09:58:44.489028+00:00
bweuro888.com,AVAILABILITY,origin.list,2026-09-14 09:58:47.839133+00:00
d21fw1vug3zabl.cloudfront.net,AVAILABILITY,origin.list,2026-09-14 09:58:50.319773+00:00
88739v.com,AVAILABILITY,origin.list,2026-09-14 09:58:53.665262+00:00
biwei5551.com,AVAILABILITY,origin.list,2026-09-14 09:58:56.155172+00:00
f8b1.com,AVAILABILITY,origin.list,2026-09-14 09:58:59.601869+00:00
f8b11.com,AVAILABILITY,origin.list,2026-09-14 09:59:02.272173+00:00
ano88.top,AVAILABILITY,origin.list,2026-09-14 09:59:05.620345+00:00
8shbet.com,AVAILABILITY,origin.list,2026-09-14 09:59:08.197981+00:00
f8b00.com,AVAILABILITY,origin.list,2026-09-14 09:59:11.478008+00:00
f8b22.com,AVAILABILITY,origin.list,2026-09-14 09:59:14.039329+00:00
f8b33.com,AVAILABILITY,origin.list,2026-09-14 09:59:17.301363+00:00
f8b0.com,AVAILABILITY,origin.list,2026-09-14 09:59:19.893892+00:00
f8b77.com,AVAILABILITY,origin.list,2026-09-14 09:59:23.178500+00:00
f8b99.com,AVAILABILITY,origin.list,2026-09-14 09:59:25.791223+00:00
f8b44.com,AVAILABILITY,origin.list,2026-09-14 09:59:29.241066+00:00
f8b55.com,AVAILABILITY,origin.list,2026-09-14 09:59:31.629178+00:00
f8bet06.com,AVAILABILITY,origin.list,2026-09-14 09:59:35.221380+00:00
f8b66.com,AVAILABILITY,origin.list,2026-09-14 09:59:37.505412+00:00
f8bet04.com,AVAILABILITY,origin.list,2026-09-14 09:59:41.039813+00:00
f8bet08.com,AVAILABILITY,origin.list,2026-09-14 09:59:43.465990+00:00
f8bet09.com,AVAILABILITY,origin.list,2026-09-14 09:59:46.878860+00:00
f8bet7.com,AVAILABILITY,origin.list,2026-09-14 09:59:49.369461+00:00
f8betee.com,AVAILABILITY,origin.list,2026-09-14 09:59:52.686317+00:00
f8betff.com,AVAILABILITY,origin.list,2026-09-14 09:59:55.215641+00:00
f8betdd.com,AVAILABILITY,origin.list,2026-09-14 09:59:58.560839+00:00
f8betg.com,AVAILABILITY,origin.list,2026-09-14 10:00:01.056403+00:00
014060.com,AVAILABILITY,origin.list,2026-09-14 10:00:04.512338+00:00
1571555.com,AVAILABILITY,origin.list,2026-09-14 10:00:07.285449+00:00
1573555.com,AVAILABILITY,origin.list,2026-09-14 10:00:10.492461+00:00
1672555.com,AVAILABILITY,origin.list,2026-09-14 10:00:13.121782+00:00
1731555.com,AVAILABILITY,origin.list,2026-09-14 10:00:16.299132+00:00
2157555.com,AVAILABILITY,origin.list,2026-09-14 10:00:19.195355+00:00
2326555.com,AVAILABILITY,origin.list,2026-09-14 10:00:22.126979+00:00
2398555.com,AVAILABILITY,origin.list,2026-09-14 10:00:25.079006+00:00
11bet.life,AVAILABILITY,origin.list,2026-09-14 10:00:28.000160+00:00
287575d.com,AVAILABILITY,origin.list,2026-09-14 10:00:30.935205+00:00
585831.com,AVAILABILITY,origin.list,2026-09-14 10:00:33.932361+00:00
5295wx.app,AVAILABILITY,origin.list,2026-09-14 10:00:37.436180+00:00
8922024.com,AVAILABILITY,origin.list,2026-09-14 10:00:39.790624+00:00
90470.net,AVAILABILITY,origin.list,2026-09-14 10:00:43.448118+00:00
9599wm6.app,AVAILABILITY,origin.list,2026-09-14 10:00:46.426841+00:00
cdn.avcjtodj.com,AVAILABILITY,origin.list,2026-09-14 10:00:49.301446+00:00
cdn65.avcjtodj.com,AVAILABILITY,origin.list,2026-09-14 10:00:52.476660+00:00
hh99a.com,AVAILABILITY,origin.list,2026-09-14 10:00:55.331185+00:00
jjapp7.com,AVAILABILITY,origin.list,2026-09-14 10:01:01.413344+00:00
43438.cn,AVAILABILITY,origin.list,2026-09-14 10:01:01.849384+00:00
ks162.com,AVAILABILITY,origin.list,2026-09-14 10:01:07.378894+00:00
ktoviet.net,AVAILABILITY,origin.list,2026-09-14 10:01:07.913197+00:00
sodoviet.net,AVAILABILITY,origin.list,2026-09-14 10:01:13.226956+00:00
twin444.com,AVAILABILITY,origin.list,2026-09-14 10:01:13.758292+00:00
2382555.com,AVAILABILITY,origin.list,2026-09-14 10:01:19.079151+00:00
3816555.com,AVAILABILITY,origin.list,2026-09-14 10:01:19.737506+00:00
5153555.com,AVAILABILITY,origin.list,2026-09-14 10:01:25.742376+00:00
ktovie.org,AVAILABILITY,origin.list,2026-09-14 10:01:26.992251+00:00
4384966.com,AVAILABILITY,origin.list,2026-09-14 10:01:31.722063+00:00
5816555.com,AVAILABILITY,origin.list,2026-09-14 10:01:32.809983+00:00
5266555.com,AVAILABILITY,origin.list,2026-09-14 10:01:37.799073+00:00
6672555.com,AVAILABILITY,origin.list,2026-09-14 10:01:38.737885+00:00
5817555.com,AVAILABILITY,origin.list,2026-09-14 10:01:43.612321+00:00
8952555.com,AVAILABILITY,origin.list,2026-09-14 10:01:44.575103+00:00
96mwealth.com,AVAILABILITY,origin.list,2026-09-14 10:01:49.671594+00:00
bet88905.com,AVAILABILITY,origin.list,2026-09-14 10:01:50.553606+00:00
bet88018.com,AVAILABILITY,origin.list,2026-09-14 10:01:55.555130+00:00
am0023.com,AVAILABILITY,origin.list,2026-09-14 10:18:07.638929+00:00
cf388arena.com,AVAILABILITY,origin.list,2026-09-14 10:18:07.682605+00:00
hg56bb.com,AVAILABILITY,origin.list,2026-09-14 10:18:13.720555+00:00
hg56dd.com,AVAILABILITY,origin.list,2026-09-14 10:18:13.878470+00:00
hg56ee.com,AVAILABILITY,origin.list,2026-09-14 10:18:19.820521+00:00
hg56ff.com,AVAILABILITY,origin.list,2026-09-14 10:18:19.902113+00:00
hg56jj.com,AVAILABILITY,origin.list,2026-09-14 10:18:25.909677+00:00
hg56hh.com,AVAILABILITY,origin.list,2026-09-14 10:18:25.978124+00:00
hg56gg.com,AVAILABILITY,origin.list,2026-09-14 10:18:31.779993+00:00
hg56ii.com,AVAILABILITY,origin.list,2026-09-14 10:18:31.942381+00:00
hg56kk.com,AVAILABILITY,origin.list,2026-09-14 10:18:37.898079+00:00
hg56ll.com,AVAILABILITY,origin.list,2026-09-14 10:18:38.062303+00:00
hg56mm.com,AVAILABILITY,origin.list,2026-09-14 10:18:43.993822+00:00
hg56nn.com,AVAILABILITY,origin.list,2026-09-14 10:18:44.229025+00:00
hg56oo.com,AVAILABILITY,origin.list,2026-09-14 10:18:50.029864+00:00
635278.com,AVAILABILITY,origin.list,2026-09-14 10:18:50.129622+00:00
88027120.com,AVAILABILITY,origin.list,2026-09-14 10:18:56.005600+00:00
iatkug.com,AVAILABILITY,origin.list,2026-09-14 10:18:56.066644+00:00
hg56qq.com,AVAILABILITY,origin.list,2026-09-14 10:19:02.128073+00:00
thethao90.com,AVAILABILITY,origin.list,2026-09-14 10:19:02.191132+00:00
hg56pp.com,AVAILABILITY,origin.list,2026-09-14 10:19:08.069430+00:00
hg56ss.com,AVAILABILITY,origin.list,2026-09-14 10:19:08.233840+00:00
hg56rr.com,AVAILABILITY,origin.list,2026-09-14 10:19:14.028558+00:00
hg56tt.com,AVAILABILITY,origin.list,2026-09-14 10:19:14.200416+00:00
hg56uu.com,AVAILABILITY,origin.list,2026-09-14 10:19:20.004544+00:00
hg56ww.com,AVAILABILITY,origin.list,2026-09-14 10:19:20.056153+00:00
hg56vv.com,AVAILABILITY,origin.list,2026-09-14 10:19:25.932377+00:00
hg56xx.com,AVAILABILITY,origin.list,2026-09-14 10:19:26.181486+00:00
hg56yy.com,AVAILABILITY,origin.list,2026-09-14 10:19:31.891829+00:00
i9bet.news,AVAILABILITY,origin.list,2026-09-14 10:19:32.141601+00:00
jiujiu98111.com,AVAILABILITY,origin.list,2026-09-14 10:19:37.967968+00:00
v5172.com,AVAILABILITY,origin.list,2026-09-14 10:19:38.108825+00:00
wns222o.com,AVAILABILITY,origin.list,2026-09-14 10:19:44.153030+00:00
f8betll.com,AVAILABILITY,origin.list,2026-09-14 10:19:50.060516+00:00
f8betgg.com,AVAILABILITY,origin.list,2026-09-14 10:19:55.993564+00:00
f8betkk.com,AVAILABILITY,origin.list,2026-09-14 10:20:01.964310+00:00
f8betj.com,AVAILABILITY,origin.list,2026-09-14 10:20:07.889044+00:00
188jiliae.com,AVAILABILITY,origin.list,2026-09-14 10:20:13.857318+00:00
397825.com,AVAILABILITY,origin.list,2026-09-14 10:20:19.805191+00:00
macao09.com,AVAILABILITY,origin.list,2026-09-14 10:20:20.279383+00:00
20254499.com,AVAILABILITY,origin.list,2026-09-14 10:20:26.248231+00:00
288jili4.com,AVAILABILITY,origin.list,2026-09-14 10:20:32.190722+00:00
6563s.com,AVAILABILITY,origin.list,2026-09-14 10:20:38.168023+00:00
20253399.com,AVAILABILITY,origin.list,2026-09-14 10:20:44.062976+00:00
dawdes.fgerfdd858.vip,AVAILABILITY,origin.list,2026-09-14 10:20:50.143431+00:00
long588.net,AVAILABILITY,origin.list,2026-09-14 10:21:04.752203+00:00
6867929.com,AVAILABILITY,origin.list,2026-09-14 10:21:10.662855+00:00
biwei1.com,AVAILABILITY,origin.list,2026-09-14 10:21:16.655575+00:00
6563r.com,AVAILABILITY,origin.list,2026-09-14 10:21:22.648243+00:00
7574545.com,AVAILABILITY,origin.list,2026-09-14 10:21:28.553492+00:00
288jili.store,AVAILABILITY,origin.list,2026-09-14 10:21:34.709715+00:00
b1785.com,AVAILABILITY,origin.list,2026-09-14 10:21:40.664569+00:00
mkaad.com,AVAILABILITY,origin.list,2026-09-14 10:21:45.638630+00:00
y5988.com,AVAILABILITY,origin.list,2026-09-14 10:21:46.574542+00:00
omi.99win.care,AVAILABILITY,origin.list,2026-09-14 10:21:52.527249+00:00
ss8812.com,AVAILABILITY,origin.list,2026-09-14 10:21:58.532736+00:00
f8betnn.com,AVAILABILITY,origin.list,2026-09-14 10:22:04.439175+00:00
bjtyby.com,AVAILABILITY,origin.list,2026-09-14 10:22:10.415573+00:00
f8beto.com,AVAILABILITY,origin.list,2026-09-14 10:22:16.301831+00:00
f8bethh.com,AVAILABILITY,origin.list,2026-09-14 10:22:22.474762+00:00
macao26.com,AVAILABILITY,origin.list,2026-09-14 10:22:28.669745+00:00
wjpesoplay.top,AVAILABILITY,origin.list,2026-09-14 10:22:28.729077+00:00
w9.v618.cc,AVAILABILITY,origin.list,2026-09-14 10:22:35.131848+00:00
f8betn.com,AVAILABILITY,origin.list,2026-09-14 10:38:05.250495+00:00
www.w88a3.com,AVAILABILITY,origin.list,2026-09-14 10:38:06.952317+00:00
6s567.com,AVAILABILITY,origin.list,2026-09-14 10:38:11.118296+00:00
w9.v621.cc,AVAILABILITY,origin.list,2026-09-14 10:38:13.627179+00:00
www.188betcn2.com,AVAILABILITY,origin.list,2026-09-14 10:38:30.328442+00:00
mostbet-uzbek.com,AVAILABILITY,origin.list,2026-09-14 10:38:36.228657+00:00
f8betq.com,AVAILABILITY,origin.list,2026-09-14 10:38:36.455666+00:00
f8betoo.com,AVAILABILITY,origin.list,2026-09-14 10:38:42.126617+00:00
f8bettt.com,AVAILABILITY,origin.list,2026-09-14 10:38:42.321721+00:00
f8betqq.com,AVAILABILITY,origin.list,2026-09-14 10:38:47.941438+00:00
f8betv.com,AVAILABILITY,origin.list,2026-09-14 10:38:48.201419+00:00
f8betuu.com,AVAILABILITY,origin.list,2026-09-14 10:38:53.952404+00:00
f8betww.com,AVAILABILITY,origin.list,2026-09-14 10:38:54.278625+00:00
f8betxx.com,AVAILABILITY,origin.list,2026-09-14 10:39:00.162039+00:00
f8betyy.com,AVAILABILITY,origin.list,2026-09-14 10:39:00.169812+00:00
f8bety.com,AVAILABILITY,origin.list,2026-09-14 10:39:05.966965+00:00
f8betzz.com,AVAILABILITY,origin.list,2026-09-14 10:39:06.089155+00:00
f8betz.com,AVAILABILITY,origin.list,2026-09-14 10:39:12.126828+00:00
hi678778.com,AVAILABILITY,origin.list,2026-09-14 10:39:12.203641+00:00
shbet01.com,AVAILABILITY,origin.list,2026-09-14 10:39:18.119291+00:00
hi678222.com,AVAILABILITY,origin.list,2026-09-14 10:39:18.157581+00:00
shb44.com,AVAILABILITY,origin.list,2026-09-14 10:39:23.988098+00:00
shb11.com,AVAILABILITY,origin.list,2026-09-14 10:39:24.033907+00:00
shbet07.com,AVAILABILITY,origin.list,2026-09-14 10:39:29.965635+00:00
shbet02.com,AVAILABILITY,origin.list,2026-09-14 10:39:30.022760+00:00
shbet03.com,AVAILABILITY,origin.list,2026-09-14 10:39:35.859798+00:00
shbet05.com,AVAILABILITY,origin.list,2026-09-14 10:39:36.206594+00:00
shbet09.com,AVAILABILITY,origin.list,2026-09-14 10:39:41.680660+00:00
shbet04.com,AVAILABILITY,origin.list,2026-09-14 10:39:42.030947+00:00
shbet11.com,AVAILABILITY,origin.list,2026-09-14 10:39:48.064476+00:00
shbet44.com,AVAILABILITY,origin.list,2026-09-14 10:39:53.912952+00:00
doingsbetaffiliate.com,AVAILABILITY,origin.list,2026-09-14 10:39:57.849943+00:00
shbet08.com,AVAILABILITY,origin.list,2026-09-14 10:39:59.849192+00:00
shbet22.com,AVAILABILITY,origin.list,2026-09-14 10:40:03.745542+00:00
shbet33.com,AVAILABILITY,origin.list,2026-09-14 10:40:05.714664+00:00
shbet55.com,AVAILABILITY,origin.list,2026-09-14 10:40:09.665361+00:00
7685588.com,AVAILABILITY,origin.list,2026-09-14 10:40:11.835437+00:00
shbetaa.com,AVAILABILITY,origin.list,2026-09-14 10:40:17.644945+00:00
trang188vn.com,AVAILABILITY,origin.list,2026-09-14 10:40:23.536253+00:00
lockfactory10.com,AVAILABILITY,origin.list,2026-09-14 10:40:25.737482+00:00
fsdr34534.zxfsdfd898.org,AVAILABILITY,origin.list,2026-09-14 10:40:30.021842+00:00
shbet77.com,AVAILABILITY,origin.list,2026-09-14 10:40:31.608256+00:00
shbetb.com,AVAILABILITY,origin.list,2026-09-14 10:40:35.887581+00:00
shbetbb.com,AVAILABILITY,origin.list,2026-09-14 10:40:37.468749+00:00
shbetcc.com,AVAILABILITY,origin.list,2026-09-14 10:40:41.828759+00:00
shbetdd.com,AVAILABILITY,origin.list,2026-09-14 10:40:43.278956+00:00
shbetc.com,AVAILABILITY,origin.list,2026-09-14 10:40:47.691837+00:00
shbete.com,AVAILABILITY,origin.list,2026-09-14 10:40:49.092972+00:00
shbetd.com,AVAILABILITY,origin.list,2026-09-14 10:40:53.555941+00:00
shbetee.com,AVAILABILITY,origin.list,2026-09-14 10:40:54.937900+00:00
shbetgg.com,AVAILABILITY,origin.list,2026-09-14 10:40:59.407943+00:00
shbeti.com,AVAILABILITY,origin.list,2026-09-14 10:41:00.843847+00:00
shbeth.com,AVAILABILITY,origin.list,2026-09-14 10:41:05.269746+00:00
shbetj.com,AVAILABILITY,origin.list,2026-09-14 10:41:06.686064+00:00
shbethh.com,AVAILABILITY,origin.list,2026-09-14 10:41:11.106758+00:00
shbetii.com,AVAILABILITY,origin.list,2026-09-14 10:41:12.557467+00:00
shbetll.com,AVAILABILITY,origin.list,2026-09-14 10:41:16.917196+00:00
shbetk.com,AVAILABILITY,origin.list,2026-09-14 10:41:18.433853+00:00
shbetn.com,AVAILABILITY,origin.list,2026-09-14 10:41:24.302771+00:00
1989231.com,AVAILABILITY,origin.list,2026-09-14 10:41:30.113490+00:00
tundrapicks.com,AVAILABILITY,origin.list,2026-09-14 10:41:32.949641+00:00
shbetqq.com,AVAILABILITY,origin.list,2026-09-14 10:41:35.976570+00:00
shbeto.com,AVAILABILITY,origin.list,2026-09-14 10:41:38.818140+00:00
shbetm.com,AVAILABILITY,origin.list,2026-09-14 10:41:41.829543+00:00
shbetrr.com,AVAILABILITY,origin.list,2026-09-14 10:41:44.598965+00:00
shbetr.com,AVAILABILITY,origin.list,2026-09-14 10:41:47.718736+00:00
shbetpp.com,AVAILABILITY,origin.list,2026-09-14 10:41:50.454551+00:00
shbetoo.com,AVAILABILITY,origin.list,2026-09-14 10:41:53.531726+00:00
shbetw.com,AVAILABILITY,origin.list,2026-09-14 10:41:56.314433+00:00
983863.com,AVAILABILITY,origin.list,2026-09-14 10:42:02.179275+00:00
heji628.com,AVAILABILITY,origin.list,2026-09-14 10:42:07.975781+00:00
shbetww.com,AVAILABILITY,origin.list,2026-09-14 10:42:13.788633+00:00
288jili.shop,AVAILABILITY,origin.list,2026-09-14 10:42:13.861967+00:00
shbetyy.com,AVAILABILITY,origin.list,2026-09-14 10:42:19.732288+00:00
shbetvv.com,AVAILABILITY,origin.list,2026-09-14 10:42:25.670158+00:00
shbetx.com,AVAILABILITY,origin.list,2026-09-14 10:42:31.560902+00:00
www.shbetvv.com,AVAILABILITY,origin.list,2026-09-14 10:42:37.417658+00:00
xn--sh-rv2cs15j.com,AVAILABILITY,origin.list,2026-09-14 10:42:43.297848+00:00
xn--sssh-394fo87n.com,AVAILABILITY,origin.list,2026-09-14 10:42:49.185815+00:00
3289h.com,AVAILABILITY,origin.list,2026-09-14 10:42:55.174547+00:00
551837.com,AVAILABILITY,origin.list,2026-09-14 10:43:01.429654+00:00
www.8559555.com,AVAILABILITY,origin.list,2026-09-14 10:58:44.572007+00:00
3289v.com,AVAILABILITY,origin.list,2026-09-14 10:58:50.696707+00:00
99373v.com,AVAILABILITY,origin.list,2026-09-14 10:58:56.799873+00:00
www.shbetgg.com,AVAILABILITY,origin.list,2026-09-14 10:59:03.080892+00:00
hi678661.com,AVAILABILITY,origin.list,2026-09-14 10:59:09.194108+00:00
cf68club.net,AVAILABILITY,origin.list,2026-09-14 10:59:15.263336+00:00
www.f8bet3.com,AVAILABILITY,origin.list,2026-09-14 10:59:22.231585+00:00
11661o.com,AVAILABILITY,origin.list,2026-09-14 10:59:28.155449+00:00
1663m.com,AVAILABILITY,origin.list,2026-09-14 10:59:34.254771+00:00
wjpesovip37.shop,AVAILABILITY,origin.list,2026-09-14 10:59:48.729378+00:00
329yb.com,AVAILABILITY,origin.list,2026-09-14 10:59:54.759356+00:00
vip8287.com,AVAILABILITY,origin.list,2026-09-14 10:59:59.900518+00:00
394368.com,AVAILABILITY,origin.list,2026-09-14 11:00:00.957772+00:00
88nn003.com,AVAILABILITY,origin.list,2026-09-14 11:00:06.197512+00:00
484258.com,AVAILABILITY,origin.list,2026-09-14 11:00:06.888573+00:00
betway-bw.com,AVAILABILITY,origin.list,2026-09-14 11:00:12.250881+00:00
788ct.com,AVAILABILITY,origin.list,2026-09-14 11:00:12.986839+00:00
h287tyc.com,AVAILABILITY,origin.list,2026-09-14 11:00:15.788440+00:00
h385tyc.com,AVAILABILITY,origin.list,2026-09-14 11:00:18.498401+00:00
h382tyc.com,AVAILABILITY,origin.list,2026-09-14 11:00:21.382479+00:00
wangnft.net,AVAILABILITY,origin.list,2026-09-14 11:00:24.502697+00:00
tc993.com,AVAILABILITY,origin.list,2026-09-14 11:00:27.238111+00:00
wnsr670.com,AVAILABILITY,origin.list,2026-09-14 11:00:30.429168+00:00
zx5333.com,AVAILABILITY,origin.list,2026-09-14 11:00:33.171013+00:00
zx6691.com,AVAILABILITY,origin.list,2026-09-14 11:00:36.474070+00:00
betway118.com,AVAILABILITY,origin.list,2026-09-14 11:00:39.100783+00:00
2059cc.com,AVAILABILITY,origin.list,2026-09-14 11:00:42.309327+00:00
zx5211.com,AVAILABILITY,origin.list,2026-09-14 11:00:44.958185+00:00
2059ee.com,AVAILABILITY,origin.list,2026-09-14 11:00:48.428417+00:00
2059nn.com,AVAILABILITY,origin.list,2026-09-14 11:00:50.825793+00:00
432784.com,AVAILABILITY,origin.list,2026-09-14 11:00:54.277920+00:00
6911wm6.app,AVAILABILITY,origin.list,2026-09-14 11:00:57.131516+00:00
8510wx.app,AVAILABILITY,origin.list,2026-09-14 11:01:00.784681+00:00
95996wx.app,AVAILABILITY,origin.list,2026-09-14 11:01:02.274455+00:00
br666.bet,AVAILABILITY,origin.list,2026-09-14 11:01:09.114737+00:00
appkto.org,AVAILABILITY,origin.list,2026-09-14 11:01:11.621382+00:00
k8fun.net,AVAILABILITY,origin.list,2026-09-14 11:01:15.024211+00:00
cado.pro,AVAILABILITY,origin.list,2026-09-14 11:01:17.773786+00:00
mbc520.com,AVAILABILITY,origin.list,2026-09-14 11:01:20.887542+00:00
www.v32nmu.vip,AVAILABILITY,origin.list,2026-09-14 11:01:24.348495+00:00
biwei8989.com,AVAILABILITY,origin.list,2026-09-14 11:01:26.764401+00:00
lt654df.com,AVAILABILITY,origin.list,2026-09-14 11:01:30.185850+00:00
963032.com,AVAILABILITY,origin.list,2026-09-14 11:01:32.689171+00:00
88go777.com,AVAILABILITY,origin.list,2026-09-14 11:01:36.040676+00:00
963062.com,AVAILABILITY,origin.list,2026-09-14 11:01:38.607860+00:00
55778899.com,AVAILABILITY,origin.list,2026-09-14 11:01:44.532210+00:00
bway980.com,AVAILABILITY,origin.list,2026-09-14 11:01:50.542821+00:00
6haovip.com,AVAILABILITY,origin.list,2026-09-14 11:01:52.147755+00:00
n26.live,AVAILABILITY,origin.list,2026-09-14 11:01:57.372432+00:00
ds53t.com,AVAILABILITY,origin.list,2026-09-14 11:02:03.361622+00:00
bigmatch88.com,AVAILABILITY,origin.list,2026-09-14 11:02:08.258992+00:00
ufaball.bet,AVAILABILITY,origin.list,2026-09-14 11:02:14.953806+00:00
fun8870.com,AVAILABILITY,origin.list,2026-09-14 11:02:20.981209+00:00
9883cc.com,AVAILABILITY,origin.list,2026-09-14 11:02:23.373601+00:00
vuabet88.yachts,AVAILABILITY,origin.list,2026-09-14 11:02:27.564511+00:00
dytkm.com,AVAILABILITY,origin.list,2026-09-14 11:02:29.276058+00:00
neko777.game,AVAILABILITY,origin.list,2026-09-14 11:02:34.001935+00:00
gd55id.net,AVAILABILITY,origin.list,2026-09-14 11:02:35.203302+00:00
taisunwin.live,AVAILABILITY,origin.list,2026-09-14 11:02:39.906184+00:00
fun7736.com,AVAILABILITY,origin.list,2026-09-14 11:02:41.098150+00:00
fun7726.com,AVAILABILITY,origin.list,2026-09-14 11:02:45.765343+00:00
api.sa8835.com,AVAILABILITY,origin.list,2026-09-14 11:02:47.058066+00:00
hi67858.com,AVAILABILITY,origin.list,2026-09-14 11:02:51.695720+00:00
gd55id.com,AVAILABILITY,origin.list,2026-09-14 11:02:52.928341+00:00
heji88.net,AVAILABILITY,origin.list,2026-09-14 11:02:57.615129+00:00
jbo970.com,AVAILABILITY,origin.list,2026-09-14 11:02:58.805364+00:00
jbo717.com,AVAILABILITY,origin.list,2026-09-14 11:03:04.671781+00:00
keonhacai-fun88.com,AVAILABILITY,origin.list,2026-09-14 11:03:10.561923+00:00
188asia.com,AVAILABILITY,origin.list,2026-09-14 11:03:13.941032+00:00
jbo701.com,AVAILABILITY,origin.list,2026-09-14 11:03:16.409663+00:00
sh015.com,AVAILABILITY,origin.list,2026-09-14 11:03:19.805079+00:00
jbo206.com,AVAILABILITY,origin.list,2026-09-14 11:03:22.245277+00:00
jbo906.com,AVAILABILITY,origin.list,2026-09-14 11:03:25.691113+00:00
jbo950.com,AVAILABILITY,origin.list,2026-09-14 11:03:28.157948+00:00
s.sv66c.com,AVAILABILITY,origin.list,2026-09-14 11:03:31.646578+00:00
sh032.com,AVAILABILITY,origin.list,2026-09-14 11:03:34.063035+00:00
sh030.com,AVAILABILITY,origin.list,2026-09-14 11:03:37.505178+00:00
76d.bet,AVAILABILITY,origin.list,2026-09-14 11:03:40.550144+00:00
5long.top,AVAILABILITY,origin.list,2026-09-14 11:03:44.075705+00:00
new88c.com,AVAILABILITY,origin.list,2026-09-14 11:03:46.499962+00:00
sh055.com,AVAILABILITY,origin.list,2026-09-14 11:03:50.000165+00:00
b169.bet,AVAILABILITY,origin.list,2026-09-14 11:03:53.195083+00:00
sh035.com,AVAILABILITY,origin.list,2026-09-14 11:03:56.071265+00:00
d169.bet,AVAILABILITY,origin.list,2026-09-14 11:04:00.003003+00:00
sh017.com,AVAILABILITY,origin.list,2026-09-14 11:04:01.905939+00:00
sh066.com,AVAILABILITY,origin.list,2026-09-14 11:04:06.104198+00:00
xocdia88.es,AVAILABILITY,origin.list,2026-09-14 11:04:07.748916+00:00
sh061.com,AVAILABILITY,origin.list,2026-09-14 11:19:08.370673+00:00
sh062.com,AVAILABILITY,origin.list,2026-09-14 11:19:08.371136+00:00
16992.org,AVAILABILITY,origin.list,2026-09-14 11:19:22.155916+00:00
sh077.com,AVAILABILITY,origin.list,2026-09-14 11:19:28.417845+00:00
jbers.uk099.shop,AVAILABILITY,origin.list,2026-09-14 11:19:30.641906+00:00
2583875.com,AVAILABILITY,origin.list,2026-09-14 11:19:34.591236+00:00
sh050.com,AVAILABILITY,origin.list,2026-09-14 11:19:40.922736+00:00
sh072.com,AVAILABILITY,origin.list,2026-09-14 11:19:46.954236+00:00
ku11.news,AVAILABILITY,origin.list,2026-09-14 11:19:48.062579+00:00
sh067.com,AVAILABILITY,origin.list,2026-09-14 11:19:52.997390+00:00
www.gd55id.com,AVAILABILITY,origin.list,2026-09-14 11:19:54.379161+00:00
www.keonhacai-fun88.com,AVAILABILITY,origin.list,2026-09-14 11:19:59.343129+00:00
pkjili3.com,AVAILABILITY,origin.list,2026-09-14 11:20:00.398678+00:00
2580sw.com,AVAILABILITY,origin.list,2026-09-14 11:20:05.651558+00:00
m.fffggg678.online,AVAILABILITY,origin.list,2026-09-14 11:20:06.390526+00:00
2566q40.com,AVAILABILITY,origin.list,2026-09-14 11:20:12.467609+00:00
2566q35.com,AVAILABILITY,origin.list,2026-09-14 11:20:18.484405+00:00
www.gd55id.net,AVAILABILITY,origin.list,2026-09-14 11:20:24.837023+00:00
uk099.shop,AVAILABILITY,origin.list,2026-09-14 11:20:28.314909+00:00
pkjili6.com,AVAILABILITY,origin.list,2026-09-14 11:20:31.078578+00:00
choidabanh.com,AVAILABILITY,origin.list,2026-09-14 11:20:34.521853+00:00
2566q31.com,AVAILABILITY,origin.list,2026-09-14 11:20:37.372144+00:00
w9.611882233.cc,AVAILABILITY,origin.list,2026-09-14 11:20:40.799694+00:00
play.789club.sx,AVAILABILITY,origin.list,2026-09-14 11:20:43.961006+00:00
m.zappikaiju.online,AVAILABILITY,origin.list,2026-09-14 11:20:46.810739+00:00
qc.choidabanh.com,AVAILABILITY,origin.list,2026-09-14 11:20:50.329151+00:00
43232h.com,AVAILABILITY,origin.list,2026-09-14 11:20:52.802350+00:00
926972.com,AVAILABILITY,origin.list,2026-09-14 11:20:56.602814+00:00
aw8vietnam.com,AVAILABILITY,origin.list,2026-09-14 11:20:59.021277+00:00
bet5376.com,AVAILABILITY,origin.list,2026-09-14 11:21:02.875361+00:00
eac0898.com,AVAILABILITY,origin.list,2026-09-14 11:21:08.906171+00:00
daga.8d01.club,AVAILABILITY,origin.list,2026-09-14 11:21:09.098080+00:00
i91155.com,AVAILABILITY,origin.list,2026-09-14 11:21:14.882141+00:00
i91166.com,AVAILABILITY,origin.list,2026-09-14 11:21:15.135719+00:00
i91122.com,AVAILABILITY,origin.list,2026-09-14 11:21:21.128734+00:00
tt3979.net,AVAILABILITY,origin.list,2026-09-14 11:21:21.195054+00:00
i91188.com,AVAILABILITY,origin.list,2026-09-14 11:21:27.343940+00:00
i91133.com,AVAILABILITY,origin.list,2026-09-14 11:21:27.344341+00:00
1700106.com,AVAILABILITY,origin.list,2026-09-14 11:21:33.416861+00:00
299055.com,AVAILABILITY,origin.list,2026-09-14 11:21:33.478857+00:00
789bet1.co,AVAILABILITY,origin.list,2026-09-14 11:21:39.745715+00:00
47df.bet,AVAILABILITY,origin.list,2026-09-14 11:21:41.059833+00:00
15388s.com,AVAILABILITY,origin.list,2026-09-14 11:21:45.817416+00:00
883116.com,AVAILABILITY,origin.list,2026-09-14 11:21:47.423147+00:00
9887365.com,AVAILABILITY,origin.list,2026-09-14 11:21:51.888540+00:00
playrik79.site,AVAILABILITY,origin.list,2026-09-14 11:21:53.456541+00:00
33379v.com,AVAILABILITY,origin.list,2026-09-14 11:21:57.927219+00:00
bmyl2.com,AVAILABILITY,origin.list,2026-09-14 11:21:59.628389+00:00
bongvip666.com,AVAILABILITY,origin.list,2026-09-14 11:22:03.919480+00:00
bmyl1.com,AVAILABILITY,origin.list,2026-09-14 11:22:05.658372+00:00
fun3663.com,AVAILABILITY,origin.list,2026-09-14 11:22:10.016903+00:00
hsx976.com,AVAILABILITY,origin.list,2026-09-14 11:22:11.815938+00:00
338888001.com,AVAILABILITY,origin.list,2026-09-14 11:22:16.135301+00:00
338888002.com,AVAILABILITY,origin.list,2026-09-14 11:22:17.980963+00:00
338888007.com,AVAILABILITY,origin.list,2026-09-14 11:22:22.122457+00:00
338888009.com,AVAILABILITY,origin.list,2026-09-14 11:22:24.083937+00:00
1xbetlat.mobi,AVAILABILITY,origin.list,2026-09-14 11:22:28.453901+00:00
xmmxi.bongvip666.com,AVAILABILITY,origin.list,2026-09-14 11:22:30.270376+00:00
338888006.com,AVAILABILITY,origin.list,2026-09-14 11:22:34.519444+00:00
338888004.com,AVAILABILITY,origin.list,2026-09-14 11:22:36.360332+00:00
api.hi678f0.com,AVAILABILITY,origin.list,2026-09-14 11:22:40.880842+00:00
choidonclub.club,AVAILABILITY,origin.list,2026-09-14 11:22:45.025015+00:00
fun1223.com,AVAILABILITY,origin.list,2026-09-14 11:22:46.885955+00:00
338888008.com,AVAILABILITY,origin.list,2026-09-14 11:22:52.857008+00:00
sports7.com,AVAILABILITY,origin.list,2026-09-14 11:22:57.674478+00:00
423445.com,AVAILABILITY,origin.list,2026-09-14 11:22:58.886988+00:00
55561v.com,AVAILABILITY,origin.list,2026-09-14 11:23:03.801429+00:00
753320.com,AVAILABILITY,origin.list,2026-09-14 11:23:04.900347+00:00
fun2244.com,AVAILABILITY,origin.list,2026-09-14 11:23:09.827003+00:00
23z6.net,AVAILABILITY,origin.list,2026-09-14 11:23:10.904357+00:00
gsum01.com,AVAILABILITY,origin.list,2026-09-14 11:23:15.870771+00:00
27491p.com,AVAILABILITY,origin.list,2026-09-14 11:23:17.023539+00:00
38492y.com,AVAILABILITY,origin.list,2026-09-14 11:23:21.845482+00:00
969337.com,AVAILABILITY,origin.list,2026-09-14 11:23:23.064431+00:00
40339p.com,AVAILABILITY,origin.list,2026-09-14 11:23:27.910350+00:00
bmwffc.com,AVAILABILITY,origin.list,2026-09-14 11:23:29.171902+00:00
8kk51.com,AVAILABILITY,origin.list,2026-09-14 11:23:33.977065+00:00
f3466.com,AVAILABILITY,origin.list,2026-09-14 11:23:35.256292+00:00
b7pjkb.com,AVAILABILITY,origin.list,2026-09-14 11:23:40.601516+00:00
hg88806.com,AVAILABILITY,origin.list,2026-09-14 11:23:41.247723+00:00
lc897.com,AVAILABILITY,origin.list,2026-09-14 11:23:46.700637+00:00
www.kubet79.me,AVAILABILITY,origin.list,2026-09-14 11:23:46.701737+00:00
zhong58d88vip.com,AVAILABILITY,origin.list,2026-09-14 11:23:52.500446+00:00
api.yesgame.store,AVAILABILITY,origin.list,2026-09-14 11:23:52.637875+00:00
switch-sum.com,AVAILABILITY,origin.list,2026-09-14 11:23:58.503005+00:00
portal.gsum01.com,AVAILABILITY,origin.list,2026-09-14 11:23:58.666759+00:00
4466qq88.com,AVAILABILITY,origin.list,2026-09-14 11:24:04.543156+00:00
crownjili13.com,AVAILABILITY,origin.list,2026-09-14 11:24:04.738927+00:00
crownjili18.com,AVAILABILITY,origin.list,2026-09-14 11:24:10.753379+00:00
crownjili23.com,AVAILABILITY,origin.list,2026-09-14 11:24:10.772192+00:00
crownjili30.com,AVAILABILITY,origin.list,2026-09-14 11:24:16.741721+00:00
crownjili40.com,AVAILABILITY,origin.list,2026-09-14 11:24:16.922285+00:00
crownjili20.com,AVAILABILITY,origin.list,2026-09-14 11:24:22.770459+00:00
crownjili53.com,AVAILABILITY,origin.list,2026-09-14 11:24:23.025891+00:00
crownjili48.com,AVAILABILITY,origin.list,2026-09-14 11:24:28.829926+00:00
crownjili41.com,AVAILABILITY,origin.list,2026-09-14 11:24:29.006210+00:00
crownjili73.com,AVAILABILITY,origin.list,2026-09-14 11:24:35.044044+00:00
crownjili75.com,AVAILABILITY,origin.list,2026-09-14 11:41:54.251260+00:00
crownjili85.com,AVAILABILITY,origin.list,2026-09-14 11:41:54.960779+00:00
crownjili67.com,AVAILABILITY,origin.list,2026-09-14 11:41:55.747408+00:00
crownjili81.com,AVAILABILITY,origin.list,2026-09-14 11:41:56.639831+00:00
crownjili74.com,AVAILABILITY,origin.list,2026-09-14 11:41:57.439962+00:00
crownjili82.com,AVAILABILITY,origin.list,2026-09-14 11:41:58.163460+00:00
crownjili88.com,AVAILABILITY,origin.list,2026-09-14 11:41:58.961523+00:00
crownjili87.com,AVAILABILITY,origin.list,2026-09-14 11:41:59.589851+00:00
m2.tin88.in,AVAILABILITY,origin.list,2026-09-14 11:42:00.394490+00:00
crownjili83.com,AVAILABILITY,origin.list,2026-09-14 11:42:01.287571+00:00
crownjili92.com,AVAILABILITY,origin.list,2026-09-14 11:42:02.105073+00:00
crownjili95.com,AVAILABILITY,origin.list,2026-09-14 11:42:02.871553+00:00
sk.tin88.in,AVAILABILITY,origin.list,2026-09-14 11:42:03.652780+00:00
sk.tin88.club,AVAILABILITY,origin.list,2026-09-14 11:42:04.692114+00:00
vip4466ll.com,AVAILABILITY,origin.list,2026-09-14 11:42:05.787448+00:00
linktha1.com,AVAILABILITY,origin.list,2026-09-14 11:42:06.443491+00:00
16f22.com,AVAILABILITY,origin.list,2026-09-14 11:42:07.256678+00:00
1244v.com,AVAILABILITY,origin.list,2026-09-14 11:42:08.050287+00:00
2178v.com,AVAILABILITY,origin.list,2026-09-14 11:42:08.831993+00:00
sk.tin88.bet,AVAILABILITY,origin.list,2026-09-14 11:42:09.694277+00:00
7357t.com,AVAILABILITY,origin.list,2026-09-14 11:42:10.509870+00:00
casinotimesquare.com,AVAILABILITY,origin.list,2026-09-14 11:42:11.393686+00:00
betway94.com,AVAILABILITY,origin.list,2026-09-14 11:42:12.196136+00:00
824788.com,AVAILABILITY,origin.list,2026-09-14 11:42:12.872308+00:00
h5557.com,AVAILABILITY,origin.list,2026-09-14 11:42:13.750600+00:00
jiliapp88.vip,AVAILABILITY,origin.list,2026-09-14 11:42:30.010053+00:00
k8live29.com,AVAILABILITY,origin.list,2026-09-14 11:42:30.693385+00:00
xn--fjqwj32wjkc5g25i2xx.com,AVAILABILITY,origin.list,2026-09-14 11:42:31.416892+00:00
k8live96.com,AVAILABILITY,origin.list,2026-09-14 11:42:32.113328+00:00
vip4466mm.com,AVAILABILITY,origin.list,2026-09-14 11:42:32.868140+00:00
taixiu1.gsum01.com,AVAILABILITY,origin.list,2026-09-14 11:42:33.530593+00:00
taixiu.gsum01.com,AVAILABILITY,origin.list,2026-09-14 11:42:34.243324+00:00
33888803.com,AVAILABILITY,origin.list,2026-09-14 11:42:34.979908+00:00
xpj6728.xyz,AVAILABILITY,origin.list,2026-09-14 11:42:35.945314+00:00
xpj6726.xyz,AVAILABILITY,origin.list,2026-09-14 11:42:36.783703+00:00
xpj6727.xyz,AVAILABILITY,origin.list,2026-09-14 11:42:37.546879+00:00
xpj6723.xyz,AVAILABILITY,origin.list,2026-09-14 11:42:38.313058+00:00
xpj6729.xyz,AVAILABILITY,origin.list,2026-09-14 11:42:39.148488+00:00
6686b4.com,AVAILABILITY,origin.list,2026-09-14 11:42:39.828809+00:00
99113i.com,AVAILABILITY,origin.list,2026-09-14 11:42:40.580564+00:00
xpj6731.xyz,AVAILABILITY,origin.list,2026-09-14 11:42:41.298063+00:00
99113c.com,AVAILABILITY,origin.list,2026-09-14 11:42:41.968024+00:00
xpj6733.xyz,AVAILABILITY,origin.list,2026-09-14 11:42:42.729869+00:00
6686c7.com,AVAILABILITY,origin.list,2026-09-14 11:42:43.542635+00:00
mgm0413.com,AVAILABILITY,origin.list,2026-09-14 11:42:44.235603+00:00
bifa27.com,AVAILABILITY,origin.list,2026-09-14 11:42:44.961621+00:00
xpj6722.xyz,AVAILABILITY,origin.list,2026-09-14 11:42:45.690837+00:00
cg777admin.com,AVAILABILITY,origin.list,2026-09-14 11:42:46.502632+00:00
i91116.com,AVAILABILITY,origin.list,2026-09-14 11:42:47.127197+00:00
mgm2685.com,AVAILABILITY,origin.list,2026-09-14 11:42:47.820166+00:00
58389.cn,AVAILABILITY,origin.list,2026-09-14 11:42:51.824206+00:00
i92226.com,AVAILABILITY,origin.list,2026-09-14 11:42:52.527466+00:00
play.son5.club,AVAILABILITY,origin.list,2026-09-14 11:42:54.272968+00:00
mgm2384.com,AVAILABILITY,origin.list,2026-09-14 11:42:54.939847+00:00
mgm3211.com,AVAILABILITY,origin.list,2026-09-14 11:42:55.636594+00:00
mgm2749.com,AVAILABILITY,origin.list,2026-09-14 11:42:56.369318+00:00
mgm3348.com,AVAILABILITY,origin.list,2026-09-14 11:42:57.066968+00:00
play1.son.club,AVAILABILITY,origin.list,2026-09-14 11:43:00.648626+00:00
mgm4035.com,AVAILABILITY,origin.list,2026-09-14 11:43:01.357983+00:00
mgm4197.com,AVAILABILITY,origin.list,2026-09-14 11:43:02.241797+00:00
mgm3987.com,AVAILABILITY,origin.list,2026-09-14 11:43:02.948185+00:00
mgm4165.com,AVAILABILITY,origin.list,2026-09-14 11:43:03.751478+00:00
mgm4190.com,AVAILABILITY,origin.list,2026-09-14 11:43:04.391779+00:00
mgm4498.com,AVAILABILITY,origin.list,2026-09-14 11:43:05.057236+00:00
mgm4811.com,AVAILABILITY,origin.list,2026-09-14 11:43:05.771235+00:00
mgm5963.com,AVAILABILITY,origin.list,2026-09-14 11:43:06.867651+00:00
mgm4621.com,AVAILABILITY,origin.list,2026-09-14 11:43:07.582289+00:00
mgm4516.com,AVAILABILITY,origin.list,2026-09-14 11:43:08.261078+00:00
gt2288.com,AVAILABILITY,origin.list,2026-09-14 11:43:08.899045+00:00
play.son.club,AVAILABILITY,origin.list,2026-09-14 11:43:12.463617+00:00
mgm5977.com,AVAILABILITY,origin.list,2026-09-14 11:43:13.168394+00:00
mgm4842.com,AVAILABILITY,origin.list,2026-09-14 11:43:13.784374+00:00
668668004a.com,AVAILABILITY,origin.list,2026-09-14 11:43:14.132788+00:00
mgm6874.com,AVAILABILITY,origin.list,2026-09-14 11:43:14.492639+00:00
mgm6851.com,AVAILABILITY,origin.list,2026-09-14 11:43:14.900765+00:00
mgm7204.com,AVAILABILITY,origin.list,2026-09-14 11:43:15.134154+00:00
mgm7062.com,AVAILABILITY,origin.list,2026-09-14 11:43:15.576746+00:00
mgm7317.com,AVAILABILITY,origin.list,2026-09-14 11:43:15.836971+00:00
1288u.com,AVAILABILITY,origin.list,2026-09-14 11:43:16.257432+00:00
mgm7539.com,AVAILABILITY,origin.list,2026-09-14 11:43:16.529493+00:00
650086.com,AVAILABILITY,origin.list,2026-09-14 11:43:17.214963+00:00
99958v.com,AVAILABILITY,origin.list,2026-09-14 11:43:17.966890+00:00
3571.bet,AVAILABILITY,origin.list,2026-09-14 11:43:19.549181+00:00
3575.bet,AVAILABILITY,origin.list,2026-09-14 11:43:21.059032+00:00
funspor88.com,AVAILABILITY,origin.list,2026-09-14 11:43:21.705134+00:00
3577.bet,AVAILABILITY,origin.list,2026-09-14 11:43:23.062343+00:00
99958w.com,AVAILABILITY,origin.list,2026-09-14 11:43:23.929833+00:00
redcoreltd.com,AVAILABILITY,origin.list,2026-09-14 11:43:24.545882+00:00
mgm7672.com,AVAILABILITY,origin.list,2026-09-14 11:43:25.260078+00:00
mgm8723.com,AVAILABILITY,origin.list,2026-09-14 11:43:25.913492+00:00
3578.bet,AVAILABILITY,origin.list,2026-09-14 11:43:27.339436+00:00
mgm7433.com,AVAILABILITY,origin.list,2026-09-14 11:43:28.038231+00:00
mgm7822.com,AVAILABILITY,origin.list,2026-09-14 11:43:28.732301+00:00
mgm9833.com,AVAILABILITY,origin.list,2026-09-14 11:43:29.394942+00:00
mgm9259.com,AVAILABILITY,origin.list,2026-09-14 11:43:29.990729+00:00
mgm9782.com,AVAILABILITY,origin.list,2026-09-14 11:43:30.619868+00:00
mgm9297.com,AVAILABILITY,origin.list,2026-09-14 11:43:31.315410+00:00
33888804.com,AVAILABILITY,origin.list,2026-09-14 11:43:32.019983+00:00
shabq.com,AVAILABILITY,origin.list,2026-09-14 11:43:32.656500+00:00
33888801.com,AVAILABILITY,origin.list,2026-09-14 11:43:33.377953+00:00
new013.com,AVAILABILITY,origin.list,2026-09-14 11:43:34.115223+00:00
361g8.vip,AVAILABILITY,origin.list,2026-09-14 11:43:34.304512+00:00
33888806.com,AVAILABILITY,origin.list,2026-09-14 11:43:34.747513+00:00
04321a.com,AVAILABILITY,origin.list,2026-09-14 11:43:34.991079+00:00
qh2012.com,AVAILABILITY,origin.list,2026-09-14 11:43:35.377560+00:00
gg588.net,AVAILABILITY,origin.list,2026-09-14 11:43:35.714159+00:00
92499xx.com,AVAILABILITY,origin.list,2026-09-14 11:43:36.124669+00:00
92499kk.com,AVAILABILITY,origin.list,2026-09-14 11:43:36.414782+00:00
92499vv.com,AVAILABILITY,origin.list,2026-09-14 11:43:36.821351+00:00
yt9682.com,AVAILABILITY,origin.list,2026-09-14 11:43:37.245885+00:00
92499pp.com,AVAILABILITY,origin.list,2026-09-14 11:43:37.510565+00:00
92499ll.com,AVAILABILITY,origin.list,2026-09-14 11:43:37.928040+00:00
c55cp.com,AVAILABILITY,origin.list,2026-09-14 11:43:38.117346+00:00
531051f.com,AVAILABILITY,origin.list,2026-09-14 11:43:38.567638+00:00
mc546.com,AVAILABILITY,origin.list,2026-09-14 11:43:38.796813+00:00
v0521.com,AVAILABILITY,origin.list,2026-09-14 11:43:39.240408+00:00
531051s.com,AVAILABILITY,origin.list,2026-09-14 11:43:39.507732+00:00
tf88.diy,AVAILABILITY,origin.list,2026-09-14 11:43:39.979021+00:00
x33888.com,AVAILABILITY,origin.list,2026-09-14 11:43:40.146710+00:00
6686vn27.com,AVAILABILITY,origin.list,2026-09-14 11:43:40.733142+00:00
6686vn28.com,AVAILABILITY,origin.list,2026-09-14 11:43:40.833484+00:00
96meuro.com,AVAILABILITY,origin.list,2026-09-14 11:43:41.364070+00:00
169185.com,AVAILABILITY,origin.list,2026-09-14 11:43:41.537142+00:00
6686vn31.com,AVAILABILITY,origin.list,2026-09-14 11:43:41.997370+00:00
96mgoal.com,AVAILABILITY,origin.list,2026-09-14 11:43:42.208287+00:00
96mliga.com,AVAILABILITY,origin.list,2026-09-14 11:43:42.729422+00:00
26vip55.com,AVAILABILITY,origin.list,2026-09-14 11:43:42.899957+00:00
by88.app,AVAILABILITY,origin.list,2026-09-14 11:43:43.432490+00:00
96msgsoccer.com,AVAILABILITY,origin.list,2026-09-14 11:43:43.587383+00:00
96msgkick.com,AVAILABILITY,origin.list,2026-09-14 11:43:44.071357+00:00
4920487.com,AVAILABILITY,origin.list,2026-09-14 11:43:44.304216+00:00
zrbjlxz.com,AVAILABILITY,origin.list,2026-09-14 11:43:44.759924+00:00
15600r.com,AVAILABILITY,origin.list,2026-09-14 11:43:45.013374+00:00
lewkmtwg.com,AVAILABILITY,origin.list,2026-09-14 11:43:45.451452+00:00
15600b.com,AVAILABILITY,origin.list,2026-09-14 11:43:45.708175+00:00
hg13556.com,AVAILABILITY,origin.list,2026-09-14 11:43:46.157160+00:00
i9018.com,AVAILABILITY,origin.list,2026-09-14 11:43:46.453920+00:00
mybet88in.com,AVAILABILITY,origin.list,2026-09-14 11:43:46.759719+00:00
hg69006.com,AVAILABILITY,origin.list,2026-09-14 11:43:47.096485+00:00
p999365.com,AVAILABILITY,origin.list,2026-09-14 11:43:47.411478+00:00
w9.vtyh76.com,AVAILABILITY,origin.list,2026-09-14 11:43:47.783565+00:00
oewxtfpt.com,AVAILABILITY,origin.list,2026-09-14 11:43:48.128376+00:00
w9.vtyk67.com,AVAILABILITY,origin.list,2026-09-14 11:43:48.780597+00:00
6686-1.guide,AVAILABILITY,origin.list,2026-09-14 11:43:48.827490+00:00
w9.vtyi57.com,AVAILABILITY,origin.list,2026-09-14 11:43:49.425331+00:00
pzlatknx.com,AVAILABILITY,origin.list,2026-09-14 11:43:49.485958+00:00
w9.vtyk36.com,AVAILABILITY,origin.list,2026-09-14 11:43:50.103054+00:00
w9.vtyj27.com,AVAILABILITY,origin.list,2026-09-14 11:43:50.193159+00:00
xylfzx.com,AVAILABILITY,origin.list,2026-09-14 11:43:50.814560+00:00
w9.vtyl55.com,AVAILABILITY,origin.list,2026-09-14 11:43:50.873248+00:00
pkwin25.com,AVAILABILITY,origin.list,2026-09-14 11:43:51.513830+00:00
pkwin29.com,AVAILABILITY,origin.list,2026-09-14 11:44:01.564807+00:00
1728877c.com,AVAILABILITY,origin.list,2026-09-14 11:44:52.117977+00:00
77709966.com,AVAILABILITY,origin.list,2026-09-14 11:45:02.205552+00:00
08qp055.com,AVAILABILITY,origin.list,2026-09-14 11:46:02.681357+00:00
bty1291.com,AVAILABILITY,origin.list,2026-09-14 11:46:07.857800+00:00
hb4427.com,AVAILABILITY,origin.list,2026-09-14 11:46:21.467406+00:00
pkwin15.com,AVAILABILITY,origin.list,2026-09-14 12:02:27.729950+00:00
w9.vtyl26.com,AVAILABILITY,origin.list,2026-09-14 12:02:27.764984+00:00
s26bet01.com,AVAILABILITY,origin.list,2026-09-14 12:02:33.656726+00:00
12fada.com,AVAILABILITY,origin.list,2026-09-14 12:02:33.660541+00:00
30748a.com,AVAILABILITY,origin.list,2026-09-14 12:02:39.586237+00:00
12tayin.com,AVAILABILITY,origin.list,2026-09-14 12:02:39.632291+00:00
api.bachhoa88.com,AVAILABILITY,origin.list,2026-09-14 12:02:45.382134+00:00
cs782.com,AVAILABILITY,origin.list,2026-09-14 12:02:45.385148+00:00
bb16899.com,AVAILABILITY,origin.list,2026-09-14 12:02:51.137146+00:00
venuero.xyz,AVAILABILITY,origin.list,2026-09-14 12:02:51.275422+00:00
jiliappidn4.com,AVAILABILITY,origin.list,2026-09-14 12:02:56.985923+00:00
fi8833.com,AVAILABILITY,origin.list,2026-09-14 12:02:57.038252+00:00
jbo024.com,AVAILABILITY,origin.list,2026-09-14 12:03:02.941300+00:00
jiliappbdt1.com,AVAILABILITY,origin.list,2026-09-14 12:03:02.974412+00:00
nitorig.net,AVAILABILITY,origin.list,2026-09-14 12:03:08.704972+00:00
jiezhixinjituan.com,AVAILABILITY,origin.list,2026-09-14 12:03:08.845268+00:00
skygamelog.xyz,AVAILABILITY,origin.list,2026-09-14 12:03:14.628991+00:00
osbs7.com,AVAILABILITY,origin.list,2026-09-14 12:03:14.646451+00:00
sbc31.com,AVAILABILITY,origin.list,2026-09-14 12:03:20.485468+00:00
www.sbc31.com,AVAILABILITY,origin.list,2026-09-14 12:03:20.592288+00:00
08qp056.com,AVAILABILITY,origin.list,2026-09-14 12:03:26.371122+00:00
36848y.com,AVAILABILITY,origin.list,2026-09-14 12:03:26.394175+00:00
www.bty1291.com,AVAILABILITY,origin.list,2026-09-14 12:03:32.198208+00:00
bet5976.com,AVAILABILITY,origin.list,2026-09-14 12:03:32.230876+00:00
5849ddd.com,AVAILABILITY,origin.list,2026-09-14 12:03:37.945069+00:00
fi88vi.com,AVAILABILITY,origin.list,2026-09-14 12:03:37.979259+00:00
bet6385.com,AVAILABILITY,origin.list,2026-09-14 12:03:43.721378+00:00
hg558.com,AVAILABILITY,origin.list,2026-09-14 12:03:44.413075+00:00
sk9905.com,AVAILABILITY,origin.list,2026-09-14 12:03:49.524209+00:00
topdoithuong.net,AVAILABILITY,origin.list,2026-09-14 12:03:50.119956+00:00
hg86.com,AVAILABILITY,origin.list,2026-09-14 12:03:55.847133+00:00
0282t.com,AVAILABILITY,origin.list,2026-09-14 12:03:55.874761+00:00
nhftfx.com,AVAILABILITY,origin.list,2026-09-14 12:04:01.764084+00:00
rik88.life,AVAILABILITY,origin.list,2026-09-14 12:04:05.772704+00:00
3656v.net,AVAILABILITY,origin.list,2026-09-14 12:04:07.636935+00:00
www.bravo188.com,AVAILABILITY,origin.list,2026-09-14 12:04:11.724228+00:00
8888yabo.com,AVAILABILITY,origin.list,2026-09-14 12:04:13.380304+00:00
play.rik88.life,AVAILABILITY,origin.list,2026-09-14 12:04:18.383937+00:00
13667v.com,AVAILABILITY,origin.list,2026-09-14 12:04:19.062235+00:00
22yabo.com,AVAILABILITY,origin.list,2026-09-14 12:04:24.077015+00:00
www.topdoithuong.net,AVAILABILITY,origin.list,2026-09-14 12:04:24.787562+00:00
ad.da88vn.win,AVAILABILITY,origin.list,2026-09-14 12:04:27.170801+00:00
12885v.com,AVAILABILITY,origin.list,2026-09-14 12:04:29.837702+00:00
262988b.com,AVAILABILITY,origin.list,2026-09-14 12:04:32.659846+00:00
13778v.com,AVAILABILITY,origin.list,2026-09-14 12:04:35.572387+00:00
lp.da88vn.win,AVAILABILITY,origin.list,2026-09-14 12:04:38.429682+00:00
vv88-vn.com,AVAILABILITY,origin.list,2026-09-14 12:04:41.482094+00:00
262988f.com,AVAILABILITY,origin.list,2026-09-14 12:04:44.155969+00:00
3js21f.com,AVAILABILITY,origin.list,2026-09-14 12:04:47.212364+00:00
66857v.com,AVAILABILITY,origin.list,2026-09-14 12:04:49.886264+00:00
acecute.xyz,AVAILABILITY,origin.list,2026-09-14 12:04:53.200112+00:00
67661v.com,AVAILABILITY,origin.list,2026-09-14 12:04:55.663531+00:00
56699v.com,AVAILABILITY,origin.list,2026-09-14 12:04:58.921374+00:00
67736v.com,AVAILABILITY,origin.list,2026-09-14 12:05:01.389499+00:00
69885v.com,AVAILABILITY,origin.list,2026-09-14 12:05:04.788157+00:00
82665v.com,AVAILABILITY,origin.list,2026-09-14 12:05:07.060321+00:00
67731v.com,AVAILABILITY,origin.list,2026-09-14 12:05:10.487420+00:00
86557v.com,AVAILABILITY,origin.list,2026-09-14 12:05:12.766167+00:00
88313v.com,AVAILABILITY,origin.list,2026-09-14 12:05:16.340385+00:00
85521v.com,AVAILABILITY,origin.list,2026-09-14 12:05:18.426548+00:00
86615v.com,AVAILABILITY,origin.list,2026-09-14 12:05:22.284018+00:00
88968v.com,AVAILABILITY,origin.list,2026-09-14 12:05:24.191869+00:00
93559v.com,AVAILABILITY,origin.list,2026-09-14 12:05:27.983268+00:00
acttap.xyz,AVAILABILITY,origin.list,2026-09-14 12:05:29.996692+00:00
88985v.com,AVAILABILITY,origin.list,2026-09-14 12:05:33.695395+00:00
93555v.com,AVAILABILITY,origin.list,2026-09-14 12:05:35.654822+00:00
89661v.com,AVAILABILITY,origin.list,2026-09-14 12:05:39.352837+00:00
93977v.com,AVAILABILITY,origin.list,2026-09-14 12:05:41.323328+00:00
96681v.com,AVAILABILITY,origin.list,2026-09-14 12:05:45.008146+00:00
bk8khe.com,AVAILABILITY,origin.list,2026-09-14 12:05:46.993483+00:00
bk8khfast.com,AVAILABILITY,origin.list,2026-09-14 12:05:50.884091+00:00
yiyuanluyungou.com,AVAILABILITY,origin.list,2026-09-14 12:05:52.722720+00:00
kufun.live,AVAILABILITY,origin.list,2026-09-14 12:05:58.339902+00:00
76c48.bet,AVAILABILITY,origin.list,2026-09-14 12:05:58.772561+00:00
lienhe44.com,AVAILABILITY,origin.list,2026-09-14 12:06:04.118450+00:00
allinlot.xyz,AVAILABILITY,origin.list,2026-09-14 12:06:04.677960+00:00
5359y.com,AVAILABILITY,origin.list,2026-09-14 12:06:10.398160+00:00
169yhy.top,AVAILABILITY,origin.list,2026-09-14 12:06:10.871545+00:00
5359k.com,AVAILABILITY,origin.list,2026-09-14 12:06:16.136390+00:00
168yhy.top,AVAILABILITY,origin.list,2026-09-14 12:06:16.851688+00:00
586vip1.com,AVAILABILITY,origin.list,2026-09-14 12:06:22.356140+00:00
bc338.com,AVAILABILITY,origin.list,2026-09-14 12:06:22.541559+00:00
pj1538.com,AVAILABILITY,origin.list,2026-09-14 12:06:28.097287+00:00
pj0116.com,AVAILABILITY,origin.list,2026-09-14 12:06:28.268103+00:00
pj1556.com,AVAILABILITY,origin.list,2026-09-14 12:06:34.029088+00:00
51zhibo.top,AVAILABILITY,origin.list,2026-09-14 12:06:34.327096+00:00
pj3068.com,AVAILABILITY,origin.list,2026-09-14 12:06:40.181739+00:00
pj3116.com,AVAILABILITY,origin.list,2026-09-14 12:06:40.255938+00:00
pj3556.com,AVAILABILITY,origin.list,2026-09-14 12:06:46.113637+00:00
pj5115.com,AVAILABILITY,origin.list,2026-09-14 12:22:49.351620+00:00
bob88.top,AVAILABILITY,origin.list,2026-09-14 12:22:50.086242+00:00
pj5108.com,AVAILABILITY,origin.list,2026-09-14 12:22:55.196476+00:00
pj5038.com,AVAILABILITY,origin.list,2026-09-14 12:22:55.974511+00:00
pj5116.com,AVAILABILITY,origin.list,2026-09-14 12:23:01.056648+00:00
pj5308.com,AVAILABILITY,origin.list,2026-09-14 12:23:01.949306+00:00
pj7556.com,AVAILABILITY,origin.list,2026-09-14 12:23:06.773260+00:00
pj5676.com,AVAILABILITY,origin.list,2026-09-14 12:23:07.866241+00:00
pj5686.com,AVAILABILITY,origin.list,2026-09-14 12:23:12.631824+00:00
pj9006.com,AVAILABILITY,origin.list,2026-09-14 12:23:13.753536+00:00
pj9916.com,AVAILABILITY,origin.list,2026-09-14 12:23:18.510543+00:00
357712.com,AVAILABILITY,origin.list,2026-09-14 12:23:19.466604+00:00
y7288.com,AVAILABILITY,origin.list,2026-09-14 12:23:24.468335+00:00
alloyme.xyz,AVAILABILITY,origin.list,2026-09-14 12:23:25.516499+00:00
acenin.xyz,AVAILABILITY,origin.list,2026-09-14 12:23:30.331161+00:00
alliedk.xyz,AVAILABILITY,origin.list,2026-09-14 12:23:31.355531+00:00
appleter.xyz,AVAILABILITY,origin.list,2026-09-14 12:23:36.349528+00:00
allniko.xyz,AVAILABILITY,origin.list,2026-09-14 12:23:37.219149+00:00
anvilhot.xyz,AVAILABILITY,origin.list,2026-09-14 12:23:42.339040+00:00
anstreet.xyz,AVAILABILITY,origin.list,2026-09-14 12:23:43.177591+00:00
anyviva.xyz,AVAILABILITY,origin.list,2026-09-14 12:23:48.234142+00:00
arceat.xyz,AVAILABILITY,origin.list,2026-09-14 12:23:49.019900+00:00
artandr.xyz,AVAILABILITY,origin.list,2026-09-14 12:23:54.105866+00:00
aspenro.xyz,AVAILABILITY,origin.list,2026-09-14 12:23:54.861785+00:00
aquaan.xyz,AVAILABILITY,origin.list,2026-09-14 12:23:59.698301+00:00
antipipe.xyz,AVAILABILITY,origin.list,2026-09-14 12:24:00.077208+00:00
aspenli.xyz,AVAILABILITY,origin.list,2026-09-14 12:24:05.305912+00:00
asmaze.xyz,AVAILABILITY,origin.list,2026-09-14 12:24:05.949930+00:00
asherfit.xyz,AVAILABILITY,origin.list,2026-09-14 12:24:11.157487+00:00
belteye.xyz,AVAILABILITY,origin.list,2026-09-14 12:24:11.816962+00:00
assetda.xyz,AVAILABILITY,origin.list,2026-09-14 12:24:17.021931+00:00
arvintoy.xyz,AVAILABILITY,origin.list,2026-09-14 12:24:17.661186+00:00
beetpal.xyz,AVAILABILITY,origin.list,2026-09-14 12:24:22.978403+00:00
beauys.xyz,AVAILABILITY,origin.list,2026-09-14 12:24:23.516125+00:00
betawide.xyz,AVAILABILITY,origin.list,2026-09-14 12:24:29.170951+00:00
astutein.xyz,AVAILABILITY,origin.list,2026-09-14 12:24:29.419326+00:00
23023t.com,AVAILABILITY,origin.list,2026-09-14 12:24:35.238697+00:00
play.sum27.club,AVAILABILITY,origin.list,2026-09-14 12:24:35.948467+00:00
359588.com,AVAILABILITY,origin.list,2026-09-14 12:24:41.813446+00:00
15231.org,AVAILABILITY,origin.list,2026-09-14 12:24:45.034361+00:00
3947294.com,AVAILABILITY,origin.list,2026-09-14 12:24:47.721255+00:00
3948204.com,AVAILABILITY,origin.list,2026-09-14 12:24:50.748887+00:00
45547y.com,AVAILABILITY,origin.list,2026-09-14 12:24:53.612642+00:00
500421.com,AVAILABILITY,origin.list,2026-09-14 12:24:56.653470+00:00
593588.com,AVAILABILITY,origin.list,2026-09-14 12:24:59.561791+00:00
895cp0.com,AVAILABILITY,origin.list,2026-09-14 12:25:02.416132+00:00
895cp9.com,AVAILABILITY,origin.list,2026-09-14 12:25:05.457839+00:00
jbo234.com,AVAILABILITY,origin.list,2026-09-14 12:25:08.157339+00:00
jbo444.com,AVAILABILITY,origin.list,2026-09-14 12:25:11.351716+00:00
jbo567.com,AVAILABILITY,origin.list,2026-09-14 12:25:13.964086+00:00
qgc6789.com,AVAILABILITY,origin.list,2026-09-14 12:25:17.230721+00:00
tk88b.com,AVAILABILITY,origin.list,2026-09-14 12:25:19.839999+00:00
tk88c.com,AVAILABILITY,origin.list,2026-09-14 12:25:22.940850+00:00
tk88.casino,AVAILABILITY,origin.list,2026-09-14 12:25:25.953132+00:00
tk88e.com,AVAILABILITY,origin.list,2026-09-14 12:25:28.726488+00:00
tk88d.com,AVAILABILITY,origin.list,2026-09-14 12:25:31.746516+00:00
tk88h.com,AVAILABILITY,origin.list,2026-09-14 12:25:34.579033+00:00
tk88f.com,AVAILABILITY,origin.list,2026-09-14 12:25:37.470738+00:00
tk88l.com,AVAILABILITY,origin.list,2026-09-14 12:25:40.367646+00:00
tk88j.com,AVAILABILITY,origin.list,2026-09-14 12:25:43.289683+00:00
tk88n.com,AVAILABILITY,origin.list,2026-09-14 12:25:46.240664+00:00
tk88p.com,AVAILABILITY,origin.list,2026-09-14 12:25:48.990284+00:00
09i9.com,AVAILABILITY,origin.list,2026-09-14 12:25:52.208834+00:00
118i9.com,AVAILABILITY,origin.list,2026-09-14 12:25:54.938418+00:00
14055.net,AVAILABILITY,origin.list,2026-09-14 12:25:58.007370+00:00
29i9.com,AVAILABILITY,origin.list,2026-09-14 12:26:00.655857+00:00
338i9.com,AVAILABILITY,origin.list,2026-09-14 12:26:03.859006+00:00
39i9.com,AVAILABILITY,origin.list,2026-09-14 12:26:06.453690+00:00
42982g.com,AVAILABILITY,origin.list,2026-09-14 12:26:09.583915+00:00
448i9.com,AVAILABILITY,origin.list,2026-09-14 12:26:12.191468+00:00
49i9.com,AVAILABILITY,origin.list,2026-09-14 12:26:15.304691+00:00
558i9.com,AVAILABILITY,origin.list,2026-09-14 12:26:17.985398+00:00
8353t.com,AVAILABILITY,origin.list,2026-09-14 12:26:20.967405+00:00
8157t.com,AVAILABILITY,origin.list,2026-09-14 12:26:23.823302+00:00
8917t.com,AVAILABILITY,origin.list,2026-09-14 12:26:26.693134+00:00
8k2233.cc,AVAILABILITY,origin.list,2026-09-14 12:26:29.636344+00:00
8kiii.cc,AVAILABILITY,origin.list,2026-09-14 12:26:32.447802+00:00
8k9900.cc,AVAILABILITY,origin.list,2026-09-14 12:26:35.347544+00:00
923947.com,AVAILABILITY,origin.list,2026-09-14 12:26:38.249316+00:00
923949.com,AVAILABILITY,origin.list,2026-09-14 12:26:41.079020+00:00
desi7.io,AVAILABILITY,origin.list,2026-09-14 12:26:45.458477+00:00
hello88d.com,AVAILABILITY,origin.list,2026-09-14 12:26:46.864199+00:00
w1771.com,AVAILABILITY,origin.list,2026-09-14 12:26:51.164199+00:00
desi777.io,AVAILABILITY,origin.list,2026-09-14 12:26:53.213557+00:00
wjvip88.com,AVAILABILITY,origin.list,2026-09-14 12:26:56.939541+00:00
www14055.net,AVAILABILITY,origin.list,2026-09-14 12:26:58.988954+00:00
winvn188.club,AVAILABILITY,origin.list,2026-09-14 12:27:02.806002+00:00
blastda.xyz,AVAILABILITY,origin.list,2026-09-14 12:27:04.898812+00:00
aztecin.xyz,AVAILABILITY,origin.list,2026-09-14 12:27:08.631548+00:00
blitzhot.xyz,AVAILABILITY,origin.list,2026-09-14 12:27:14.444063+00:00
calllala.xyz,AVAILABILITY,origin.list,2026-09-14 12:43:42.169789+00:00
bosider.xyz,AVAILABILITY,origin.list,2026-09-14 12:43:48.087242+00:00
winvn88.vip,AVAILABILITY,origin.list,2026-09-14 12:43:50.201840+00:00
brickice.xyz,AVAILABILITY,origin.list,2026-09-14 12:43:54.043809+00:00
canowl.xyz,AVAILABILITY,origin.list,2026-09-14 12:43:56.183350+00:00
cimash.xyz,AVAILABILITY,origin.list,2026-09-14 12:44:01.929262+00:00
ciciinc.xyz,AVAILABILITY,origin.list,2026-09-14 12:44:07.831471+00:00
z667.vip,AVAILABILITY,origin.list,2026-09-14 12:44:07.967870+00:00
cicilady.xyz,AVAILABILITY,origin.list,2026-09-14 12:44:13.745061+00:00
cicifi.xyz,AVAILABILITY,origin.list,2026-09-14 12:44:13.755735+00:00
6889d.net,AVAILABILITY,origin.list,2026-09-14 12:44:19.644076+00:00
cicimap.xyz,AVAILABILITY,origin.list,2026-09-14 12:44:19.729240+00:00
6889p.net,AVAILABILITY,origin.list,2026-09-14 12:44:23.693571+00:00
citeace.xyz,AVAILABILITY,origin.list,2026-09-14 12:44:24.391979+00:00
civinew.xyz,AVAILABILITY,origin.list,2026-09-14 12:44:25.031828+00:00
6889h.net,AVAILABILITY,origin.list,2026-09-14 12:44:25.613614+00:00
citeinn.xyz,AVAILABILITY,origin.list,2026-09-14 12:44:25.669395+00:00
circleli.xyz,AVAILABILITY,origin.list,2026-09-14 12:44:26.396760+00:00
cospipe.xyz,AVAILABILITY,origin.list,2026-09-14 12:44:26.641901+00:00
cofoxy.xyz,AVAILABILITY,origin.list,2026-09-14 12:44:27.049867+00:00
civichot.xyz,AVAILABILITY,origin.list,2026-09-14 12:44:27.348596+00:00
easybess.xyz,AVAILABILITY,origin.list,2026-09-14 12:44:27.706785+00:00
cuteace.xyz,AVAILABILITY,origin.list,2026-09-14 12:44:27.989374+00:00
cutedir.xyz,AVAILABILITY,origin.list,2026-09-14 12:44:28.373049+00:00
cuteivy.xyz,AVAILABILITY,origin.list,2026-09-14 12:44:29.033281+00:00
ecoyuer.xyz,AVAILABILITY,origin.list,2026-09-14 12:44:29.669006+00:00
dishsea.xyz,AVAILABILITY,origin.list,2026-09-14 12:44:35.251129+00:00
z636.vip,AVAILABILITY,origin.list,2026-09-14 12:44:35.669716+00:00
eatbin.xyz,AVAILABILITY,origin.list,2026-09-14 12:44:41.010480+00:00
edgeivy.xyz,AVAILABILITY,origin.list,2026-09-14 12:44:41.246016+00:00
edgeen.xyz,AVAILABILITY,origin.list,2026-09-14 12:44:46.995147+00:00
daysolo.xyz,AVAILABILITY,origin.list,2026-09-14 12:44:47.167615+00:00
egglead.xyz,AVAILABILITY,origin.list,2026-09-14 12:44:52.991480+00:00
expoan.xyz,AVAILABILITY,origin.list,2026-09-14 12:44:59.237066+00:00
wjpesovip49.shop,AVAILABILITY,origin.list,2026-09-14 12:45:02.218711+00:00
ehotbub.xyz,AVAILABILITY,origin.list,2026-09-14 12:45:05.136039+00:00
eonlyme.xyz,AVAILABILITY,origin.list,2026-09-14 12:45:08.163576+00:00
erwave.xyz,AVAILABILITY,origin.list,2026-09-14 12:45:11.028124+00:00
eveedge.xyz,AVAILABILITY,origin.list,2026-09-14 12:45:14.136119+00:00
evecute.xyz,AVAILABILITY,origin.list,2026-09-14 12:45:17.040731+00:00
ezyez.xyz,AVAILABILITY,origin.list,2026-09-14 12:45:20.037369+00:00
familyter.xyz,AVAILABILITY,origin.list,2026-09-14 12:45:22.960633+00:00
fashfun.xyz,AVAILABILITY,origin.list,2026-09-14 12:45:25.889284+00:00
fancyto.xyz,AVAILABILITY,origin.list,2026-09-14 12:45:28.883276+00:00
fixkeep.xyz,AVAILABILITY,origin.list,2026-09-14 12:45:31.634887+00:00
fullsolo.xyz,AVAILABILITY,origin.list,2026-09-14 12:45:34.836209+00:00
feaim.xyz,AVAILABILITY,origin.list,2026-09-14 12:45:37.561773+00:00
foryel.xyz,AVAILABILITY,origin.list,2026-09-14 12:45:40.605919+00:00
fixlover.xyz,AVAILABILITY,origin.list,2026-09-14 12:45:43.442113+00:00
funtulip.xyz,AVAILABILITY,origin.list,2026-09-14 12:45:46.365371+00:00
getmyf.xyz,AVAILABILITY,origin.list,2026-09-14 12:45:49.429917+00:00
godroi.xyz,AVAILABILITY,origin.list,2026-09-14 12:45:52.131681+00:00
funnifi.xyz,AVAILABILITY,origin.list,2026-09-14 12:45:55.280970+00:00
getfitfshop.xyz,AVAILABILITY,origin.list,2026-09-14 12:45:57.885681+00:00
forcehi.xyz,AVAILABILITY,origin.list,2026-09-14 12:46:01.078469+00:00
getbiko.xyz,AVAILABILITY,origin.list,2026-09-14 12:46:03.823709+00:00
gigaen.xyz,AVAILABILITY,origin.list,2026-09-14 12:46:06.940955+00:00
grandni.xyz,AVAILABILITY,origin.list,2026-09-14 12:46:09.648289+00:00
goldtodo.xyz,AVAILABILITY,origin.list,2026-09-14 12:46:12.835563+00:00
vn10000.com,AVAILABILITY,origin.list,2026-09-14 12:46:15.485519+00:00
goluua.xyz,AVAILABILITY,origin.list,2026-09-14 12:46:18.790568+00:00
giftlean.xyz,AVAILABILITY,origin.list,2026-09-14 12:46:21.241569+00:00
gulfhe.xyz,AVAILABILITY,origin.list,2026-09-14 12:46:24.546644+00:00
growice.xyz,AVAILABILITY,origin.list,2026-09-14 12:46:27.031282+00:00
gotoegg.xyz,AVAILABILITY,origin.list,2026-09-14 12:46:30.456997+00:00
662068.com,AVAILABILITY,origin.list,2026-09-14 12:46:32.715944+00:00
gunapex.xyz,AVAILABILITY,origin.list,2026-09-14 12:46:38.691755+00:00
betcmp.cn,AVAILABILITY,origin.list,2026-09-14 12:46:40.161356+00:00
gunbliss.xyz,AVAILABILITY,origin.list,2026-09-14 12:46:44.458976+00:00
herqlo.xyz,AVAILABILITY,origin.list,2026-09-14 12:46:45.936298+00:00
holoas.xyz,AVAILABILITY,origin.list,2026-09-14 12:46:50.309364+00:00
hitcite.xyz,AVAILABILITY,origin.list,2026-09-14 12:46:51.701081+00:00
highmin.xyz,AVAILABILITY,origin.list,2026-09-14 12:46:56.264200+00:00
hipche.xyz,AVAILABILITY,origin.list,2026-09-14 12:46:57.472346+00:00
heloio.xyz,AVAILABILITY,origin.list,2026-09-14 12:47:02.216617+00:00
37257c.com,AVAILABILITY,origin.list,2026-09-14 12:47:03.202840+00:00
hesync.xyz,AVAILABILITY,origin.list,2026-09-14 12:47:08.224461+00:00
hopray.xyz,AVAILABILITY,origin.list,2026-09-14 12:47:09.251529+00:00
5057x.com,AVAILABILITY,origin.list,2026-09-14 12:47:12.779827+00:00
1519838.com,AVAILABILITY,origin.list,2026-09-14 12:47:13.869770+00:00
f3e2xqmgn.com,AVAILABILITY,origin.list,2026-09-14 12:47:18.503189+00:00
jiliparty56.com,AVAILABILITY,origin.list,2026-09-14 12:47:21.731581+00:00
jiliparty68.com,AVAILABILITY,origin.list,2026-09-14 12:47:24.218904+00:00
qh680.com,AVAILABILITY,origin.list,2026-09-14 12:47:27.489625+00:00
xvipwin.store,AVAILABILITY,origin.list,2026-09-14 12:47:30.531864+00:00
5576.bet,AVAILABILITY,origin.list,2026-09-14 12:47:34.134086+00:00
hostjan.xyz,AVAILABILITY,origin.list,2026-09-14 12:47:36.363619+00:00
phbet37.bet,AVAILABILITY,origin.list,2026-09-14 12:47:40.309184+00:00
iiwerus.xyz,AVAILABILITY,origin.list,2026-09-14 12:47:42.309586+00:00
iconicin.xyz,AVAILABILITY,origin.list,2026-09-14 12:47:46.064062+00:00
hotniko.xyz,AVAILABILITY,origin.list,2026-09-14 12:47:48.069783+00:00
idamaco.xyz,AVAILABILITY,origin.list,2026-09-14 12:47:51.860303+00:00
idealda.xyz,AVAILABILITY,origin.list,2026-09-14 12:47:53.850852+00:00
hubreps.xyz,AVAILABILITY,origin.list,2026-09-14 12:47:57.683004+00:00
iflyie.xyz,AVAILABILITY,origin.list,2026-09-14 12:47:59.602434+00:00
insstop.xyz,AVAILABILITY,origin.list,2026-09-14 13:04:19.110235+00:00
icegreat.xyz,AVAILABILITY,origin.list,2026-09-14 13:04:25.385877+00:00
gly-uat2.superswan1.net,AVAILABILITY,origin.list,2026-09-14 13:04:29.007338+00:00
iloveio.xyz,AVAILABILITY,origin.list,2026-09-14 13:04:31.671197+00:00
inknano.xyz,AVAILABILITY,origin.list,2026-09-14 13:04:35.282664+00:00
jujuhot.xyz,AVAILABILITY,origin.list,2026-09-14 13:04:37.794249+00:00
ivehi.xyz,AVAILABILITY,origin.list,2026-09-14 13:04:41.597032+00:00
jasonln.xyz,AVAILABILITY,origin.list,2026-09-14 13:04:44.137931+00:00
jujuhut.xyz,AVAILABILITY,origin.list,2026-09-14 13:04:47.799148+00:00
islandty.xyz,AVAILABILITY,origin.list,2026-09-14 13:04:50.466724+00:00
jcisbus.xyz,AVAILABILITY,origin.list,2026-09-14 13:04:54.067006+00:00
jujusys.xyz,AVAILABILITY,origin.list,2026-09-14 13:04:56.671036+00:00
kucudia.xyz,AVAILABILITY,origin.list,2026-09-14 13:05:00.467316+00:00
iyoyy.xyz,AVAILABILITY,origin.list,2026-09-14 13:05:02.850821+00:00
lensivy.xyz,AVAILABILITY,origin.list,2026-09-14 13:05:06.889449+00:00
jujufox.xyz,AVAILABILITY,origin.list,2026-09-14 13:05:09.014257+00:00
kisssell.xyz,AVAILABILITY,origin.list,2026-09-14 13:05:13.191906+00:00
kjyzh.xyz,AVAILABILITY,origin.list,2026-09-14 13:05:15.121989+00:00
lenmap.xyz,AVAILABILITY,origin.list,2026-09-14 13:05:19.341397+00:00
latrick.xyz,AVAILABILITY,origin.list,2026-09-14 13:05:21.236223+00:00
uutvhdzx.com,AVAILABILITY,origin.list,2026-09-14 13:05:25.275914+00:00
lastnice.xyz,AVAILABILITY,origin.list,2026-09-14 13:05:27.574656+00:00
lionshot.xyz,AVAILABILITY,origin.list,2026-09-14 13:05:31.450051+00:00
leiltd.xyz,AVAILABILITY,origin.list,2026-09-14 13:05:33.695527+00:00
lidevil.xyz,AVAILABILITY,origin.list,2026-09-14 13:05:37.793660+00:00
lirates.xyz,AVAILABILITY,origin.list,2026-09-14 13:05:39.864878+00:00
liveang.xyz,AVAILABILITY,origin.list,2026-09-14 13:05:43.963946+00:00
liladia.xyz,AVAILABILITY,origin.list,2026-09-14 13:05:46.053694+00:00
linebold.xyz,AVAILABILITY,origin.list,2026-09-14 13:05:50.304417+00:00
lodiary.xyz,AVAILABILITY,origin.list,2026-09-14 13:05:52.378775+00:00
lokduna.xyz,AVAILABILITY,origin.list,2026-09-14 13:05:56.474728+00:00
lotcup.xyz,AVAILABILITY,origin.list,2026-09-14 13:05:58.532382+00:00
lypromo.xyz,AVAILABILITY,origin.list,2026-09-14 13:06:02.631962+00:00
lyecho.xyz,AVAILABILITY,origin.list,2026-09-14 13:06:04.705485+00:00
lovevill.xyz,AVAILABILITY,origin.list,2026-09-14 13:06:08.821683+00:00
lycandy.xyz,AVAILABILITY,origin.list,2026-09-14 13:06:14.970354+00:00
bet5797.com,AVAILABILITY,origin.list,2026-09-14 13:06:20.850626+00:00
lygirls.xyz,AVAILABILITY,origin.list,2026-09-14 13:06:21.146662+00:00
maryqlo.xyz,AVAILABILITY,origin.list,2026-09-14 13:06:27.030068+00:00
lyfiles.xyz,AVAILABILITY,origin.list,2026-09-14 13:06:27.327576+00:00
lyideas.xyz,AVAILABILITY,origin.list,2026-09-14 13:06:33.176225+00:00
lysites.xyz,AVAILABILITY,origin.list,2026-09-14 13:06:33.512242+00:00
lylines.xyz,AVAILABILITY,origin.list,2026-09-14 13:06:39.342164+00:00
marparty.xyz,AVAILABILITY,origin.list,2026-09-14 13:06:39.713078+00:00
metains.xyz,AVAILABILITY,origin.list,2026-09-14 13:06:45.475681+00:00
mygllc.xyz,AVAILABILITY,origin.list,2026-09-14 13:06:45.844248+00:00
nanoter.xyz,AVAILABILITY,origin.list,2026-09-14 13:06:51.620994+00:00
lyville.xyz,AVAILABILITY,origin.list,2026-09-14 13:06:51.995074+00:00
neatsa.xyz,AVAILABILITY,origin.list,2026-09-14 13:06:58.796857+00:00
mcreach.xyz,AVAILABILITY,origin.list,2026-09-14 13:06:59.126204+00:00
018789.com,AVAILABILITY,origin.list,2026-09-14 13:07:04.657697+00:00
33y02.com,AVAILABILITY,origin.list,2026-09-14 13:07:05.001810+00:00
neoyuer.xyz,AVAILABILITY,origin.list,2026-09-14 13:07:10.799352+00:00
biz8d06.com,AVAILABILITY,origin.list,2026-09-14 13:07:10.889096+00:00
v0327.com,AVAILABILITY,origin.list,2026-09-14 13:07:16.724315+00:00
neatmc.xyz,AVAILABILITY,origin.list,2026-09-14 13:07:16.988844+00:00
niceany.xyz,AVAILABILITY,origin.list,2026-09-14 13:07:22.872132+00:00
xxzymj.com,AVAILABILITY,origin.list,2026-09-14 13:07:22.932687+00:00
573727.com,AVAILABILITY,origin.list,2026-09-14 13:07:28.983695+00:00
68gamewin33.shop,AVAILABILITY,origin.list,2026-09-14 13:07:32.184073+00:00
newmili.xyz,AVAILABILITY,origin.list,2026-09-14 13:07:35.259718+00:00
niftyro.xyz,AVAILABILITY,origin.list,2026-09-14 13:07:38.488608+00:00
ninjali.xyz,AVAILABILITY,origin.list,2026-09-14 13:07:41.564691+00:00
kimsa888.com,AVAILABILITY,origin.list,2026-09-14 13:07:44.402928+00:00
k8vwin365.com,AVAILABILITY,origin.list,2026-09-14 13:07:47.452593+00:00
m.kimsa888.com,AVAILABILITY,origin.list,2026-09-14 13:07:50.457201+00:00
nifiup.xyz,AVAILABILITY,origin.list,2026-09-14 13:07:53.781411+00:00
niwise.xyz,AVAILABILITY,origin.list,2026-09-14 13:07:57.024935+00:00
m.8k846sj.top,AVAILABILITY,origin.list,2026-09-14 13:08:00.280290+00:00
nowflag.xyz,AVAILABILITY,origin.list,2026-09-14 13:08:03.151195+00:00
outpink.xyz,AVAILABILITY,origin.list,2026-09-14 13:08:06.612736+00:00
nugentle.xyz,AVAILABILITY,origin.list,2026-09-14 13:08:09.477069+00:00
otherhi.xyz,AVAILABILITY,origin.list,2026-09-14 13:08:12.729000+00:00
600cai.bet,AVAILABILITY,origin.list,2026-09-14 13:08:16.793607+00:00
pictitle.xyz,AVAILABILITY,origin.list,2026-09-14 13:08:18.887171+00:00
niftyda.xyz,AVAILABILITY,origin.list,2026-09-14 13:08:22.954018+00:00
omnihe.xyz,AVAILABILITY,origin.list,2026-09-14 13:08:25.189320+00:00
www.rik.win,AVAILABILITY,origin.list,2026-09-14 13:08:29.736463+00:00
pearlcy.xyz,AVAILABILITY,origin.list,2026-09-14 13:08:31.356373+00:00
pubease.xyz,AVAILABILITY,origin.list,2026-09-14 13:08:36.070483+00:00
popvist.xyz,AVAILABILITY,origin.list,2026-09-14 13:08:37.496058+00:00
olasells.xyz,AVAILABILITY,origin.list,2026-09-14 13:08:42.189660+00:00
podlish.xyz,AVAILABILITY,origin.list,2026-09-14 13:24:16.687434+00:00
pubecho.xyz,AVAILABILITY,origin.list,2026-09-14 13:24:16.701345+00:00
racerin.xyz,AVAILABILITY,origin.list,2026-09-14 13:24:22.952839+00:00
pubepic.xyz,AVAILABILITY,origin.list,2026-09-14 13:24:23.003438+00:00
realdept.xyz,AVAILABILITY,origin.list,2026-09-14 13:24:29.251625+00:00
rainzap.xyz,AVAILABILITY,origin.list,2026-09-14 13:24:35.392611+00:00
m.8k982sj.top,AVAILABILITY,origin.list,2026-09-14 13:24:43.892875+00:00
lp.vip79gamebai.vip,AVAILABILITY,origin.list,2026-09-14 13:24:48.901150+00:00
ranktel.xyz,AVAILABILITY,origin.list,2026-09-14 13:24:50.193382+00:00
ravenup.xyz,AVAILABILITY,origin.list,2026-09-14 13:24:54.990550+00:00
rainsee.xyz,AVAILABILITY,origin.list,2026-09-14 13:24:56.478222+00:00
rebelmi.xyz,AVAILABILITY,origin.list,2026-09-14 13:25:01.048801+00:00
realara.xyz,AVAILABILITY,origin.list,2026-09-14 13:25:02.564548+00:00
repstec.xyz,AVAILABILITY,origin.list,2026-09-14 13:25:07.427267+00:00
reandr.xyz,AVAILABILITY,origin.list,2026-09-14 13:25:08.851167+00:00
realsou.xyz,AVAILABILITY,origin.list,2026-09-14 13:25:13.563848+00:00
retroan.xyz,AVAILABILITY,origin.list,2026-09-14 13:25:14.920433+00:00
relicin.xyz,AVAILABILITY,origin.list,2026-09-14 13:25:19.725971+00:00
retroci.xyz,AVAILABILITY,origin.list,2026-09-14 13:25:20.977128+00:00
rerame.xyz,AVAILABILITY,origin.list,2026-09-14 13:25:25.960082+00:00
reeyeful.xyz,AVAILABILITY,origin.list,2026-09-14 13:25:28.182249+00:00
rubyde.xyz,AVAILABILITY,origin.list,2026-09-14 13:25:32.147537+00:00
11288112.com,AVAILABILITY,origin.list,2026-09-14 13:25:34.023714+00:00
rovibes.xyz,AVAILABILITY,origin.list,2026-09-14 13:25:38.213388+00:00
rinkxyz.xyz,AVAILABILITY,origin.list,2026-09-14 13:25:40.317243+00:00
salonli.xyz,AVAILABILITY,origin.list,2026-09-14 13:25:44.481539+00:00
rogiant.xyz,AVAILABILITY,origin.list,2026-09-14 13:25:46.439456+00:00
18121218.com,AVAILABILITY,origin.list,2026-09-14 13:25:50.441262+00:00
rosevid.xyz,AVAILABILITY,origin.list,2026-09-14 13:25:52.828966+00:00
rushring.xyz,AVAILABILITY,origin.list,2026-09-14 13:25:56.520506+00:00
salecute.xyz,AVAILABILITY,origin.list,2026-09-14 13:25:58.917414+00:00
32898932.com,AVAILABILITY,origin.list,2026-09-14 13:26:02.342326+00:00
ruralfe.xyz,AVAILABILITY,origin.list,2026-09-14 13:26:04.986806+00:00
saberko.xyz,AVAILABILITY,origin.list,2026-09-14 13:26:08.459301+00:00
1239000.com,AVAILABILITY,origin.list,2026-09-14 13:26:10.940462+00:00
seabeta.xyz,AVAILABILITY,origin.list,2026-09-14 13:26:14.726655+00:00
bway88238.com,AVAILABILITY,origin.list,2026-09-14 13:26:20.647558+00:00
2qsms12.com,AVAILABILITY,origin.list,2026-09-14 13:26:26.531666+00:00
42b272.shop,AVAILABILITY,origin.list,2026-09-14 13:26:28.387053+00:00
2qsms18.com,AVAILABILITY,origin.list,2026-09-14 13:26:32.421331+00:00
33812833.com,AVAILABILITY,origin.list,2026-09-14 13:26:34.274182+00:00
6333231.com,AVAILABILITY,origin.list,2026-09-14 13:26:38.237457+00:00
62826282.com,AVAILABILITY,origin.list,2026-09-14 13:26:40.132109+00:00
78312783.com,AVAILABILITY,origin.list,2026-09-14 13:26:44.067781+00:00
86812868.com,AVAILABILITY,origin.list,2026-09-14 13:26:46.008453+00:00
668079.com,AVAILABILITY,origin.list,2026-09-14 13:26:49.941716+00:00
81281281.com,AVAILABILITY,origin.list,2026-09-14 13:26:55.741829+00:00
hg310.org,AVAILABILITY,origin.list,2026-09-14 13:27:00.262106+00:00
188kyccn.com,AVAILABILITY,origin.list,2026-09-14 13:27:01.615569+00:00
1eight8th.com,AVAILABILITY,origin.list,2026-09-14 13:27:06.254530+00:00
mkt.debet.com,AVAILABILITY,origin.list,2026-09-14 13:27:07.446252+00:00
4384111.com,AVAILABILITY,origin.list,2026-09-14 13:27:13.308531+00:00
65249911.com,AVAILABILITY,origin.list,2026-09-14 13:27:19.104559+00:00
858766.com,AVAILABILITY,origin.list,2026-09-14 13:27:24.949212+00:00
439390.com,AVAILABILITY,origin.list,2026-09-14 13:27:26.763501+00:00
i9226.com,AVAILABILITY,origin.list,2026-09-14 13:27:32.608199+00:00
739098.com,AVAILABILITY,origin.list,2026-09-14 13:27:38.426601+00:00
sportsdf.com,AVAILABILITY,origin.list,2026-09-14 13:27:40.690853+00:00
i9446.com,AVAILABILITY,origin.list,2026-09-14 13:27:44.269262+00:00
m.6t652.vip,AVAILABILITY,origin.list,2026-09-14 13:27:56.067959+00:00
1878bet.com,AVAILABILITY,origin.list,2026-09-14 13:27:56.997492+00:00
i9336.com,AVAILABILITY,origin.list,2026-09-14 13:28:01.923733+00:00
188gaming.net,AVAILABILITY,origin.list,2026-09-14 13:28:02.934639+00:00
i9556.com,AVAILABILITY,origin.list,2026-09-14 13:28:07.835502+00:00
i9886.com,AVAILABILITY,origin.list,2026-09-14 13:28:13.695261+00:00
meme2018.com,AVAILABILITY,origin.list,2026-09-14 13:28:15.324697+00:00
tdtc8788.com,AVAILABILITY,origin.list,2026-09-14 13:28:19.575320+00:00
youxi899911.com,AVAILABILITY,origin.list,2026-09-14 13:28:21.180473+00:00
youxi88aa11.com,AVAILABILITY,origin.list,2026-09-14 13:28:25.441217+00:00
188kycvn.com,AVAILABILITY,origin.list,2026-09-14 13:28:31.269607+00:00
188kycvn2.com,AVAILABILITY,origin.list,2026-09-14 13:28:37.087658+00:00
p365666.net,AVAILABILITY,origin.list,2026-09-14 13:28:37.279722+00:00
092629.com,AVAILABILITY,origin.list,2026-09-14 13:28:42.941673+00:00
11552024.com,AVAILABILITY,origin.list,2026-09-14 13:28:43.125981+00:00
pujing-pujing.com,AVAILABILITY,origin.list,2026-09-14 13:28:48.823219+00:00
87137pp.com,AVAILABILITY,origin.list,2026-09-14 13:28:48.917323+00:00
1122321.com,AVAILABILITY,origin.list,2026-09-14 13:28:54.671140+00:00
w9.vtyafq.com,AVAILABILITY,origin.list,2026-09-14 13:29:00.669697+00:00
05500j.com,AVAILABILITY,origin.list,2026-09-14 13:29:04.988351+00:00
www.dafacai360.com,AVAILABILITY,origin.list,2026-09-14 13:29:06.606470+00:00
188pscn2.com,AVAILABILITY,origin.list,2026-09-14 13:29:11.071771+00:00
188psth.com,AVAILABILITY,origin.list,2026-09-14 13:45:11.504435+00:00
188rgcn.com,AVAILABILITY,origin.list,2026-09-14 13:45:11.593396+00:00
one88bth.com,AVAILABILITY,origin.list,2026-09-14 13:45:17.993936+00:00
seamfly.xyz,AVAILABILITY,origin.list,2026-09-14 13:45:18.203252+00:00
seedkiss.xyz,AVAILABILITY,origin.list,2026-09-14 13:45:24.578186+00:00
sellsnet.xyz,AVAILABILITY,origin.list,2026-09-14 13:45:24.797981+00:00
188psth2.com,AVAILABILITY,origin.list,2026-09-14 13:45:30.910543+00:00
seniorty.xyz,AVAILABILITY,origin.list,2026-09-14 13:45:31.365425+00:00
selfda.xyz,AVAILABILITY,origin.list,2026-09-14 13:45:37.379139+00:00
sideice.xyz,AVAILABILITY,origin.list,2026-09-14 13:45:44.058377+00:00
188a88.com,AVAILABILITY,origin.list,2026-09-14 13:45:44.391303+00:00
shadeair.xyz,AVAILABILITY,origin.list,2026-09-14 13:45:50.626717+00:00
showivy.xyz,AVAILABILITY,origin.list,2026-09-14 13:45:51.070367+00:00
skirtpic.xyz,AVAILABILITY,origin.list,2026-09-14 13:45:57.552582+00:00
sensefe.xyz,AVAILABILITY,origin.list,2026-09-14 13:45:57.645140+00:00
sidelike.xyz,AVAILABILITY,origin.list,2026-09-14 13:46:04.168559+00:00
sheiup.xyz,AVAILABILITY,origin.list,2026-09-14 13:46:04.251231+00:00
shenpro.xyz,AVAILABILITY,origin.list,2026-09-14 13:46:10.764989+00:00
slickhot.xyz,AVAILABILITY,origin.list,2026-09-14 13:46:10.836137+00:00
slashsun.xyz,AVAILABILITY,origin.list,2026-09-14 13:46:17.210279+00:00
skyholly.xyz,AVAILABILITY,origin.list,2026-09-14 13:46:17.219368+00:00
sissiyes.xyz,AVAILABILITY,origin.list,2026-09-14 13:46:23.602289+00:00
soudaily.xyz,AVAILABILITY,origin.list,2026-09-14 13:46:23.689297+00:00
spinmc.xyz,AVAILABILITY,origin.list,2026-09-14 13:46:29.994086+00:00
skyunti.xyz,AVAILABILITY,origin.list,2026-09-14 13:46:36.421062+00:00
188b4et.com,AVAILABILITY,origin.list,2026-09-14 13:46:41.233785+00:00
1paedpaed.net,AVAILABILITY,origin.list,2026-09-14 13:46:47.373383+00:00
188betcn2.com,AVAILABILITY,origin.list,2026-09-14 13:46:53.782954+00:00
spiritci.xyz,AVAILABILITY,origin.list,2026-09-14 13:46:53.805150+00:00
sproper.xyz,AVAILABILITY,origin.list,2026-09-14 13:47:00.193201+00:00
solokiss.xyz,AVAILABILITY,origin.list,2026-09-14 13:47:00.201737+00:00
37good88.com,AVAILABILITY,origin.list,2026-09-14 13:47:06.547332+00:00
subhard.xyz,AVAILABILITY,origin.list,2026-09-14 13:47:06.741534+00:00
47good88.com,AVAILABILITY,origin.list,2026-09-14 13:47:12.767937+00:00
tagcli.xyz,AVAILABILITY,origin.list,2026-09-14 13:47:13.149973+00:00
taegg.xyz,AVAILABILITY,origin.list,2026-09-14 13:47:19.229788+00:00
sumvine.xyz,AVAILABILITY,origin.list,2026-09-14 13:47:19.600424+00:00
subhello.xyz,AVAILABILITY,origin.list,2026-09-14 13:47:25.756862+00:00
telowl.xyz,AVAILABILITY,origin.list,2026-09-14 13:47:26.085502+00:00
hengpro168.com,AVAILABILITY,origin.list,2026-09-14 13:47:32.237006+00:00
todocap.xyz,AVAILABILITY,origin.list,2026-09-14 13:47:34.358628+00:00
telkick.xyz,AVAILABILITY,origin.list,2026-09-14 13:47:40.839035+00:00
79381.cn,AVAILABILITY,origin.list,2026-09-14 13:47:48.389077+00:00
www.42b272.shop,AVAILABILITY,origin.list,2026-09-14 13:47:51.686392+00:00
teamclo.xyz,AVAILABILITY,origin.list,2026-09-14 13:47:58.150497+00:00
188parlay.com,AVAILABILITY,origin.list,2026-09-14 13:48:05.855977+00:00
togems.xyz,AVAILABILITY,origin.list,2026-09-14 13:48:12.268104+00:00
188bet.games,AVAILABILITY,origin.list,2026-09-14 13:48:16.249824+00:00
taisun52.fun,AVAILABILITY,origin.list,2026-09-14 13:48:18.232159+00:00
tagpink.xyz,AVAILABILITY,origin.list,2026-09-14 13:48:22.775699+00:00
torchair.xyz,AVAILABILITY,origin.list,2026-09-14 13:48:25.009272+00:00
trarow.xyz,AVAILABILITY,origin.list,2026-09-14 13:48:29.402004+00:00
footballclub.bet,AVAILABILITY,origin.list,2026-09-14 13:48:32.584608+00:00
th1eight8.com,AVAILABILITY,origin.list,2026-09-14 13:48:35.605166+00:00
topjuju.xyz,AVAILABILITY,origin.list,2026-09-14 13:48:42.058109+00:00
twopub.xyz,AVAILABILITY,origin.list,2026-09-14 13:48:48.472286+00:00
188sport.net,AVAILABILITY,origin.list,2026-09-14 13:48:50.000252+00:00
todosun.xyz,AVAILABILITY,origin.list,2026-09-14 13:48:54.985294+00:00
twosli.xyz,AVAILABILITY,origin.list,2026-09-14 13:48:56.390633+00:00
valvefun.xyz,AVAILABILITY,origin.list,2026-09-14 13:49:01.417020+00:00
vetcoco.xyz,AVAILABILITY,origin.list,2026-09-14 13:49:02.840918+00:00
viaegg.xyz,AVAILABILITY,origin.list,2026-09-14 13:49:09.314205+00:00
viacute.xyz,AVAILABILITY,origin.list,2026-09-14 13:49:15.889493+00:00
188sukses.com,AVAILABILITY,origin.list,2026-09-14 13:49:18.760129+00:00
viewivy.xyz,AVAILABILITY,origin.list,2026-09-14 13:49:22.896494+00:00
vineeasy.xyz,AVAILABILITY,origin.list,2026-09-14 13:49:25.098425+00:00
ventcute.xyz,AVAILABILITY,origin.list,2026-09-14 13:49:29.396741+00:00
vinepipe.xyz,AVAILABILITY,origin.list,2026-09-14 13:49:31.447510+00:00
vipsissi.xyz,AVAILABILITY,origin.list,2026-09-14 13:49:38.159743+00:00
vlookfx.xyz,AVAILABILITY,origin.list,2026-09-14 14:05:51.972745+00:00
viralro.xyz,AVAILABILITY,origin.list,2026-09-14 14:05:57.884882+00:00
188team.com,AVAILABILITY,origin.list,2026-09-14 14:06:02.144150+00:00
viviops.xyz,AVAILABILITY,origin.list,2026-09-14 14:06:04.098081+00:00
voaim.xyz,AVAILABILITY,origin.list,2026-09-14 14:06:08.056480+00:00
vivagun.xyz,AVAILABILITY,origin.list,2026-09-14 14:06:10.116859+00:00
wantcup.xyz,AVAILABILITY,origin.list,2026-09-14 14:06:13.934746+00:00
wayrates.xyz,AVAILABILITY,origin.list,2026-09-14 14:06:16.043119+00:00
wefever.xyz,AVAILABILITY,origin.list,2026-09-14 14:06:19.896048+00:00
walkerin.xyz,AVAILABILITY,origin.list,2026-09-14 14:06:21.836129+00:00
waychip.xyz,AVAILABILITY,origin.list,2026-09-14 14:06:27.827277+00:00
westfull.xyz,AVAILABILITY,origin.list,2026-09-14 14:06:33.696564+00:00
188w9188.com,AVAILABILITY,origin.list,2026-09-14 14:06:36.046800+00:00
wholelog.xyz,AVAILABILITY,origin.list,2026-09-14 14:06:39.700676+00:00
wheelred.xyz,AVAILABILITY,origin.list,2026-09-14 14:06:41.927055+00:00
wideto.xyz,AVAILABILITY,origin.list,2026-09-14 14:06:45.495826+00:00
wikilip.xyz,AVAILABILITY,origin.list,2026-09-14 14:06:47.772352+00:00
yaman7777.com,AVAILABILITY,origin.list,2026-09-14 14:06:51.235581+00:00
wehavha.xyz,AVAILABILITY,origin.list,2026-09-14 14:06:57.053476+00:00
winholly.xyz,AVAILABILITY,origin.list,2026-09-14 14:07:02.852593+00:00
1eight8.com,AVAILABILITY,origin.list,2026-09-14 14:07:03.957314+00:00
wintfun.xyz,AVAILABILITY,origin.list,2026-09-14 14:07:08.663548+00:00
widefans.xyz,AVAILABILITY,origin.list,2026-09-14 14:07:09.880155+00:00
wildty.xyz,AVAILABILITY,origin.list,2026-09-14 14:07:14.549609+00:00
wizaim.xyz,AVAILABILITY,origin.list,2026-09-14 14:07:16.085892+00:00
wildda.xyz,AVAILABILITY,origin.list,2026-09-14 14:07:20.296720+00:00
010saibo.com,AVAILABILITY,origin.list,2026-09-14 14:07:21.837442+00:00
wintyo.xyz,AVAILABILITY,origin.list,2026-09-14 14:07:26.081335+00:00
xllspace.xyz,AVAILABILITY,origin.list,2026-09-14 14:07:27.622128+00:00
5849bbb.com,AVAILABILITY,origin.list,2026-09-14 14:07:31.812098+00:00
36848d.com,AVAILABILITY,origin.list,2026-09-14 14:07:33.362987+00:00
5849aaa.com,AVAILABILITY,origin.list,2026-09-14 14:07:37.509780+00:00
36848ff.com,AVAILABILITY,origin.list,2026-09-14 14:07:39.089606+00:00
wowlip.xyz,AVAILABILITY,origin.list,2026-09-14 14:07:44.864423+00:00
yepgirl.xyz,AVAILABILITY,origin.list,2026-09-14 14:07:50.651633+00:00
1i8pa8pa1i8pa8pa.com,AVAILABILITY,origin.list,2026-09-14 14:07:53.572828+00:00
yyypro.xyz,AVAILABILITY,origin.list,2026-09-14 14:07:56.427739+00:00
36848t.com,AVAILABILITY,origin.list,2026-09-14 14:07:59.348698+00:00
36848c.com,AVAILABILITY,origin.list,2026-09-14 14:08:02.130603+00:00
36848ee.com,AVAILABILITY,origin.list,2026-09-14 14:08:05.048434+00:00
bw1871.com,AVAILABILITY,origin.list,2026-09-14 14:08:07.802047+00:00
zonebig.xyz,AVAILABILITY,origin.list,2026-09-14 14:08:10.857989+00:00
yuerbee.xyz,AVAILABILITY,origin.list,2026-09-14 14:08:13.587178+00:00
zydear.xyz,AVAILABILITY,origin.list,2026-09-14 14:08:16.737798+00:00
letiantangweiyi.com,AVAILABILITY,origin.list,2026-09-14 14:08:19.315356+00:00
zyhoney.xyz,AVAILABILITY,origin.list,2026-09-14 14:08:25.097817+00:00
45513b.com,AVAILABILITY,origin.list,2026-09-14 14:08:30.956321+00:00
1pal8one88i88.com,AVAILABILITY,origin.list,2026-09-14 14:08:32.697068+00:00
zoomegg.xyz,AVAILABILITY,origin.list,2026-09-14 14:08:36.736029+00:00
gviralnews.com,AVAILABILITY,origin.list,2026-09-14 14:08:38.447438+00:00
game4488.com,AVAILABILITY,origin.list,2026-09-14 14:08:42.573185+00:00
h1170.com,AVAILABILITY,origin.list,2026-09-14 14:08:44.144451+00:00
biweishijie.com,AVAILABILITY,origin.list,2026-09-14 14:08:48.305877+00:00
letiantangyazhoutiyu.com,AVAILABILITY,origin.list,2026-09-14 14:08:49.871990+00:00
36848xx.com,AVAILABILITY,origin.list,2026-09-14 14:08:55.561872+00:00
h1207.com,AVAILABILITY,origin.list,2026-09-14 14:09:01.415849+00:00
happywan8.com,AVAILABILITY,origin.list,2026-09-14 14:09:04.282591+00:00
x22239.com,AVAILABILITY,origin.list,2026-09-14 14:09:07.263826+00:00
12haosheng.com,AVAILABILITY,origin.list,2026-09-14 14:09:10.134389+00:00
zyloves.xyz,AVAILABILITY,origin.list,2026-09-14 14:09:13.241217+00:00
916630.com,AVAILABILITY,origin.list,2026-09-14 14:09:15.807559+00:00
5849eee.com,AVAILABILITY,origin.list,2026-09-14 14:09:19.036938+00:00
12asiansport.com,AVAILABILITY,origin.list,2026-09-14 14:09:21.698978+00:00
12haocai.com,AVAILABILITY,origin.list,2026-09-14 14:09:24.757305+00:00
www566077.com,AVAILABILITY,origin.list,2026-09-14 14:09:27.513020+00:00
pb3659.com,AVAILABILITY,origin.list,2026-09-14 14:09:33.361149+00:00
www.gviralnews.com,AVAILABILITY,origin.list,2026-09-14 14:09:39.111431+00:00
iwjbb.com,AVAILABILITY,origin.list,2026-09-14 14:09:40.882873+00:00
5849fff.com,AVAILABILITY,origin.list,2026-09-14 14:09:44.958494+00:00
api.shbetvv.com,AVAILABILITY,origin.list,2026-09-14 14:09:46.544499+00:00
k87kjs32s239.com,AVAILABILITY,origin.list,2026-09-14 14:09:50.752127+00:00
4646234.com,AVAILABILITY,origin.list,2026-09-14 14:09:52.283270+00:00
8vip3.com,AVAILABILITY,origin.list,2026-09-14 14:09:56.521070+00:00
fb88.immo,AVAILABILITY,origin.list,2026-09-14 14:10:02.781412+00:00
my188sports.com,AVAILABILITY,origin.list,2026-09-14 14:10:08.324393+00:00
390073.com,AVAILABILITY,origin.list,2026-09-14 14:26:14.529977+00:00
93997hd.com,AVAILABILITY,origin.list,2026-09-14 14:26:14.554324+00:00
0kaiyun.com,AVAILABILITY,origin.list,2026-09-14 14:26:20.770308+00:00
zhijinri.com,AVAILABILITY,origin.list,2026-09-14 14:26:20.870749+00:00
390072.com,AVAILABILITY,origin.list,2026-09-14 14:26:26.966010+00:00
dgtnb.com,AVAILABILITY,origin.list,2026-09-14 14:26:27.037141+00:00
betkorea1.com,AVAILABILITY,origin.list,2026-09-14 14:26:33.130201+00:00
44kaiyun.com,AVAILABILITY,origin.list,2026-09-14 14:26:33.236945+00:00
390839.com,AVAILABILITY,origin.list,2026-09-14 14:26:39.231622+00:00
926510.com,AVAILABILITY,origin.list,2026-09-14 14:26:39.577320+00:00
bv84.com,AVAILABILITY,origin.list,2026-09-14 14:26:45.446647+00:00
jnh02.com,AVAILABILITY,origin.list,2026-09-14 14:26:45.681664+00:00
918667.com,AVAILABILITY,origin.list,2026-09-14 14:26:51.717620+00:00
www20150707.com,AVAILABILITY,origin.list,2026-09-14 14:26:51.912599+00:00
390397.com,AVAILABILITY,origin.list,2026-09-14 14:26:57.928992+00:00
wns666-app.com,AVAILABILITY,origin.list,2026-09-14 14:26:58.053890+00:00
17365010.com,AVAILABILITY,origin.list,2026-09-14 14:27:04.013996+00:00
fbjili1.com,AVAILABILITY,origin.list,2026-09-14 14:27:04.067384+00:00
6915j.com,AVAILABILITY,origin.list,2026-09-14 14:27:10.270044+00:00
appkto.com,AVAILABILITY,origin.list,2026-09-14 14:27:10.269765+00:00
77ph22.cc,AVAILABILITY,origin.list,2026-09-14 14:27:16.739324+00:00
77ph77.cc,AVAILABILITY,origin.list,2026-09-14 14:27:16.754943+00:00
www1777000.com,AVAILABILITY,origin.list,2026-09-14 14:27:22.791519+00:00
77ph44.cc,AVAILABILITY,origin.list,2026-09-14 14:27:22.923307+00:00
77ph55.cc,AVAILABILITY,origin.list,2026-09-14 14:27:29.069018+00:00
579755.com,AVAILABILITY,origin.list,2026-09-14 14:27:29.210116+00:00
db821.com,AVAILABILITY,origin.list,2026-09-14 14:27:35.276882+00:00
hjw1668.com,AVAILABILITY,origin.list,2026-09-14 14:27:35.398505+00:00
mysports98.com,AVAILABILITY,origin.list,2026-09-14 14:27:48.080390+00:00
one88fajia.com,AVAILABILITY,origin.list,2026-09-14 14:27:48.234330+00:00
837h.com,AVAILABILITY,origin.list,2026-09-14 14:27:54.280866+00:00
660361.com,AVAILABILITY,origin.list,2026-09-14 14:27:54.281536+00:00
p10020.net,AVAILABILITY,origin.list,2026-09-14 14:28:00.581043+00:00
haowinapp000haowinapp.com,AVAILABILITY,origin.list,2026-09-14 14:28:00.599779+00:00
926564.com,AVAILABILITY,origin.list,2026-09-14 14:28:06.890020+00:00
17248j.com,AVAILABILITY,origin.list,2026-09-14 14:28:06.954648+00:00
dbplay222.com,AVAILABILITY,origin.list,2026-09-14 14:28:13.240090+00:00
76c76.bet,AVAILABILITY,origin.list,2026-09-14 14:28:14.290846+00:00
k8vii75.com,AVAILABILITY,origin.list,2026-09-14 14:28:19.455075+00:00
6s789.com,AVAILABILITY,origin.list,2026-09-14 14:28:25.548528+00:00
one88yijia.com,AVAILABILITY,origin.list,2026-09-14 14:28:31.527233+00:00
account.w88hn.com,AVAILABILITY,origin.list,2026-09-14 14:28:31.839679+00:00
d3d3d3.com,AVAILABILITY,origin.list,2026-09-14 14:28:37.682942+00:00
fun88-m12.com,AVAILABILITY,origin.list,2026-09-14 14:28:38.073065+00:00
k8vii82.com,AVAILABILITY,origin.list,2026-09-14 14:28:43.856064+00:00
win4rich.com,AVAILABILITY,origin.list,2026-09-14 14:28:44.113945+00:00
affiliate.w88hn.com,AVAILABILITY,origin.list,2026-09-14 14:28:49.927522+00:00
0ermm.com,AVAILABILITY,origin.list,2026-09-14 14:28:50.241802+00:00
13360gg.com,AVAILABILITY,origin.list,2026-09-14 14:28:55.997972+00:00
gott7.xyz,AVAILABILITY,origin.list,2026-09-14 14:28:56.667075+00:00
login.dangkyrikvip.win,AVAILABILITY,origin.list,2026-09-14 14:29:02.215471+00:00
36848cc.com,AVAILABILITY,origin.list,2026-09-14 14:29:02.862863+00:00
13360ii.com,AVAILABILITY,origin.list,2026-09-14 14:29:08.545365+00:00
36848f.com,AVAILABILITY,origin.list,2026-09-14 14:29:08.877337+00:00
36848bb.com,AVAILABILITY,origin.list,2026-09-14 14:29:11.090000+00:00
v25446.top,AVAILABILITY,origin.list,2026-09-14 14:29:16.652461+00:00
36848dd.com,AVAILABILITY,origin.list,2026-09-14 14:29:22.961032+00:00
sportsman178.com,AVAILABILITY,origin.list,2026-09-14 14:29:27.847090+00:00
36848g.com,AVAILABILITY,origin.list,2026-09-14 14:29:29.067102+00:00
36848h.com,AVAILABILITY,origin.list,2026-09-14 14:29:34.206310+00:00
36848gg.com,AVAILABILITY,origin.list,2026-09-14 14:29:35.135810+00:00
36848i.com,AVAILABILITY,origin.list,2026-09-14 14:29:40.508000+00:00
playkclub.win,AVAILABILITY,origin.list,2026-09-14 14:29:41.229680+00:00
36848ii.com,AVAILABILITY,origin.list,2026-09-14 14:29:46.598118+00:00
36848j.com,AVAILABILITY,origin.list,2026-09-14 14:29:47.359686+00:00
36848jj.com,AVAILABILITY,origin.list,2026-09-14 14:29:52.956954+00:00
36848ll.com,AVAILABILITY,origin.list,2026-09-14 14:29:53.639039+00:00
36848l.com,AVAILABILITY,origin.list,2026-09-14 14:29:58.998714+00:00
36848p.com,AVAILABILITY,origin.list,2026-09-14 14:30:05.164080+00:00
the188bet.com,AVAILABILITY,origin.list,2026-09-14 14:30:10.931090+00:00
36848oo.com,AVAILABILITY,origin.list,2026-09-14 14:30:11.281296+00:00
36848kk.com,AVAILABILITY,origin.list,2026-09-14 14:30:16.988039+00:00
dangkyrikvip.me,AVAILABILITY,origin.list,2026-09-14 14:30:17.716115+00:00
36848mm.com,AVAILABILITY,origin.list,2026-09-14 14:30:22.959058+00:00
708941.com,AVAILABILITY,origin.list,2026-09-14 14:30:29.059712+00:00
thegioigiaitri188.com,AVAILABILITY,origin.list,2026-09-14 14:30:34.938272+00:00
36848nn.com,AVAILABILITY,origin.list,2026-09-14 14:46:36.126988+00:00
11hg1.com,AVAILABILITY,origin.list,2026-09-14 14:46:36.155420+00:00
77708566.com,AVAILABILITY,origin.list,2026-09-14 14:46:42.403352+00:00
23353a.com,AVAILABILITY,origin.list,2026-09-14 14:46:42.410888+00:00
77707666.com,AVAILABILITY,origin.list,2026-09-14 14:46:48.856309+00:00
melbetpartners.info,AVAILABILITY,origin.list,2026-09-14 14:46:54.661786+00:00
27177h.com,AVAILABILITY,origin.list,2026-09-14 14:46:55.071236+00:00
1728899y.com,AVAILABILITY,origin.list,2026-09-14 14:47:01.012552+00:00
bibo144.com,AVAILABILITY,origin.list,2026-09-14 14:47:03.461797+00:00
84893344.com,AVAILABILITY,origin.list,2026-09-14 14:47:07.277614+00:00
qidapayment.com,AVAILABILITY,origin.list,2026-09-14 14:47:09.742965+00:00
vip.dangkyrikvip.me,AVAILABILITY,origin.list,2026-09-14 14:47:13.774577+00:00
0455t.com,AVAILABILITY,origin.list,2026-09-14 14:47:20.094736+00:00
bb95881.com,AVAILABILITY,origin.list,2026-09-14 14:47:21.084448+00:00
0772t.com,AVAILABILITY,origin.list,2026-09-14 14:47:26.279271+00:00
wanzuqiu8.com,AVAILABILITY,origin.list,2026-09-14 14:47:38.124375+00:00
36563.org,AVAILABILITY,origin.list,2026-09-14 14:47:40.397038+00:00
5566yb.com,AVAILABILITY,origin.list,2026-09-14 14:47:44.240096+00:00
4328t.com,AVAILABILITY,origin.list,2026-09-14 14:47:46.810073+00:00
668091.com,AVAILABILITY,origin.list,2026-09-14 14:47:50.433246+00:00
antddos.com,AVAILABILITY,origin.list,2026-09-14 14:47:52.937876+00:00
api.shbet3.com,AVAILABILITY,origin.list,2026-09-14 14:47:56.851635+00:00
ad.app8.top,AVAILABILITY,origin.list,2026-09-14 14:48:00.510984+00:00
lanjutmasuksl69.click,AVAILABILITY,origin.list,2026-09-14 14:48:02.909090+00:00
qc.top88.vn,AVAILABILITY,origin.list,2026-09-14 14:48:07.263334+00:00
play.top88.vn,AVAILABILITY,origin.list,2026-09-14 14:48:09.827081+00:00
qidapay.net,AVAILABILITY,origin.list,2026-09-14 14:48:13.489487+00:00
qm550.com,AVAILABILITY,origin.list,2026-09-14 14:48:16.098977+00:00
xtreambet.com,AVAILABILITY,origin.list,2026-09-14 14:48:19.950998+00:00
8682s.com,AVAILABILITY,origin.list,2026-09-14 14:48:22.518272+00:00
84893399.com,AVAILABILITY,origin.list,2026-09-14 14:48:26.330608+00:00
bty1160.com,AVAILABILITY,origin.list,2026-09-14 14:48:32.746272+00:00
top88.vn,AVAILABILITY,origin.list,2026-09-14 14:48:35.033243+00:00
yhh9k.com,AVAILABILITY,origin.list,2026-09-14 14:48:41.335279+00:00
bty1152.com,AVAILABILITY,origin.list,2026-09-14 14:48:44.013780+00:00
locphat6868.com,AVAILABILITY,origin.list,2026-09-14 14:48:49.926621+00:00
welcometo188.com,AVAILABILITY,origin.list,2026-09-14 14:48:50.264364+00:00
bty1180.com,AVAILABILITY,origin.list,2026-09-14 14:48:56.272236+00:00
miso88.pics,AVAILABILITY,origin.list,2026-09-14 14:48:56.810592+00:00
bty1196.com,AVAILABILITY,origin.list,2026-09-14 14:49:02.713831+00:00
bty1292.com,AVAILABILITY,origin.list,2026-09-14 14:49:02.990276+00:00
bty1289.com,AVAILABILITY,origin.list,2026-09-14 14:49:08.967267+00:00
bty1198.com,AVAILABILITY,origin.list,2026-09-14 14:49:09.287281+00:00
bty1295.com,AVAILABILITY,origin.list,2026-09-14 14:49:15.780097+00:00
086868.cn,AVAILABILITY,origin.list,2026-09-14 14:49:17.091437+00:00
bty1290.com,AVAILABILITY,origin.list,2026-09-14 14:49:21.997685+00:00
www.bty1160.com,AVAILABILITY,origin.list,2026-09-14 14:49:28.378336+00:00
13711.org,AVAILABILITY,origin.list,2026-09-14 14:49:31.925113+00:00
fi8868.com,AVAILABILITY,origin.list,2026-09-14 14:49:34.544196+00:00
ps6vip168.com,AVAILABILITY,origin.list,2026-09-14 14:49:38.206265+00:00
087808.cn,AVAILABILITY,origin.list,2026-09-14 14:49:46.516566+00:00
dangkyrikvip.org,AVAILABILITY,origin.list,2026-09-14 14:49:50.063869+00:00
www.bty1180.com,AVAILABILITY,origin.list,2026-09-14 14:49:52.858575+00:00
19439.cn,AVAILABILITY,origin.list,2026-09-14 14:49:57.483768+00:00
www.bty1198.com,AVAILABILITY,origin.list,2026-09-14 14:49:59.407944+00:00
wzq8.net,AVAILABILITY,origin.list,2026-09-14 14:50:14.701346+00:00
11551138.com,AVAILABILITY,origin.list,2026-09-14 14:50:17.496791+00:00
www.bty1196.com,AVAILABILITY,origin.list,2026-09-14 14:50:21.073052+00:00
cmd128.xn--6frz82g,AVAILABILITY,origin.list,2026-09-14 14:50:28.655659+00:00
authen.vua69.com,AVAILABILITY,origin.list,2026-09-14 14:50:28.675537+00:00
cskh.vua69.com,AVAILABILITY,origin.list,2026-09-14 14:50:34.973264+00:00
for888639.com,AVAILABILITY,origin.list,2026-09-14 14:50:35.172649+00:00
common.vua69.com,AVAILABILITY,origin.list,2026-09-14 14:50:41.120578+00:00
genshin.vua69.com,AVAILABILITY,origin.list,2026-09-14 14:50:41.348318+00:00
jackpot.vua69.com,AVAILABILITY,origin.list,2026-09-14 14:50:47.579948+00:00
login.dangkyrikvip.org,AVAILABILITY,origin.list,2026-09-14 14:50:59.942078+00:00
jewell.vua69.com,AVAILABILITY,origin.list,2026-09-14 15:07:10.918437+00:00
hhpdns.com,AVAILABILITY,origin.list,2026-09-14 15:07:17.132223+00:00
zq8good.com,AVAILABILITY,origin.list,2026-09-14 15:07:17.602544+00:00
lobby.vua69.com,AVAILABILITY,origin.list,2026-09-14 15:07:23.325030+00:00
login.vua69.com,AVAILABILITY,origin.list,2026-09-14 15:07:23.846101+00:00
vua69.com,AVAILABILITY,origin.list,2026-09-14 15:07:29.400658+00:00
gott7.work,AVAILABILITY,origin.list,2026-09-14 15:07:30.484289+00:00
tx.vua69.com,AVAILABILITY,origin.list,2026-09-14 15:07:35.498000+00:00
36848q.com,AVAILABILITY,origin.list,2026-09-14 15:07:41.536915+00:00
11551139.com,AVAILABILITY,origin.list,2026-09-14 15:07:47.507678+00:00
www.bty1289.com,AVAILABILITY,origin.list,2026-09-14 15:07:53.664015+00:00
2003659.com,AVAILABILITY,origin.list,2026-09-14 15:07:59.433471+00:00
www.bty1295.com,AVAILABILITY,origin.list,2026-09-14 15:07:59.819023+00:00
www.bty1292.com,AVAILABILITY,origin.list,2026-09-14 15:08:05.609441+00:00
36848rr.com,AVAILABILITY,origin.list,2026-09-14 15:08:06.039829+00:00
www.bty1290.com,AVAILABILITY,origin.list,2026-09-14 15:08:11.761668+00:00
36848s.com,AVAILABILITY,origin.list,2026-09-14 15:08:18.050352+00:00
11551151.com,AVAILABILITY,origin.list,2026-09-14 15:08:23.035356+00:00
191sj.app,AVAILABILITY,origin.list,2026-09-14 15:08:24.516837+00:00
2059bb.com,AVAILABILITY,origin.list,2026-09-14 15:08:29.188896+00:00
2059ii.com,AVAILABILITY,origin.list,2026-09-14 15:08:30.754682+00:00
2059kk.com,AVAILABILITY,origin.list,2026-09-14 15:08:37.052083+00:00
11551167.com,AVAILABILITY,origin.list,2026-09-14 15:08:45.987427+00:00
2059pp.com,AVAILABILITY,origin.list,2026-09-14 15:08:52.220977+00:00
11551168.com,AVAILABILITY,origin.list,2026-09-14 15:08:53.882092+00:00
2059uu.com,AVAILABILITY,origin.list,2026-09-14 15:08:58.303820+00:00
9696456.com,AVAILABILITY,origin.list,2026-09-14 15:09:04.547047+00:00
2059qq.com,AVAILABILITY,origin.list,2026-09-14 15:09:10.633569+00:00
11551199.com,AVAILABILITY,origin.list,2026-09-14 15:09:10.736673+00:00
36848u.com,AVAILABILITY,origin.list,2026-09-14 15:09:16.789798+00:00
36848ss.com,AVAILABILITY,origin.list,2026-09-14 15:09:16.854015+00:00
36848w.com,AVAILABILITY,origin.list,2026-09-14 15:09:22.856129+00:00
36848tt.com,AVAILABILITY,origin.list,2026-09-14 15:09:22.875347+00:00
36848qq.com,AVAILABILITY,origin.list,2026-09-14 15:09:28.974071+00:00
bc6691.com,AVAILABILITY,origin.list,2026-09-14 15:09:29.067547+00:00
36848ww.com,AVAILABILITY,origin.list,2026-09-14 15:09:35.026297+00:00
36848vv.com,AVAILABILITY,origin.list,2026-09-14 15:09:35.067371+00:00
36848yy.com,AVAILABILITY,origin.list,2026-09-14 15:09:41.106016+00:00
118366e.com,AVAILABILITY,origin.list,2026-09-14 15:09:41.200177+00:00
12bocai.com,AVAILABILITY,origin.list,2026-09-14 15:09:47.363415+00:00
118366c.com,AVAILABILITY,origin.list,2026-09-14 15:09:53.378932+00:00
11551225.com,AVAILABILITY,origin.list,2026-09-14 15:09:58.006527+00:00
13360uu.com,AVAILABILITY,origin.list,2026-09-14 15:09:59.499344+00:00
13360bb.com,AVAILABILITY,origin.list,2026-09-14 15:10:05.546343+00:00
12caile.com,AVAILABILITY,origin.list,2026-09-14 15:10:11.579631+00:00
11551226.com,AVAILABILITY,origin.list,2026-09-14 15:10:14.876353+00:00
232337b.com,AVAILABILITY,origin.list,2026-09-14 15:10:17.716303+00:00
232337g.com,AVAILABILITY,origin.list,2026-09-14 15:10:21.159824+00:00
12bowin.com,AVAILABILITY,origin.list,2026-09-14 15:10:23.837445+00:00
232337f.com,AVAILABILITY,origin.list,2026-09-14 15:10:27.401537+00:00
232337a.com,AVAILABILITY,origin.list,2026-09-14 15:10:30.043553+00:00
232337d.com,AVAILABILITY,origin.list,2026-09-14 15:10:33.420557+00:00
232337z.com,AVAILABILITY,origin.list,2026-09-14 15:10:36.235236+00:00
232337c.com,AVAILABILITY,origin.list,2026-09-14 15:10:39.681113+00:00
232337j.com,AVAILABILITY,origin.list,2026-09-14 15:10:42.280092+00:00
5849ccc.com,AVAILABILITY,origin.list,2026-09-14 15:10:48.451903+00:00
232337k.com,AVAILABILITY,origin.list,2026-09-14 15:10:54.703800+00:00
11551321.com,AVAILABILITY,origin.list,2026-09-14 15:10:56.652401+00:00
36848pp.com,AVAILABILITY,origin.list,2026-09-14 15:11:00.843453+00:00
36848uu.com,AVAILABILITY,origin.list,2026-09-14 15:11:02.696326+00:00
232337p.com,AVAILABILITY,origin.list,2026-09-14 15:11:07.020198+00:00
42260y.com,AVAILABILITY,origin.list,2026-09-14 15:11:08.957236+00:00
36848r.com,AVAILABILITY,origin.list,2026-09-14 15:11:13.237975+00:00
a69779.com,AVAILABILITY,origin.list,2026-09-14 15:11:15.063828+00:00
bw1873.com,AVAILABILITY,origin.list,2026-09-14 15:11:19.313809+00:00
5849ggg.com,AVAILABILITY,origin.list,2026-09-14 15:11:25.620429+00:00
lefundianjing.com,AVAILABILITY,origin.list,2026-09-14 15:11:31.975807+00:00
237ms.com,AVAILABILITY,origin.list,2026-09-14 15:14:03.897242+00:00
2388123.com,AVAILABILITY,origin.list,2026-09-14 15:14:04.435773+00:00
2566b19.com,AVAILABILITY,origin.list,2026-09-14 15:14:16.743953+00:00
2566b20.com,AVAILABILITY,origin.list,2026-09-14 15:14:16.976257+00:00
2566jiance.com,AVAILABILITY,origin.list,2026-09-14 15:14:23.454319+00:00
2566k10.com,AVAILABILITY,origin.list,2026-09-14 15:14:23.995671+00:00
2566k12.com,AVAILABILITY,origin.list,2026-09-14 15:14:29.747663+00:00
2566k13.com,AVAILABILITY,origin.list,2026-09-14 15:14:30.596481+00:00
2566k21.com,AVAILABILITY,origin.list,2026-09-14 15:14:36.088680+00:00
2566k22.com,AVAILABILITY,origin.list,2026-09-14 15:14:36.867199+00:00
2566k24.com,AVAILABILITY,origin.list,2026-09-14 15:14:42.391691+00:00
2566k25.com,AVAILABILITY,origin.list,2026-09-14 15:14:43.078250+00:00
2566k33.com,AVAILABILITY,origin.list,2026-09-14 15:14:48.843508+00:00
2566k37.com,AVAILABILITY,origin.list,2026-09-14 15:14:49.537381+00:00
2566k38.com,AVAILABILITY,origin.list,2026-09-14 15:14:54.989212+00:00
2566k39.com,AVAILABILITY,origin.list,2026-09-14 15:14:56.051775+00:00
2566k5.com,AVAILABILITY,origin.list,2026-09-14 15:15:01.394115+00:00
2566k6.com,AVAILABILITY,origin.list,2026-09-14 15:15:02.236716+00:00
2566k8.com,AVAILABILITY,origin.list,2026-09-14 15:15:07.661254+00:00
2851dh.com,AVAILABILITY,origin.list,2026-09-14 15:15:27.070099+00:00
7215t.com,AVAILABILITY,origin.list,2026-09-14 15:18:31.748789+00:00
beweizqb88.com,AVAILABILITY,origin.list,2026-09-14 15:20:48.005304+00:00
biwei88guanwang.com,AVAILABILITY,origin.list,2026-09-14 15:20:54.756190+00:00
biweishijiebei.com,AVAILABILITY,origin.list,2026-09-14 15:20:56.049887+00:00
biweishijiebei2022.com,AVAILABILITY,origin.list,2026-09-14 15:21:01.132236+00:00
bwshijiebei2022.com,AVAILABILITY,origin.list,2026-09-14 15:21:20.771243+00:00
bwvvip2022.com,AVAILABILITY,origin.list,2026-09-14 15:21:21.193421+00:00
ck2851.net,AVAILABILITY,origin.list,2026-09-14 15:21:39.326231+00:00
ck2851a.com,AVAILABILITY,origin.list,2026-09-14 15:21:39.517162+00:00
ck2851c.com,AVAILABILITY,origin.list,2026-09-14 15:21:45.711526+00:00
ck2851i.com,AVAILABILITY,origin.list,2026-09-14 15:21:45.771097+00:00
ck2851k.com,AVAILABILITY,origin.list,2026-09-14 15:21:51.954681+00:00
ck2851l.com,AVAILABILITY,origin.list,2026-09-14 15:21:52.074110+00:00
ck2851m.com,AVAILABILITY,origin.list,2026-09-14 15:21:58.274272+00:00
ck2851p.com,AVAILABILITY,origin.list,2026-09-14 15:21:58.437715+00:00
ck2851v.com,AVAILABILITY,origin.list,2026-09-14 15:22:04.701098+00:00
ck2851r.com,AVAILABILITY,origin.list,2026-09-14 15:22:04.704142+00:00
ck2851w.com,AVAILABILITY,origin.list,2026-09-14 15:22:11.050185+00:00
ck2851z.com,AVAILABILITY,origin.list,2026-09-14 15:22:11.163645+00:00
ckw202.com,AVAILABILITY,origin.list,2026-09-14 15:22:15.818448+00:00
ckw203.com,AVAILABILITY,origin.list,2026-09-14 15:22:15.871958+00:00
ckw206.com,AVAILABILITY,origin.list,2026-09-14 15:22:21.868754+00:00
ckw991.com,AVAILABILITY,origin.list,2026-09-14 15:22:21.871961+00:00
ckw992.com,AVAILABILITY,origin.list,2026-09-14 15:22:28.112811+00:00
dh2851.com,AVAILABILITY,origin.list,2026-09-14 15:22:50.335079+00:00
dh62323.com,AVAILABILITY,origin.list,2026-09-14 15:22:50.714285+00:00
new8818.com,AVAILABILITY,origin.list,2026-09-14 15:26:29.723825+00:00
new881.com,AVAILABILITY,origin.list,2026-09-14 15:26:29.782346+00:00
new885.com,AVAILABILITY,origin.list,2026-09-14 15:26:36.465288+00:00
new88b.com,AVAILABILITY,origin.list,2026-09-14 15:26:38.686686+00:00
new88g.com,AVAILABILITY,origin.list,2026-09-14 15:26:43.170924+00:00
new88i.com,AVAILABILITY,origin.list,2026-09-14 15:26:45.350045+00:00
new88j.com,AVAILABILITY,origin.list,2026-09-14 15:26:49.572840+00:00
new88k.com,AVAILABILITY,origin.list,2026-09-14 15:26:51.853049+00:00
new88o.com,AVAILABILITY,origin.list,2026-09-14 15:26:55.979294+00:00
new88v.com,AVAILABILITY,origin.list,2026-09-14 15:26:58.398759+00:00
new88w.com,AVAILABILITY,origin.list,2026-09-14 15:27:02.172408+00:00
new88x.com,AVAILABILITY,origin.list,2026-09-14 15:27:04.977339+00:00
new88z.com,AVAILABILITY,origin.list,2026-09-14 15:27:08.482710+00:00
palace88bet.com,AVAILABILITY,origin.list,2026-09-14 15:27:39.372744+00:00
w034034.com,AVAILABILITY,origin.list,2026-09-14 15:31:07.095518+00:00
letiantangdingjixinyu.com,AVAILABILITY,origin.list,2026-09-14 15:31:13.367123+00:00
hg61999.com,AVAILABILITY,origin.list,2026-09-14 15:31:19.739524+00:00
68kykf.com,AVAILABILITY,origin.list,2026-09-14 15:31:26.359550+00:00
dk.haywinclub.vip,AVAILABILITY,origin.list,2026-09-14 15:31:28.018459+00:00
wb999b.net,AVAILABILITY,origin.list,2026-09-14 15:31:33.093913+00:00
loljingbo.com,AVAILABILITY,origin.list,2026-09-14 15:31:34.422713+00:00
4384933.com,AVAILABILITY,origin.list,2026-09-14 15:31:39.293475+00:00
4384988.com,AVAILABILITY,origin.list,2026-09-14 15:31:40.662636+00:00
bet88900.com,AVAILABILITY,origin.list,2026-09-14 15:31:45.455710+00:00
fast88sc.sc88h.vip,AVAILABILITY,origin.list,2026-09-14 15:31:46.953992+00:00
jbo036.com,AVAILABILITY,origin.list,2026-09-14 15:31:51.863174+00:00
ks0886.com,AVAILABILITY,origin.list,2026-09-14 15:31:53.290620+00:00
okvipci.com,AVAILABILITY,origin.list,2026-09-14 15:31:58.177728+00:00
ku7968.com,AVAILABILITY,origin.list,2026-09-14 15:31:59.569930+00:00
h1279.com,AVAILABILITY,origin.list,2026-09-14 15:47:38.186514+00:00
qc.choigem.skin,AVAILABILITY,origin.list,2026-09-14 15:47:39.260102+00:00
12bosheng.com,AVAILABILITY,origin.list,2026-09-14 15:47:44.370403+00:00
h1290.com,AVAILABILITY,origin.list,2026-09-14 15:47:45.440295+00:00
zhumengfeixiang.com,AVAILABILITY,origin.list,2026-09-14 15:47:50.704388+00:00
13360aa.com,AVAILABILITY,origin.list,2026-09-14 15:47:51.539499+00:00
12yingcai.com,AVAILABILITY,origin.list,2026-09-14 15:47:56.851022+00:00
13360cc.com,AVAILABILITY,origin.list,2026-09-14 15:47:57.860855+00:00
13360dd.com,AVAILABILITY,origin.list,2026-09-14 15:48:03.207201+00:00
12yingli.com,AVAILABILITY,origin.list,2026-09-14 15:48:04.125233+00:00
sn1.sin88.me,AVAILABILITY,origin.list,2026-09-14 15:48:09.797006+00:00
13360ff.com,AVAILABILITY,origin.list,2026-09-14 15:48:16.289200+00:00
11551228.com,AVAILABILITY,origin.list,2026-09-14 15:48:22.270349+00:00
13360ee.com,AVAILABILITY,origin.list,2026-09-14 15:48:22.418808+00:00
wb-soda111.online,AVAILABILITY,origin.list,2026-09-14 15:48:28.730660+00:00
thzxbbs.cn,AVAILABILITY,origin.list,2026-09-14 15:48:30.874788+00:00
13360kk.com,AVAILABILITY,origin.list,2026-09-14 15:48:34.929399+00:00
13360ll.com,AVAILABILITY,origin.list,2026-09-14 15:48:36.986032+00:00
13360qq.com,AVAILABILITY,origin.list,2026-09-14 15:48:41.223680+00:00
13360jj.com,AVAILABILITY,origin.list,2026-09-14 15:48:43.242601+00:00
13360pp.com,AVAILABILITY,origin.list,2026-09-14 15:48:47.397259+00:00
13360oo.com,AVAILABILITY,origin.list,2026-09-14 15:48:49.403429+00:00
188jiliyb.com,AVAILABILITY,origin.list,2026-09-14 15:48:53.481113+00:00
13360nn.com,AVAILABILITY,origin.list,2026-09-14 15:48:55.521172+00:00
221170.com,AVAILABILITY,origin.list,2026-09-14 15:48:59.670618+00:00
866827.com,AVAILABILITY,origin.list,2026-09-14 15:49:05.767405+00:00
564558.com,AVAILABILITY,origin.list,2026-09-14 15:49:11.847420+00:00
2138007.com,AVAILABILITY,origin.list,2026-09-14 15:49:13.412093+00:00
2vip365666.com,AVAILABILITY,origin.list,2026-09-14 15:49:18.082603+00:00
k8asia89.com,AVAILABILITY,origin.list,2026-09-14 15:49:19.536137+00:00
61133s.com,AVAILABILITY,origin.list,2026-09-14 15:49:24.308711+00:00
k8asia88.com,AVAILABILITY,origin.list,2026-09-14 15:49:25.879245+00:00
k8asia90.com,AVAILABILITY,origin.list,2026-09-14 15:49:30.374845+00:00
k8asia96.com,AVAILABILITY,origin.list,2026-09-14 15:49:31.974092+00:00
13360ss.com,AVAILABILITY,origin.list,2026-09-14 15:49:36.519208+00:00
admmin.99win.care,AVAILABILITY,origin.list,2026-09-14 15:49:38.948788+00:00
k8seagames.com,AVAILABILITY,origin.list,2026-09-14 15:49:41.744563+00:00
13360mm.com,AVAILABILITY,origin.list,2026-09-14 15:49:44.942688+00:00
13360vv.com,AVAILABILITY,origin.list,2026-09-14 15:49:46.333453+00:00
13360xx.com,AVAILABILITY,origin.list,2026-09-14 15:49:47.624112+00:00
qf25rf1m.com,AVAILABILITY,origin.list,2026-09-14 15:49:47.808849+00:00
13360ww.com,AVAILABILITY,origin.list,2026-09-14 15:49:48.952349+00:00
13360rr.com,AVAILABILITY,origin.list,2026-09-14 15:49:49.030544+00:00
13360tt.com,AVAILABILITY,origin.list,2026-09-14 15:49:50.348280+00:00
339980.com,AVAILABILITY,origin.list,2026-09-14 15:49:51.726541+00:00
13360zz.com,AVAILABILITY,origin.list,2026-09-14 15:49:52.858637+00:00
3js38.com,AVAILABILITY,origin.list,2026-09-14 15:49:53.906855+00:00
188kycid2.com,AVAILABILITY,origin.list,2026-09-14 15:49:55.091411+00:00
11551531.com,AVAILABILITY,origin.list,2026-09-14 15:50:02.180809+00:00
188rgid2.com,AVAILABILITY,origin.list,2026-09-14 15:50:03.400287+00:00
13360yy.com,AVAILABILITY,origin.list,2026-09-14 15:50:04.668248+00:00
559355.com,AVAILABILITY,origin.list,2026-09-14 15:50:05.804925+00:00
jnh07.com,AVAILABILITY,origin.list,2026-09-14 15:50:07.018749+00:00
3650277.com,AVAILABILITY,origin.list,2026-09-14 15:50:07.993240+00:00
188zanzhuf1.com,AVAILABILITY,origin.list,2026-09-14 15:50:08.230436+00:00
113ag88.com,AVAILABILITY,origin.list,2026-09-14 15:50:09.081895+00:00
saibo11.com,AVAILABILITY,origin.list,2026-09-14 15:50:09.418216+00:00
5454010.com,AVAILABILITY,origin.list,2026-09-14 15:50:21.925823+00:00
4427003.com,AVAILABILITY,origin.list,2026-09-14 15:50:22.368962+00:00
256918.com,AVAILABILITY,origin.list,2026-09-14 15:50:23.526995+00:00
1xbetkk.com,AVAILABILITY,origin.list,2026-09-14 15:50:24.853254+00:00
1xbetkr1.com,AVAILABILITY,origin.list,2026-09-14 15:50:26.034363+00:00
korea1x-bet.com,AVAILABILITY,origin.list,2026-09-14 15:50:27.163501+00:00
xym300.com,AVAILABILITY,origin.list,2026-09-14 15:50:28.431829+00:00
yy80300.com,AVAILABILITY,origin.list,2026-09-14 15:50:29.408148+00:00
6186x.com,AVAILABILITY,origin.list,2026-09-14 15:50:34.782573+00:00
118-sport.com,AVAILABILITY,origin.list,2026-09-14 15:50:40.938437+00:00
xym2211.com,AVAILABILITY,origin.list,2026-09-14 15:50:41.150668+00:00
102505.com,AVAILABILITY,origin.list,2026-09-14 15:50:47.005542+00:00
xym2888.com,AVAILABILITY,origin.list,2026-09-14 15:50:53.112209+00:00
k8vnn8.com,AVAILABILITY,origin.list,2026-09-14 15:50:58.997319+00:00
1728877e.com,AVAILABILITY,origin.list,2026-09-14 15:50:59.285709+00:00
api.hi67851.com,AVAILABILITY,origin.list,2026-09-14 15:51:05.215682+00:00
api.hi67846.com,AVAILABILITY,origin.list,2026-09-14 15:51:05.603061+00:00
api.hi67863.com,AVAILABILITY,origin.list,2026-09-14 15:51:11.384954+00:00
kk6881.com,AVAILABILITY,origin.list,2026-09-14 15:51:17.540424+00:00
k8vnn6.com,AVAILABILITY,origin.list,2026-09-14 15:51:23.685080+00:00
280774.com,AVAILABILITY,origin.list,2026-09-14 15:51:23.810432+00:00
490065.com,AVAILABILITY,origin.list,2026-09-14 15:51:29.915728+00:00
cx2cp.com,AVAILABILITY,origin.list,2026-09-14 15:51:36.057000+00:00
918jii.com,AVAILABILITY,origin.list,2026-09-14 15:51:41.719216+00:00
1ba8.com,AVAILABILITY,origin.list,2026-09-14 15:51:42.162891+00:00
cdkmer.cn,AVAILABILITY,origin.list,2026-09-14 15:51:49.604168+00:00
fundtransfer.w88hn.com,AVAILABILITY,origin.list,2026-09-14 15:51:56.255817+00:00
188betnow.com,AVAILABILITY,origin.list,2026-09-14 15:51:58.760007+00:00
sdy710.com,AVAILABILITY,origin.list,2026-09-14 15:52:02.454653+00:00
8269w.net,AVAILABILITY,origin.list,2026-09-14 15:52:04.994610+00:00
7918666.com,AVAILABILITY,origin.list,2026-09-14 15:52:08.588535+00:00
98986677.com,AVAILABILITY,origin.list,2026-09-14 15:52:11.124549+00:00
85d88.com,AVAILABILITY,origin.list,2026-09-14 15:52:14.640723+00:00
895295.com,AVAILABILITY,origin.list,2026-09-14 15:52:17.276261+00:00
b77768.com,AVAILABILITY,origin.list,2026-09-14 15:52:32.517112+00:00
dominobet88slot.com,AVAILABILITY,origin.list,2026-09-14 16:08:43.303991+00:00
fb88viet.net,AVAILABILITY,origin.list,2026-09-14 16:08:49.761340+00:00
w6770.com,AVAILABILITY,origin.list,2026-09-14 16:08:54.457681+00:00
new887.com,AVAILABILITY,origin.list,2026-09-14 16:08:56.087787+00:00
w88tel.com,AVAILABILITY,origin.list,2026-09-14 16:09:00.911631+00:00
dagatructiep.casino,AVAILABILITY,origin.list,2026-09-14 16:09:03.602880+00:00
vmaxkm.app,AVAILABILITY,origin.list,2026-09-14 16:09:07.209240+00:00
tha5web.com,AVAILABILITY,origin.list,2026-09-14 16:09:09.903865+00:00
bw8230.com,AVAILABILITY,origin.list,2026-09-14 16:09:16.425048+00:00
188onlinegames.com,AVAILABILITY,origin.list,2026-09-14 16:09:19.835238+00:00
funsport18.com,AVAILABILITY,origin.list,2026-09-14 16:09:22.860725+00:00
payment.w88hn.com,AVAILABILITY,origin.list,2026-09-14 16:09:26.581004+00:00
uea8th1.com,AVAILABILITY,origin.list,2026-09-14 16:09:29.701060+00:00
yh1552.com,AVAILABILITY,origin.list,2026-09-14 16:09:32.945131+00:00
yh1565.com,AVAILABILITY,origin.list,2026-09-14 16:09:36.224880+00:00
sumvip1.ac,AVAILABILITY,origin.list,2026-09-14 16:09:40.791064+00:00
yh2375.com,AVAILABILITY,origin.list,2026-09-14 16:09:42.739499+00:00
m.w88hn.com,AVAILABILITY,origin.list,2026-09-14 16:09:47.830383+00:00
yh1590.com,AVAILABILITY,origin.list,2026-09-14 16:09:54.187845+00:00
188qrcode.com,AVAILABILITY,origin.list,2026-09-14 16:09:55.559576+00:00
yh1548.com,AVAILABILITY,origin.list,2026-09-14 16:10:00.532825+00:00
188thai844.com,AVAILABILITY,origin.list,2026-09-14 16:10:12.685302+00:00
yh2369.com,AVAILABILITY,origin.list,2026-09-14 16:10:19.291490+00:00
188asia.bet,AVAILABILITY,origin.list,2026-09-14 16:10:20.585724+00:00
yh1606.com,AVAILABILITY,origin.list,2026-09-14 16:10:25.682241+00:00
yh2381.com,AVAILABILITY,origin.list,2026-09-14 16:10:26.969221+00:00
yh1687.com,AVAILABILITY,origin.list,2026-09-14 16:10:32.234386+00:00
khfunsports.com,AVAILABILITY,origin.list,2026-09-14 16:10:33.581577+00:00
uea8th3.com,AVAILABILITY,origin.list,2026-09-14 16:10:38.779272+00:00
uea8th2.com,AVAILABILITY,origin.list,2026-09-14 16:10:40.205140+00:00
yh1727.com,AVAILABILITY,origin.list,2026-09-14 16:10:46.404020+00:00
www.123bpp.com,AVAILABILITY,origin.list,2026-09-14 16:10:52.621453+00:00
yh1662.com,AVAILABILITY,origin.list,2026-09-14 16:10:52.839005+00:00
yh1906.com,AVAILABILITY,origin.list,2026-09-14 16:10:59.144010+00:00
4513999.com,AVAILABILITY,origin.list,2026-09-14 16:11:05.740218+00:00
ebet.com,AVAILABILITY,origin.list,2026-09-14 16:11:10.363989+00:00
khmerball.com,AVAILABILITY,origin.list,2026-09-14 16:11:11.894919+00:00
jaemipalpal.com,AVAILABILITY,origin.list,2026-09-14 16:11:16.906905+00:00
haowinapp111haowinapp.com,AVAILABILITY,origin.list,2026-09-14 16:11:18.359522+00:00
haowinapp333haowinapp.com,AVAILABILITY,origin.list,2026-09-14 16:11:23.149775+00:00
esports188.com,AVAILABILITY,origin.list,2026-09-14 16:11:35.426159+00:00
188zuqiu.net,AVAILABILITY,origin.list,2026-09-14 16:11:40.410130+00:00
ktoaff.com,AVAILABILITY,origin.list,2026-09-14 16:11:42.013387+00:00
76662v.com,AVAILABILITY,origin.list,2026-09-14 16:11:46.641944+00:00
yh1597.com,AVAILABILITY,origin.list,2026-09-14 16:11:48.362111+00:00
lks23cske632k.com,AVAILABILITY,origin.list,2026-09-14 16:11:53.098777+00:00
xym655.com,AVAILABILITY,origin.list,2026-09-14 16:11:54.607766+00:00
sdkl2438fsdd.com,AVAILABILITY,origin.list,2026-09-14 16:12:01.032580+00:00
won888.cn,AVAILABILITY,origin.list,2026-09-14 16:12:01.343177+00:00
ktoaff.net,AVAILABILITY,origin.list,2026-09-14 16:12:07.468726+00:00
xym0777.com,AVAILABILITY,origin.list,2026-09-14 16:12:07.610396+00:00
46893a.com,AVAILABILITY,origin.list,2026-09-14 16:12:13.847031+00:00
0730000.com,AVAILABILITY,origin.list,2026-09-14 16:12:14.058333+00:00
123bcmd.com,AVAILABILITY,origin.list,2026-09-14 16:12:20.410275+00:00
2003ty.com,AVAILABILITY,origin.list,2026-09-14 16:12:26.719632+00:00
chs188.com,AVAILABILITY,origin.list,2026-09-14 16:12:31.553812+00:00
17319.net,AVAILABILITY,origin.list,2026-09-14 16:12:32.864070+00:00
2059ff.com,AVAILABILITY,origin.list,2026-09-14 16:12:39.241365+00:00
2059ll.com,AVAILABILITY,origin.list,2026-09-14 16:12:45.476474+00:00
gamb88.com,AVAILABILITY,origin.list,2026-09-14 16:12:48.641959+00:00
2059tt.com,AVAILABILITY,origin.list,2026-09-14 16:12:51.655792+00:00
2059ss.com,AVAILABILITY,origin.list,2026-09-14 16:12:54.876016+00:00
2059xx.com,AVAILABILITY,origin.list,2026-09-14 16:12:58.188244+00:00
6238t.com,AVAILABILITY,origin.list,2026-09-14 16:13:01.116941+00:00
appktovn.com,AVAILABILITY,origin.list,2026-09-14 16:29:17.876326+00:00
6911wx.app,AVAILABILITY,origin.list,2026-09-14 16:29:18.381307+00:00
ks8859.com,AVAILABILITY,origin.list,2026-09-14 16:29:23.734965+00:00
betvision.top,AVAILABILITY,origin.list,2026-09-14 16:29:24.723138+00:00
go188go.com,AVAILABILITY,origin.list,2026-09-14 16:29:40.024094+00:00
ok.f1688.ren,AVAILABILITY,origin.list,2026-09-14 16:29:46.624330+00:00
mv66.baby,AVAILABILITY,origin.list,2026-09-14 16:29:48.556821+00:00
omtru88.com,AVAILABILITY,origin.list,2026-09-14 16:29:52.653210+00:00
rycp086.com,AVAILABILITY,origin.list,2026-09-14 16:29:54.683790+00:00
sharejili.com,AVAILABILITY,origin.list,2026-09-14 16:29:58.556091+00:00
play.sao789a.tv,AVAILABILITY,origin.list,2026-09-14 16:30:04.700634+00:00
macao07.net,AVAILABILITY,origin.list,2026-09-14 16:30:06.358829+00:00
dangkyrikvip.tv,AVAILABILITY,origin.list,2026-09-14 16:30:15.644498+00:00
69238b.com,AVAILABILITY,origin.list,2026-09-14 16:30:21.546927+00:00
1728866t.com,AVAILABILITY,origin.list,2026-09-14 16:30:27.476942+00:00
13798527251.com,AVAILABILITY,origin.list,2026-09-14 16:30:33.364241+00:00
123-j5yl.site,AVAILABILITY,origin.list,2026-09-14 16:30:39.565081+00:00
499786.com,AVAILABILITY,origin.list,2026-09-14 16:30:45.460532+00:00
am17666.com,AVAILABILITY,origin.list,2026-09-14 16:30:46.806087+00:00
sodo66.game,AVAILABILITY,origin.list,2026-09-14 16:30:51.955030+00:00
23389999.net,AVAILABILITY,origin.list,2026-09-14 16:30:52.634183+00:00
playfortuna-uk.net,AVAILABILITY,origin.list,2026-09-14 16:30:58.062868+00:00
462h.com,AVAILABILITY,origin.list,2026-09-14 16:30:58.557252+00:00
vip.dangkyrikvip.tv,AVAILABILITY,origin.list,2026-09-14 16:31:06.937930+00:00
api.hi67824.com,AVAILABILITY,origin.list,2026-09-14 16:31:12.832394+00:00
api.hi67848.com,AVAILABILITY,origin.list,2026-09-14 16:31:18.690283+00:00
8k82.xyz,AVAILABILITY,origin.list,2026-09-14 16:31:24.855988+00:00
482138.com,AVAILABILITY,origin.list,2026-09-14 16:31:30.778039+00:00
sabaykhmer.net,AVAILABILITY,origin.list,2026-09-14 16:31:36.602751+00:00
bet7777.com,AVAILABILITY,origin.list,2026-09-14 16:31:40.759576+00:00
api.hi67852.com,AVAILABILITY,origin.list,2026-09-14 16:31:42.489712+00:00
lp.playrik79.site,AVAILABILITY,origin.list,2026-09-14 16:31:46.607237+00:00
h888yl.com,AVAILABILITY,origin.list,2026-09-14 16:31:48.375496+00:00
691f.com,AVAILABILITY,origin.list,2026-09-14 16:31:52.437182+00:00
api.hi67859.com,AVAILABILITY,origin.list,2026-09-14 16:31:54.240790+00:00
i9003.com,AVAILABILITY,origin.list,2026-09-14 16:32:00.082528+00:00
6686vn103.com,AVAILABILITY,origin.list,2026-09-14 16:32:05.929615+00:00
e08333.com,AVAILABILITY,origin.list,2026-09-14 16:32:11.827642+00:00
smartbway.com,AVAILABILITY,origin.list,2026-09-14 16:32:17.726041+00:00
ktovina.com,AVAILABILITY,origin.list,2026-09-14 16:32:23.604426+00:00
ktowc.com,AVAILABILITY,origin.list,2026-09-14 16:32:29.467023+00:00
macao47.com,AVAILABILITY,origin.list,2026-09-14 16:32:34.474196+00:00
926691.com,AVAILABILITY,origin.list,2026-09-14 16:32:35.495460+00:00
11abjili.com,AVAILABILITY,origin.list,2026-09-14 16:32:40.349403+00:00
15399g.com,AVAILABILITY,origin.list,2026-09-14 16:32:41.341781+00:00
2566dj.com,AVAILABILITY,origin.list,2026-09-14 16:32:46.364807+00:00
6667037.com,AVAILABILITY,origin.list,2026-09-14 16:32:47.415512+00:00
69238i.com,AVAILABILITY,origin.list,2026-09-14 16:32:52.245284+00:00
69238a.com,AVAILABILITY,origin.list,2026-09-14 16:32:53.312238+00:00
long35.com,AVAILABILITY,origin.list,2026-09-14 16:32:58.146676+00:00
69238h.com,AVAILABILITY,origin.list,2026-09-14 16:33:04.022371+00:00
630082.com,AVAILABILITY,origin.list,2026-09-14 16:33:09.905808+00:00
kanlq.net,AVAILABILITY,origin.list,2026-09-14 16:33:26.234532+00:00
zbo2c.com,AVAILABILITY,origin.list,2026-09-14 16:33:32.534468+00:00
zaloqq88.club,AVAILABILITY,origin.list,2026-09-14 16:49:44.027429+00:00
betfredsports.com,AVAILABILITY,origin.list,2026-09-14 16:49:52.531926+00:00
pkwin66.com,AVAILABILITY,origin.list,2026-09-14 16:49:59.130059+00:00
390941.com,AVAILABILITY,origin.list,2026-09-14 16:50:05.559977+00:00
jlslot56.com,AVAILABILITY,origin.list,2026-09-14 16:50:12.155294+00:00
macao48.com,AVAILABILITY,origin.list,2026-09-14 16:50:15.791841+00:00
vip.039-vip10.com,AVAILABILITY,origin.list,2026-09-14 16:50:18.855141+00:00
nova24x7.com,AVAILABILITY,origin.list,2026-09-14 16:50:22.252151+00:00
390908.com,AVAILABILITY,origin.list,2026-09-14 16:50:25.310141+00:00
ylb7777.com,AVAILABILITY,origin.list,2026-09-14 16:50:28.670701+00:00
397039.com,AVAILABILITY,origin.list,2026-09-14 16:50:31.910769+00:00
3vvv66.com,AVAILABILITY,origin.list,2026-09-14 16:50:38.538495+00:00
ktoaff.org,AVAILABILITY,origin.list,2026-09-14 16:50:40.932593+00:00
925892.com,AVAILABILITY,origin.list,2026-09-14 16:50:45.184047+00:00
76697.org,AVAILABILITY,origin.list,2026-09-14 16:50:50.913997+00:00
55hjd.com,AVAILABILITY,origin.list,2026-09-14 16:50:51.630346+00:00
upanh.vn88.com,AVAILABILITY,origin.list,2026-09-14 16:50:57.503120+00:00
bongvip.website,AVAILABILITY,origin.list,2026-09-14 16:50:58.013367+00:00
uc3332.com,AVAILABILITY,origin.list,2026-09-14 16:51:04.024394+00:00
08660a.com,AVAILABILITY,origin.list,2026-09-14 16:51:04.432355+00:00
bbc899.com,AVAILABILITY,origin.list,2026-09-14 16:51:10.472036+00:00
15583f.com,AVAILABILITY,origin.list,2026-09-14 16:51:10.889912+00:00
52hgv.com,AVAILABILITY,origin.list,2026-09-14 16:51:16.979437+00:00
6686vn123.com,AVAILABILITY,origin.list,2026-09-14 16:51:17.297958+00:00
6686vn105.com,AVAILABILITY,origin.list,2026-09-14 16:51:23.473524+00:00
15583j.com,AVAILABILITY,origin.list,2026-09-14 16:51:23.929477+00:00
6686vn116.com,AVAILABILITY,origin.list,2026-09-14 16:51:30.036851+00:00
11674.org,AVAILABILITY,origin.list,2026-09-14 16:51:35.055619+00:00
6686vn142.com,AVAILABILITY,origin.list,2026-09-14 16:51:36.445377+00:00
6686vn150.com,AVAILABILITY,origin.list,2026-09-14 16:51:41.545984+00:00
17625.org,AVAILABILITY,origin.list,2026-09-14 16:51:45.925052+00:00
xym0222.com,AVAILABILITY,origin.list,2026-09-14 16:51:52.439836+00:00
68gamebai.social,AVAILABILITY,origin.list,2026-09-14 16:51:59.602987+00:00
6686vn146.com,AVAILABILITY,origin.list,2026-09-14 16:52:06.091740+00:00
xym0111.com,AVAILABILITY,origin.list,2026-09-14 16:52:12.577929+00:00
yf9977.com,AVAILABILITY,origin.list,2026-09-14 16:52:18.058500+00:00
ddsgroup.cn,AVAILABILITY,origin.list,2026-09-14 16:52:21.179787+00:00
xym1222.com,AVAILABILITY,origin.list,2026-09-14 16:52:24.539148+00:00
xym0333.com,AVAILABILITY,origin.list,2026-09-14 16:52:27.631383+00:00
xym0666.com,AVAILABILITY,origin.list,2026-09-14 16:52:31.011861+00:00
54p.live,AVAILABILITY,origin.list,2026-09-14 16:52:38.816553+00:00
sieub52.vip,AVAILABILITY,origin.list,2026-09-14 16:52:44.225945+00:00
00002004.com,AVAILABILITY,origin.list,2026-09-14 16:52:45.307242+00:00
gujarattour.in.net,AVAILABILITY,origin.list,2026-09-14 16:52:50.482771+00:00
bolabet138.com,AVAILABILITY,origin.list,2026-09-14 16:52:51.915397+00:00
xym199.com,AVAILABILITY,origin.list,2026-09-14 16:52:57.175274+00:00
xym0555.com,AVAILABILITY,origin.list,2026-09-14 16:52:58.689498+00:00
xym1666.com,AVAILABILITY,origin.list,2026-09-14 16:53:03.863872+00:00
xym1555.com,AVAILABILITY,origin.list,2026-09-14 16:53:05.500874+00:00
xym177.com,AVAILABILITY,origin.list,2026-09-14 16:53:10.678340+00:00
xym2111.com,AVAILABILITY,origin.list,2026-09-14 16:53:12.028135+00:00
casino.tp888.org,AVAILABILITY,origin.list,2026-09-14 16:53:17.341915+00:00
xym155.com,AVAILABILITY,origin.list,2026-09-14 16:53:18.562487+00:00
xym2555.com,AVAILABILITY,origin.list,2026-09-14 16:53:23.976475+00:00
xym255.com,AVAILABILITY,origin.list,2026-09-14 16:53:25.042022+00:00
xym277.com,AVAILABILITY,origin.list,2026-09-14 16:53:30.824656+00:00
xym355.com,AVAILABILITY,origin.list,2026-09-14 16:53:37.336222+00:00
trungcuoc188bet.com,AVAILABILITY,origin.list,2026-09-14 16:53:38.666701+00:00
xym2333.com,AVAILABILITY,origin.list,2026-09-14 16:53:43.879461+00:00
xym2777.com,AVAILABILITY,origin.list,2026-09-14 16:53:50.586244+00:00
x188xbetxkor.com,AVAILABILITY,origin.list,2026-09-14 16:53:56.892247+00:00
xym2999.com,AVAILABILITY,origin.list,2026-09-14 16:53:57.292837+00:00
299yd.com,AVAILABILITY,origin.list,2026-09-14 16:54:03.387314+00:00
945368.com,AVAILABILITY,origin.list,2026-09-14 17:09:35.991887+00:00
428258.com,AVAILABILITY,origin.list,2026-09-14 17:09:36.025147+00:00
haha838.com,AVAILABILITY,origin.list,2026-09-14 17:09:42.984012+00:00
xym299.com,AVAILABILITY,origin.list,2026-09-14 17:09:43.978993+00:00
xym366.com,AVAILABILITY,origin.list,2026-09-14 17:09:49.239207+00:00
xym322.com,AVAILABILITY,origin.list,2026-09-14 17:09:50.173871+00:00
xym3666.com,AVAILABILITY,origin.list,2026-09-14 17:09:54.588669+00:00
bibo145.com,AVAILABILITY,origin.list,2026-09-14 17:09:58.892847+00:00
xym399.com,AVAILABILITY,origin.list,2026-09-14 17:10:00.240849+00:00
xym511.com,AVAILABILITY,origin.list,2026-09-14 17:10:05.044507+00:00
xym311.com,AVAILABILITY,origin.list,2026-09-14 17:10:06.138233+00:00
xym5222.com,AVAILABILITY,origin.list,2026-09-14 17:10:11.012561+00:00
xym3555.com,AVAILABILITY,origin.list,2026-09-14 17:10:12.135462+00:00
xym5666.com,AVAILABILITY,origin.list,2026-09-14 17:10:18.146667+00:00
bongvip1.games,AVAILABILITY,origin.list,2026-09-14 17:10:19.562402+00:00
vietvwin.club,AVAILABILITY,origin.list,2026-09-14 17:10:25.315877+00:00
xym599.com,AVAILABILITY,origin.list,2026-09-14 17:10:25.498439+00:00
xym3999.com,AVAILABILITY,origin.list,2026-09-14 17:10:31.304268+00:00
hg1880.org,AVAILABILITY,origin.list,2026-09-14 17:10:35.559097+00:00
xym5999.com,AVAILABILITY,origin.list,2026-09-14 17:10:37.321680+00:00
xym611.com,AVAILABILITY,origin.list,2026-09-14 17:10:43.256112+00:00
1519677.com,AVAILABILITY,origin.list,2026-09-14 17:10:49.150502+00:00
welike188.com,AVAILABILITY,origin.list,2026-09-14 17:10:51.322207+00:00
xym5111.com,AVAILABILITY,origin.list,2026-09-14 17:10:55.086992+00:00
1519849.com,AVAILABILITY,origin.list,2026-09-14 17:10:57.206779+00:00
1519856.com,AVAILABILITY,origin.list,2026-09-14 17:11:00.933383+00:00
d1.debet.win,AVAILABILITY,origin.list,2026-09-14 17:11:03.362491+00:00
d3.debet.win,AVAILABILITY,origin.list,2026-09-14 17:11:07.550718+00:00
ee1899.com,AVAILABILITY,origin.list,2026-09-14 17:11:09.265039+00:00
jiliparty31.com,AVAILABILITY,origin.list,2026-09-14 17:11:13.457536+00:00
k658.life,AVAILABILITY,origin.list,2026-09-14 17:11:15.206989+00:00
shbet.id,AVAILABILITY,origin.list,2026-09-14 17:11:19.718483+00:00
k115.live,AVAILABILITY,origin.list,2026-09-14 17:11:21.007635+00:00
jilimacaovip5.club,AVAILABILITY,origin.list,2026-09-14 17:11:27.926616+00:00
xym5777.com,AVAILABILITY,origin.list,2026-09-14 17:11:33.814834+00:00
zq8good.net,AVAILABILITY,origin.list,2026-09-14 17:11:36.329102+00:00
zbo2a.com,AVAILABILITY,origin.list,2026-09-14 17:11:39.736408+00:00
xym6999.com,AVAILABILITY,origin.list,2026-09-14 17:11:42.205618+00:00
socket.debet.win,AVAILABILITY,origin.list,2026-09-14 17:11:46.110365+00:00
xym6555.com,AVAILABILITY,origin.list,2026-09-14 17:11:48.311551+00:00
xym6777.com,AVAILABILITY,origin.list,2026-09-14 17:11:52.239591+00:00
xym6222.com,AVAILABILITY,origin.list,2026-09-14 17:11:58.049074+00:00
xym711.com,AVAILABILITY,origin.list,2026-09-14 17:12:00.645685+00:00
xym7666.com,AVAILABILITY,origin.list,2026-09-14 17:12:04.325125+00:00
xym6111.com,AVAILABILITY,origin.list,2026-09-14 17:12:06.739261+00:00
xym7555.com,AVAILABILITY,origin.list,2026-09-14 17:12:10.348213+00:00
xym733.com,AVAILABILITY,origin.list,2026-09-14 17:12:12.775419+00:00
xym7999.com,AVAILABILITY,origin.list,2026-09-14 17:12:16.192497+00:00
xym866.com,AVAILABILITY,origin.list,2026-09-14 17:12:18.616020+00:00
xym8555.com,AVAILABILITY,origin.list,2026-09-14 17:12:22.115488+00:00
xym799.com,AVAILABILITY,origin.list,2026-09-14 17:12:24.672039+00:00
xym822.com,AVAILABILITY,origin.list,2026-09-14 17:12:28.200793+00:00
xym8333.com,AVAILABILITY,origin.list,2026-09-14 17:12:30.572239+00:00
xym8111.com,AVAILABILITY,origin.list,2026-09-14 17:12:36.642394+00:00
w88wins.net,AVAILABILITY,origin.list,2026-09-14 17:12:52.786007+00:00
xym8666.com,AVAILABILITY,origin.list,2026-09-14 17:12:58.883182+00:00
xym8777.com,AVAILABILITY,origin.list,2026-09-14 17:13:04.826857+00:00
jlslot48.com,AVAILABILITY,origin.list,2026-09-14 17:13:10.750190+00:00
ym59562.com,AVAILABILITY,origin.list,2026-09-14 17:13:11.866268+00:00
jlslot58.com,AVAILABILITY,origin.list,2026-09-14 17:13:16.646691+00:00
jlslot52.com,AVAILABILITY,origin.list,2026-09-14 17:13:17.942903+00:00
xym9666.com,AVAILABILITY,origin.list,2026-09-14 17:13:22.510460+00:00
sdy2003.com,AVAILABILITY,origin.list,2026-09-14 17:13:23.946805+00:00
km.tp888.co,AVAILABILITY,origin.list,2026-09-14 17:13:28.402921+00:00
nohu.tp888.co,AVAILABILITY,origin.list,2026-09-14 17:13:29.832253+00:00
qc.789club.sx,AVAILABILITY,origin.list,2026-09-14 17:13:34.503369+00:00
hcooe.site,AVAILABILITY,origin.list,2026-09-14 17:13:35.920759+00:00
qgc789.com,AVAILABILITY,origin.list,2026-09-14 17:13:40.393236+00:00
552fun.com,AVAILABILITY,origin.list,2026-09-14 17:13:41.913219+00:00
tang.tp888.org,AVAILABILITY,origin.list,2026-09-14 17:13:47.989907+00:00
k8vn.space,AVAILABILITY,origin.list,2026-09-14 17:13:48.441485+00:00
pj22999.com,AVAILABILITY,origin.list,2026-09-14 17:13:53.996046+00:00
km.tp888.org,AVAILABILITY,origin.list,2026-09-14 17:13:54.478487+00:00
6686vn11.com,AVAILABILITY,origin.list,2026-09-14 17:14:00.139043+00:00
bway887133.com,AVAILABILITY,origin.list,2026-09-14 17:14:00.372871+00:00
idnggbet.net,AVAILABILITY,origin.list,2026-09-14 17:14:06.213137+00:00
aev991.me,AVAILABILITY,origin.list,2026-09-14 17:14:12.623770+00:00
11551223.com,AVAILABILITY,origin.list,2026-09-14 17:14:16.299584+00:00
wap101.net,AVAILABILITY,origin.list,2026-09-14 17:14:18.470465+00:00
phbet45.bet,AVAILABILITY,origin.list,2026-09-14 17:14:23.571858+00:00
sncwinth.com,AVAILABILITY,origin.list,2026-09-14 17:14:29.433819+00:00
11551235.com,AVAILABILITY,origin.list,2026-09-14 17:30:55.451548+00:00
xxx5454.com,AVAILABILITY,origin.list,2026-09-14 17:30:55.451904+00:00
8399x.com,AVAILABILITY,origin.list,2026-09-14 17:31:01.203426+00:00
shbet.archi,AVAILABILITY,origin.list,2026-09-14 17:31:02.203674+00:00
2566007.com,AVAILABILITY,origin.list,2026-09-14 17:31:06.988131+00:00
2566a7.com,AVAILABILITY,origin.list,2026-09-14 17:31:08.018425+00:00
tanthu.tp888.org,AVAILABILITY,origin.list,2026-09-14 17:31:13.019723+00:00
6686vn22.com,AVAILABILITY,origin.list,2026-09-14 17:31:13.856046+00:00
3300524.com,AVAILABILITY,origin.list,2026-09-14 17:31:18.945184+00:00
2108888.com,AVAILABILITY,origin.list,2026-09-14 17:31:19.521440+00:00
6600524.com,AVAILABILITY,origin.list,2026-09-14 17:31:24.898731+00:00
dk.sieutaixiu79.club,AVAILABILITY,origin.list,2026-09-14 17:31:25.410340+00:00
pb3651.com,AVAILABILITY,origin.list,2026-09-14 17:31:30.828714+00:00
xoso900.com,AVAILABILITY,origin.list,2026-09-14 17:31:31.235275+00:00
6686vn2.com,AVAILABILITY,origin.list,2026-09-14 17:31:36.741477+00:00
xoso951.com,AVAILABILITY,origin.list,2026-09-14 17:31:36.980012+00:00
maxjili5.com,AVAILABILITY,origin.list,2026-09-14 17:31:42.592582+00:00
75535.org,AVAILABILITY,origin.list,2026-09-14 17:31:46.502652+00:00
xoso959.com,AVAILABILITY,origin.list,2026-09-14 17:31:48.364019+00:00
xoso953.com,AVAILABILITY,origin.list,2026-09-14 17:31:52.237046+00:00
xoso954.com,AVAILABILITY,origin.list,2026-09-14 17:31:54.267844+00:00
xoso952.com,AVAILABILITY,origin.list,2026-09-14 17:31:57.930134+00:00
xoso956.com,AVAILABILITY,origin.list,2026-09-14 17:32:00.089895+00:00
xoso958.com,AVAILABILITY,origin.list,2026-09-14 17:32:03.635360+00:00
xinwenmuye.com,AVAILABILITY,origin.list,2026-09-14 17:32:05.936087+00:00
thethao.tp888.org,AVAILABILITY,origin.list,2026-09-14 17:32:09.619618+00:00
mn223.com,AVAILABILITY,origin.list,2026-09-14 17:32:11.638191+00:00
6686vn1.com,AVAILABILITY,origin.list,2026-09-14 17:32:17.328038+00:00
6686vn3.com,AVAILABILITY,origin.list,2026-09-14 17:32:23.131279+00:00
11551267.com,AVAILABILITY,origin.list,2026-09-14 17:32:26.288198+00:00
choifun88.com,AVAILABILITY,origin.list,2026-09-14 17:32:28.852742+00:00
596167v5o4444.xyz,AVAILABILITY,origin.list,2026-09-14 17:32:32.127062+00:00
5c60ozkdx2222.xyz,AVAILABILITY,origin.list,2026-09-14 17:32:34.671303+00:00
bong1234.com,AVAILABILITY,origin.list,2026-09-14 17:32:37.962396+00:00
682296.com,AVAILABILITY,origin.list,2026-09-14 17:32:40.615337+00:00
5h30f6b0a3333.xyz,AVAILABILITY,origin.list,2026-09-14 17:32:43.737413+00:00
log.eventlucky88.lol,AVAILABILITY,origin.list,2026-09-14 17:32:46.289172+00:00
ole7vn.com,AVAILABILITY,origin.list,2026-09-14 17:32:49.494218+00:00
5f2260mo1111.xyz,AVAILABILITY,origin.list,2026-09-14 17:32:52.038453+00:00
www.ole7vn.com,AVAILABILITY,origin.list,2026-09-14 17:32:57.896967+00:00
8282608.com,AVAILABILITY,origin.list,2026-09-14 17:32:58.616552+00:00
563365n.com,AVAILABILITY,origin.list,2026-09-14 17:33:03.605762+00:00
weng6.com,AVAILABILITY,origin.list,2026-09-14 17:33:04.353051+00:00
3435x.com,AVAILABILITY,origin.list,2026-09-14 17:33:09.326336+00:00
3650868.com,AVAILABILITY,origin.list,2026-09-14 17:33:10.031164+00:00
563365z.com,AVAILABILITY,origin.list,2026-09-14 17:33:15.000462+00:00
563365t.com,AVAILABILITY,origin.list,2026-09-14 17:33:15.890802+00:00
563365v.com,AVAILABILITY,origin.list,2026-09-14 17:33:20.699181+00:00
m.k87kjs32s239.com,AVAILABILITY,origin.list,2026-09-14 17:33:21.591005+00:00
wanli8899.com,AVAILABILITY,origin.list,2026-09-14 17:33:26.456349+00:00
563365p.com,AVAILABILITY,origin.list,2026-09-14 17:33:27.295893+00:00
fb88fp.com,AVAILABILITY,origin.list,2026-09-14 17:33:32.178864+00:00
k8vnn9.com,AVAILABILITY,origin.list,2026-09-14 17:33:33.058189+00:00
thuong.tp888.co,AVAILABILITY,origin.list,2026-09-14 17:33:37.976133+00:00
xoso910.com,AVAILABILITY,origin.list,2026-09-14 17:33:38.923084+00:00
xoso909.com,AVAILABILITY,origin.list,2026-09-14 17:33:43.821389+00:00
xj88k.com,AVAILABILITY,origin.list,2026-09-14 17:33:44.694155+00:00
19998809.com,AVAILABILITY,origin.list,2026-09-14 17:33:49.523017+00:00
19998810.com,AVAILABILITY,origin.list,2026-09-14 17:33:50.379023+00:00
xoso911.com,AVAILABILITY,origin.list,2026-09-14 17:33:55.203990+00:00
19998813.com,AVAILABILITY,origin.list,2026-09-14 17:33:56.093338+00:00
jt-28.com,AVAILABILITY,origin.list,2026-09-14 17:34:00.879860+00:00
eventlucky88.lol,AVAILABILITY,origin.list,2026-09-14 17:34:02.491675+00:00
19998816.com,AVAILABILITY,origin.list,2026-09-14 17:34:06.619052+00:00
lt8999.com,AVAILABILITY,origin.list,2026-09-14 17:34:08.231150+00:00
bcr30.com,AVAILABILITY,origin.list,2026-09-14 17:34:12.438657+00:00
bk8viet.com,AVAILABILITY,origin.list,2026-09-14 17:34:14.001820+00:00
750375.com,AVAILABILITY,origin.list,2026-09-14 17:34:18.149837+00:00
www.bk8viet.com,AVAILABILITY,origin.list,2026-09-14 17:34:19.711348+00:00
19998815.com,AVAILABILITY,origin.list,2026-09-14 17:34:23.917478+00:00
cp5sj.com,AVAILABILITY,origin.list,2026-09-14 17:34:25.467056+00:00
5022p.com,AVAILABILITY,origin.list,2026-09-14 17:34:29.747074+00:00
99958s.xyz,AVAILABILITY,origin.list,2026-09-14 17:34:31.347452+00:00
qh105.com,AVAILABILITY,origin.list,2026-09-14 17:34:35.470480+00:00
xoso961.com,AVAILABILITY,origin.list,2026-09-14 17:34:37.035249+00:00
qh205.com,AVAILABILITY,origin.list,2026-09-14 17:34:41.180194+00:00
1717ty11.com,AVAILABILITY,origin.list,2026-09-14 17:34:42.770217+00:00
5878168.com,AVAILABILITY,origin.list,2026-09-14 17:34:46.927435+00:00
177450.com,AVAILABILITY,origin.list,2026-09-14 17:34:48.453074+00:00
19890055.com,AVAILABILITY,origin.list,2026-09-14 17:34:52.738724+00:00
18779944.com,AVAILABILITY,origin.list,2026-09-14 17:34:54.218918+00:00
ezb68.xyz,AVAILABILITY,origin.list,2026-09-14 17:34:58.524975+00:00
19890099.com,AVAILABILITY,origin.list,2026-09-14 17:50:37.639150+00:00
23777yy.com,AVAILABILITY,origin.list,2026-09-14 17:50:37.820695+00:00
2012dh10.net,AVAILABILITY,origin.list,2026-09-14 17:50:44.230121+00:00
19890022.com,AVAILABILITY,origin.list,2026-09-14 17:50:44.351188+00:00
247hgvip.com,AVAILABILITY,origin.list,2026-09-14 17:50:48.824847+00:00
thuong.tp888.org,AVAILABILITY,origin.list,2026-09-14 17:50:49.314633+00:00
2437x.com,AVAILABILITY,origin.list,2026-09-14 17:50:54.948254+00:00
6686c5.com,AVAILABILITY,origin.list,2026-09-14 17:50:55.353017+00:00
2668x.com,AVAILABILITY,origin.list,2026-09-14 17:51:01.426895+00:00
hk577.com,AVAILABILITY,origin.list,2026-09-14 17:51:01.644943+00:00
5604s.com,AVAILABILITY,origin.list,2026-09-14 17:51:07.948765+00:00
8806app.com,AVAILABILITY,origin.list,2026-09-14 17:51:08.943477+00:00
1877cpa1.com,AVAILABILITY,origin.list,2026-09-14 17:51:10.752300+00:00
kz5163.com,AVAILABILITY,origin.list,2026-09-14 17:51:11.881437+00:00
x5924.com,AVAILABILITY,origin.list,2026-09-14 17:51:13.061554+00:00
vnew88.tv,AVAILABILITY,origin.list,2026-09-14 17:51:14.486863+00:00
zx4003.com,AVAILABILITY,origin.list,2026-09-14 17:51:15.669784+00:00
qh433.com,AVAILABILITY,origin.list,2026-09-14 17:51:16.974104+00:00
888881b.com,AVAILABILITY,origin.list,2026-09-14 17:51:18.204446+00:00
24765.site,AVAILABILITY,origin.list,2026-09-14 17:51:19.209882+00:00
www.qh205.com,AVAILABILITY,origin.list,2026-09-14 17:51:20.643416+00:00
11601.site,AVAILABILITY,origin.list,2026-09-14 17:51:21.743013+00:00
123-3l5r.site,AVAILABILITY,origin.list,2026-09-14 17:51:22.754284+00:00
zrwxjyjxt.com,AVAILABILITY,origin.list,2026-09-14 17:51:23.994785+00:00
bossjili7.com,AVAILABILITY,origin.list,2026-09-14 17:51:30.170439+00:00
lp.sieub52.vip,AVAILABILITY,origin.list,2026-09-14 17:51:31.398057+00:00
68gb25vn.online,AVAILABILITY,origin.list,2026-09-14 17:51:36.516380+00:00
bossjili5.com,AVAILABILITY,origin.list,2026-09-14 17:51:37.699318+00:00
11040.site,AVAILABILITY,origin.list,2026-09-14 17:51:42.950809+00:00
68gbcr6.cfd,AVAILABILITY,origin.list,2026-09-14 17:51:44.592546+00:00
68gbxw6.cfd,AVAILABILITY,origin.list,2026-09-14 17:51:50.142048+00:00
sdy22619.com,AVAILABILITY,origin.list,2026-09-14 17:51:51.451509+00:00
wym678.com,AVAILABILITY,origin.list,2026-09-14 17:51:52.986375+00:00
jlslot46.com,AVAILABILITY,origin.list,2026-09-14 17:51:54.270375+00:00
232389d.com,AVAILABILITY,origin.list,2026-09-14 17:51:54.386300+00:00
kkw123.com,AVAILABILITY,origin.list,2026-09-14 17:51:55.728917+00:00
wager.game,AVAILABILITY,origin.list,2026-09-14 17:51:56.645497+00:00
bossjili8.com,AVAILABILITY,origin.list,2026-09-14 17:52:02.102167+00:00
xn--9krq4gitrtsynvb.com,AVAILABILITY,origin.list,2026-09-14 17:52:03.192940+00:00
47157f.com,AVAILABILITY,origin.list,2026-09-14 17:52:09.710784+00:00
45266.site,AVAILABILITY,origin.list,2026-09-14 17:52:15.725760+00:00
xv637.com,AVAILABILITY,origin.list,2026-09-14 17:52:21.712004+00:00
betway383.com,AVAILABILITY,origin.list,2026-09-14 17:52:22.252478+00:00
57709.site,AVAILABILITY,origin.list,2026-09-14 17:52:23.011901+00:00
member.ufapremiers.com,AVAILABILITY,origin.list,2026-09-14 17:52:23.623459+00:00
232389g.com,AVAILABILITY,origin.list,2026-09-14 17:52:24.537631+00:00
847390.com,AVAILABILITY,origin.list,2026-09-14 17:52:24.938105+00:00
luckystar05.com,AVAILABILITY,origin.list,2026-09-14 17:52:25.968627+00:00
luckystar09.com,AVAILABILITY,origin.list,2026-09-14 17:52:26.307143+00:00
betway838.com,AVAILABILITY,origin.list,2026-09-14 17:52:32.393155+00:00
35211x.com,AVAILABILITY,origin.list,2026-09-14 17:52:32.920327+00:00
betway128.com,AVAILABILITY,origin.list,2026-09-14 17:52:38.963035+00:00
3659vip7.com,AVAILABILITY,origin.list,2026-09-14 17:52:39.234038+00:00
3659vip3.com,AVAILABILITY,origin.list,2026-09-14 17:52:45.198961+00:00
w9.vty918.com,AVAILABILITY,origin.list,2026-09-14 17:52:45.633327+00:00
750475.com,AVAILABILITY,origin.list,2026-09-14 17:52:47.232200+00:00
w9.vtye86.com,AVAILABILITY,origin.list,2026-09-14 17:52:48.462725+00:00
2hg38.com,AVAILABILITY,origin.list,2026-09-14 17:52:49.499487+00:00
30748g.com,AVAILABILITY,origin.list,2026-09-14 17:52:50.744321+00:00
3659vip4.com,AVAILABILITY,origin.list,2026-09-14 17:52:51.454541+00:00
8800ks.com,AVAILABILITY,origin.list,2026-09-14 17:52:52.048085+00:00
789win9.net,AVAILABILITY,origin.list,2026-09-14 17:52:55.016473+00:00
9699t.com,AVAILABILITY,origin.list,2026-09-14 17:52:55.893009+00:00
vnf88.com,AVAILABILITY,origin.list,2026-09-14 17:52:57.080191+00:00
api.15j3dd3-0.online,AVAILABILITY,origin.list,2026-09-14 17:52:58.550952+00:00
6686vn1.bet,AVAILABILITY,origin.list,2026-09-14 17:53:01.128559+00:00
ww88k.com,AVAILABILITY,origin.list,2026-09-14 17:53:02.397087+00:00
15600a.com,AVAILABILITY,origin.list,2026-09-14 17:53:03.713472+00:00
11551286.com,AVAILABILITY,origin.list,2026-09-14 17:53:08.238824+00:00
fun1118.com,AVAILABILITY,origin.list,2026-09-14 17:53:09.368195+00:00
yongfazt.com,AVAILABILITY,origin.list,2026-09-14 17:53:10.500743+00:00
188bet.partners,AVAILABILITY,origin.list,2026-09-14 17:53:12.228056+00:00
w9.vtyi52.com,AVAILABILITY,origin.list,2026-09-14 17:53:13.495276+00:00
w9.vtyh92.com,AVAILABILITY,origin.list,2026-09-14 17:53:14.618843+00:00
shbet123.pro,AVAILABILITY,origin.list,2026-09-14 17:53:16.590658+00:00
w9.vtyi55.com,AVAILABILITY,origin.list,2026-09-14 17:53:17.730733+00:00
k8621.com,AVAILABILITY,origin.list,2026-09-14 17:53:23.440825+00:00
3656o.net,AVAILABILITY,origin.list,2026-09-14 17:53:29.506129+00:00
188betinformation.com,AVAILABILITY,origin.list,2026-09-14 17:53:30.038150+00:00
12caiyun.com,AVAILABILITY,origin.list,2026-09-14 17:53:36.134508+00:00
cdnapiif.ev88n.com,AVAILABILITY,origin.list,2026-09-14 17:53:40.610238+00:00
w9.vtyi90.com,AVAILABILITY,origin.list,2026-09-14 17:53:47.012652+00:00
71907b.com,AVAILABILITY,origin.list,2026-09-14 17:53:53.652385+00:00
b866w.com,AVAILABILITY,origin.list,2026-09-14 17:53:55.173038+00:00
bom28.com,AVAILABILITY,origin.list,2026-09-14 17:53:56.383224+00:00
86969.org,AVAILABILITY,origin.list,2026-09-14 17:53:56.639397+00:00
fi8877.com,AVAILABILITY,origin.list,2026-09-14 17:53:59.117535+00:00
jilivebd02.com,AVAILABILITY,origin.list,2026-09-14 17:54:00.268327+00:00
w9.vtyi30.com,AVAILABILITY,origin.list,2026-09-14 17:54:01.655684+00:00
kaidag.com,AVAILABILITY,origin.list,2026-09-14 17:54:02.845523+00:00
w9.vtyg53.com,AVAILABILITY,origin.list,2026-09-14 17:54:04.137003+00:00
w9.vty1is.com,AVAILABILITY,origin.list,2026-09-14 17:54:05.447573+00:00
bayvipmobi.club,AVAILABILITY,origin.list,2026-09-14 17:54:07.250159+00:00
w9.vtyi63.com,AVAILABILITY,origin.list,2026-09-14 17:54:08.579795+00:00
yz9888.com,AVAILABILITY,origin.list,2026-09-14 17:54:09.773935+00:00
scorebig888.com,AVAILABILITY,origin.list,2026-09-14 17:54:09.944800+00:00
gamevui68.live,AVAILABILITY,origin.list,2026-09-14 17:54:11.862336+00:00
lp.gamevui68.live,AVAILABILITY,origin.list,2026-09-14 17:54:11.870855+00:00
xoso960.com,AVAILABILITY,origin.list,2026-09-14 17:54:13.160412+00:00
slot008.live,AVAILABILITY,origin.list,2026-09-14 17:54:13.797819+00:00
kd398fds3sdd.com,AVAILABILITY,origin.list,2026-09-14 17:54:15.032227+00:00
w9.vtyj16.com,AVAILABILITY,origin.list,2026-09-14 17:54:16.228110+00:00
6565608.com,AVAILABILITY,origin.list,2026-09-14 17:54:23.420280+00:00
w9.vtyi68.com,AVAILABILITY,origin.list,2026-09-14 17:54:24.474656+00:00
kldfs9as82j4fd.com,AVAILABILITY,origin.list,2026-09-14 17:54:25.733261+00:00
ku11.me,AVAILABILITY,origin.list,2026-09-14 17:54:26.798757+00:00
xoso913.com,AVAILABILITY,origin.list,2026-09-14 17:54:28.003253+00:00
67802.biz,AVAILABILITY,origin.list,2026-09-14 17:54:28.028812+00:00
xoso922.com,AVAILABILITY,origin.list,2026-09-14 17:54:29.163355+00:00
w9.vtyi93.com,AVAILABILITY,origin.list,2026-09-14 17:54:29.356788+00:00
xoso933.com,AVAILABILITY,origin.list,2026-09-14 17:54:30.318626+00:00
w9.vtyj15.com,AVAILABILITY,origin.list,2026-09-14 17:54:30.626265+00:00
i9bet52.online,AVAILABILITY,origin.list,2026-09-14 17:54:31.482830+00:00
xoso931.com,AVAILABILITY,origin.list,2026-09-14 17:54:32.648390+00:00
xoso947.com,AVAILABILITY,origin.list,2026-09-14 17:54:33.806425+00:00
www.kd398fds3sdd.com,AVAILABILITY,origin.list,2026-09-14 17:54:35.402081+00:00
xoso944.com,AVAILABILITY,origin.list,2026-09-14 17:54:36.576068+00:00
6664608.com,AVAILABILITY,origin.list,2026-09-14 17:54:38.180160+00:00
0524c.com,AVAILABILITY,origin.list,2026-09-14 17:54:39.294226+00:00
177480.com,AVAILABILITY,origin.list,2026-09-14 17:54:40.588647+00:00
6363608.com,AVAILABILITY,origin.list,2026-09-14 17:54:40.806573+00:00
jjapp3.com,AVAILABILITY,origin.list,2026-09-14 17:54:41.995945+00:00
aoyunvip.com,AVAILABILITY,origin.list,2026-09-14 17:54:43.250108+00:00
188vn.com,AVAILABILITY,origin.list,2026-09-14 17:54:55.816442+00:00
jjapp1.com,AVAILABILITY,origin.list,2026-09-14 17:54:56.888672+00:00
6731306.com,AVAILABILITY,origin.list,2026-09-14 17:54:57.530085+00:00
jjapp5.com,AVAILABILITY,origin.list,2026-09-14 17:54:58.200442+00:00
mgm7464.com,AVAILABILITY,origin.list,2026-09-14 17:54:58.750153+00:00
vn138b.com,AVAILABILITY,origin.list,2026-09-14 17:54:59.440353+00:00
07793a.com,AVAILABILITY,origin.list,2026-09-14 17:55:00.015090+00:00
34034b.com,AVAILABILITY,origin.list,2026-09-14 17:55:00.570270+00:00
xoso948.com,AVAILABILITY,origin.list,2026-09-14 17:55:01.219725+00:00
17248c.com,AVAILABILITY,origin.list,2026-09-14 17:55:01.702323+00:00
17248t.com,AVAILABILITY,origin.list,2026-09-14 17:55:02.473791+00:00
77553.biz,AVAILABILITY,origin.list,2026-09-14 17:55:03.887841+00:00
bgdww.com,AVAILABILITY,origin.list,2026-09-14 17:55:08.526248+00:00
pinbo29.com,AVAILABILITY,origin.list,2026-09-14 17:55:10.167638+00:00
96mchamp.com,AVAILABILITY,origin.list,2026-09-14 17:55:16.703751+00:00
188bet.services,AVAILABILITY,origin.list,2026-09-14 17:55:27.477137+00:00
vipvnd5.com,AVAILABILITY,origin.list,2026-09-14 17:55:34.067205+00:00
531051l.com,AVAILABILITY,origin.list,2026-09-14 17:55:34.891396+00:00
xf622.com,AVAILABILITY,origin.list,2026-09-14 17:55:40.750052+00:00
thethaovua.co,AVAILABILITY,origin.list,2026-09-14 18:11:59.306763+00:00
pinbo76.com,AVAILABILITY,origin.list,2026-09-14 18:11:59.327384+00:00
pinbovip.com,AVAILABILITY,origin.list,2026-09-14 18:12:05.390699+00:00
pinbo79.com,AVAILABILITY,origin.list,2026-09-14 18:12:05.391030+00:00
qq2132.com,AVAILABILITY,origin.list,2026-09-14 18:12:11.469905+00:00
6767608.com,AVAILABILITY,origin.list,2026-09-14 18:12:14.105026+00:00
wjpesovip44.shop,AVAILABILITY,origin.list,2026-09-14 18:12:25.413919+00:00
jinbaobocp.com,AVAILABILITY,origin.list,2026-09-14 18:12:28.097946+00:00
hitech6.com,AVAILABILITY,origin.list,2026-09-14 18:12:32.457729+00:00
vv2366.com,AVAILABILITY,origin.list,2026-09-14 18:12:38.554615+00:00
wjpesovip46.shop,AVAILABILITY,origin.list,2026-09-14 18:12:40.319805+00:00
390539.com,AVAILABILITY,origin.list,2026-09-14 18:12:44.492760+00:00
taiwin79.my,AVAILABILITY,origin.list,2026-09-14 18:12:46.696012+00:00
2025svip2.com,AVAILABILITY,origin.list,2026-09-14 18:12:50.601356+00:00
lilai1001.com,AVAILABILITY,origin.list,2026-09-14 18:12:52.658077+00:00
8953344.com,AVAILABILITY,origin.list,2026-09-14 18:12:56.468961+00:00
xiadaojinrong.com,AVAILABILITY,origin.list,2026-09-14 18:12:58.578387+00:00
bway83.com,AVAILABILITY,origin.list,2026-09-14 18:13:04.419609+00:00
7896099.com,AVAILABILITY,origin.list,2026-09-14 18:13:10.550876+00:00
188betpromo.com,AVAILABILITY,origin.list,2026-09-14 18:13:12.828606+00:00
76199v.com,AVAILABILITY,origin.list,2026-09-14 18:13:16.590655+00:00
cclive.cloud,AVAILABILITY,origin.list,2026-09-14 18:13:18.847219+00:00
vnsvnspas.com,AVAILABILITY,origin.list,2026-09-14 18:13:22.451035+00:00
b18883.com,AVAILABILITY,origin.list,2026-09-14 18:13:24.731149+00:00
rycp100.com,AVAILABILITY,origin.list,2026-09-14 18:13:28.373673+00:00
m.v9betasia.com,AVAILABILITY,origin.list,2026-09-14 18:13:30.615290+00:00
amwl22.com,AVAILABILITY,origin.list,2026-09-14 18:13:34.351073+00:00
h219tyc.com,AVAILABILITY,origin.list,2026-09-14 18:13:36.683497+00:00
h9jh29.com,AVAILABILITY,origin.list,2026-09-14 18:13:40.246827+00:00
rycp13.com,AVAILABILITY,origin.list,2026-09-14 18:13:42.555200+00:00
rycp12.com,AVAILABILITY,origin.list,2026-09-14 18:13:46.117038+00:00
kk1138.com,AVAILABILITY,origin.list,2026-09-14 18:13:48.389879+00:00
rycp122.com,AVAILABILITY,origin.list,2026-09-14 18:13:52.266947+00:00
rycp144.com,AVAILABILITY,origin.list,2026-09-14 18:13:54.304763+00:00
rycp24.com,AVAILABILITY,origin.list,2026-09-14 18:14:00.351070+00:00
rycp14.com,AVAILABILITY,origin.list,2026-09-14 18:14:06.243112+00:00
rycp133.com,AVAILABILITY,origin.list,2026-09-14 18:14:12.172323+00:00
wjpesovip41.shop,AVAILABILITY,origin.list,2026-09-14 18:14:14.275141+00:00
rycp155.com,AVAILABILITY,origin.list,2026-09-14 18:14:18.113053+00:00
rycp15.com,AVAILABILITY,origin.list,2026-09-14 18:14:20.142256+00:00
rycp19.com,AVAILABILITY,origin.list,2026-09-14 18:14:23.967911+00:00
rycp244.com,AVAILABILITY,origin.list,2026-09-14 18:14:26.043221+00:00
rycp233.com,AVAILABILITY,origin.list,2026-09-14 18:14:29.834785+00:00
rycp266.com,AVAILABILITY,origin.list,2026-09-14 18:14:32.011817+00:00
rycp16.com,AVAILABILITY,origin.list,2026-09-14 18:14:35.716631+00:00
0082x.com,AVAILABILITY,origin.list,2026-09-14 18:14:37.967956+00:00
rycp255.com,AVAILABILITY,origin.list,2026-09-14 18:14:41.554422+00:00
00092s.com,AVAILABILITY,origin.list,2026-09-14 18:14:43.900865+00:00
rycp27.com,AVAILABILITY,origin.list,2026-09-14 18:14:47.466517+00:00
0047n.com,AVAILABILITY,origin.list,2026-09-14 18:14:49.778655+00:00
00071vv.com,AVAILABILITY,origin.list,2026-09-14 18:14:53.339581+00:00
0027s.com,AVAILABILITY,origin.list,2026-09-14 18:14:55.663560+00:00
23188999.com,AVAILABILITY,origin.list,2026-09-14 18:14:59.258990+00:00
00071ee.com,AVAILABILITY,origin.list,2026-09-14 18:15:01.522208+00:00
48789dj.com,AVAILABILITY,origin.list,2026-09-14 18:15:05.134011+00:00
1421x.com,AVAILABILITY,origin.list,2026-09-14 18:15:07.429746+00:00
7979t.com,AVAILABILITY,origin.list,2026-09-14 18:15:11.050614+00:00
2324t.com,AVAILABILITY,origin.list,2026-09-14 18:15:13.374191+00:00
789204.com,AVAILABILITY,origin.list,2026-09-14 18:15:16.942034+00:00
26257a.com,AVAILABILITY,origin.list,2026-09-14 18:15:19.269184+00:00
123356f.com,AVAILABILITY,origin.list,2026-09-14 18:15:25.194475+00:00
866057.biz,AVAILABILITY,origin.list,2026-09-14 18:15:27.917674+00:00
pb36599.com,AVAILABILITY,origin.list,2026-09-14 18:15:31.093269+00:00
009109.com,AVAILABILITY,origin.list,2026-09-14 18:15:33.757510+00:00
hg1992.app,AVAILABILITY,origin.list,2026-09-14 18:15:37.551595+00:00
thethaovip.bar,AVAILABILITY,origin.list,2026-09-14 18:15:39.867825+00:00
020968.com,AVAILABILITY,origin.list,2026-09-14 18:15:43.491026+00:00
0099eee.com,AVAILABILITY,origin.list,2026-09-14 18:15:45.784257+00:00
0166jj.com,AVAILABILITY,origin.list,2026-09-14 18:15:49.362376+00:00
00uxiw7.com,AVAILABILITY,origin.list,2026-09-14 18:15:51.725158+00:00
009129.com,AVAILABILITY,origin.list,2026-09-14 18:15:55.229697+00:00
026686.app,AVAILABILITY,origin.list,2026-09-14 18:15:58.090824+00:00
030d.net,AVAILABILITY,origin.list,2026-09-14 18:16:01.147486+00:00
03035v.com,AVAILABILITY,origin.list,2026-09-14 18:16:03.957857+00:00
05xpj05.com,AVAILABILITY,origin.list,2026-09-14 18:16:07.201418+00:00
hy6602.com,AVAILABILITY,origin.list,2026-09-14 18:16:14.339202+00:00
02xpj02.com,AVAILABILITY,origin.list,2026-09-14 18:32:27.424813+00:00
0465n.com,AVAILABILITY,origin.list,2026-09-14 18:32:28.292268+00:00
040104.com,AVAILABILITY,origin.list,2026-09-14 18:32:29.110521+00:00
050620.com,AVAILABILITY,origin.list,2026-09-14 18:32:29.886138+00:00
07411q.com,AVAILABILITY,origin.list,2026-09-14 18:32:30.945074+00:00
016686.app,AVAILABILITY,origin.list,2026-09-14 18:32:31.807374+00:00
066686.app,AVAILABILITY,origin.list,2026-09-14 18:32:32.785542+00:00
036686.app,AVAILABILITY,origin.list,2026-09-14 18:32:33.574604+00:00
wjpesovip45.shop,AVAILABILITY,origin.list,2026-09-14 18:32:39.853358+00:00
07488m.com,AVAILABILITY,origin.list,2026-09-14 18:32:40.675400+00:00
07411f.com,AVAILABILITY,origin.list,2026-09-14 18:32:41.590044+00:00
07444b.com,AVAILABILITY,origin.list,2026-09-14 18:32:42.373434+00:00
188betbrasil.com,AVAILABILITY,origin.list,2026-09-14 18:32:43.877447+00:00
30jili.lol,AVAILABILITY,origin.list,2026-09-14 18:32:43.955421+00:00
07411z.com,AVAILABILITY,origin.list,2026-09-14 18:32:44.587137+00:00
074d7.com,AVAILABILITY,origin.list,2026-09-14 18:32:44.752174+00:00
07499k.com,AVAILABILITY,origin.list,2026-09-14 18:32:45.388021+00:00
078762.com,AVAILABILITY,origin.list,2026-09-14 18:32:45.437721+00:00
046686.app,AVAILABILITY,origin.list,2026-09-14 18:32:46.321908+00:00
076686.app,AVAILABILITY,origin.list,2026-09-14 18:32:46.383661+00:00
08qp051.com,AVAILABILITY,origin.list,2026-09-14 18:32:46.983137+00:00
056686.app,AVAILABILITY,origin.list,2026-09-14 18:32:47.526247+00:00
07499x.com,AVAILABILITY,origin.list,2026-09-14 18:32:47.703121+00:00
0775239.com,AVAILABILITY,origin.list,2026-09-14 18:32:48.157740+00:00
08qp052.com,AVAILABILITY,origin.list,2026-09-14 18:32:48.425264+00:00
08qp057.com,AVAILABILITY,origin.list,2026-09-14 18:32:48.888143+00:00
08qp059.com,AVAILABILITY,origin.list,2026-09-14 18:32:49.166154+00:00
086686.app,AVAILABILITY,origin.list,2026-09-14 18:32:49.576875+00:00
08qp058.com,AVAILABILITY,origin.list,2026-09-14 18:32:50.244728+00:00
taiv8.top,AVAILABILITY,origin.list,2026-09-14 18:32:52.049475+00:00
098667.com,AVAILABILITY,origin.list,2026-09-14 18:32:52.771708+00:00
10132.net,AVAILABILITY,origin.list,2026-09-14 18:32:53.511363+00:00
263297.com,AVAILABILITY,origin.list,2026-09-14 18:32:54.241875+00:00
10146.net,AVAILABILITY,origin.list,2026-09-14 18:32:54.868259+00:00
26vip44.com,AVAILABILITY,origin.list,2026-09-14 18:32:55.832461+00:00
26vip77.com,AVAILABILITY,origin.list,2026-09-14 18:32:56.716762+00:00
26vip66.com,AVAILABILITY,origin.list,2026-09-14 18:32:57.413787+00:00
666b365.com,AVAILABILITY,origin.list,2026-09-14 18:32:58.294950+00:00
my1884u.com,AVAILABILITY,origin.list,2026-09-14 18:33:00.086426+00:00
623159.com,AVAILABILITY,origin.list,2026-09-14 18:33:00.793416+00:00
bsports002.com,AVAILABILITY,origin.list,2026-09-14 18:33:01.496059+00:00
bsports003.com,AVAILABILITY,origin.list,2026-09-14 18:33:02.306867+00:00
hy6601.com,AVAILABILITY,origin.list,2026-09-14 18:33:02.703969+00:00
bk8khgames.com,AVAILABILITY,origin.list,2026-09-14 18:33:03.022026+00:00
bsports006.com,AVAILABILITY,origin.list,2026-09-14 18:33:03.406862+00:00
vw109.com,AVAILABILITY,origin.list,2026-09-14 18:33:03.735758+00:00
bsports004.com,AVAILABILITY,origin.list,2026-09-14 18:33:04.334796+00:00
112872.com,AVAILABILITY,origin.list,2026-09-14 18:33:04.687144+00:00
bsports005.com,AVAILABILITY,origin.list,2026-09-14 18:33:05.048057+00:00
112735.com,AVAILABILITY,origin.list,2026-09-14 18:33:05.425963+00:00
112266b.com,AVAILABILITY,origin.list,2026-09-14 18:33:05.725939+00:00
097955.com,AVAILABILITY,origin.list,2026-09-14 18:33:06.089764+00:00
1188244.com,AVAILABILITY,origin.list,2026-09-14 18:33:06.482564+00:00
10564.net,AVAILABILITY,origin.list,2026-09-14 18:33:06.743030+00:00
p365222.com,AVAILABILITY,origin.list,2026-09-14 18:33:07.284664+00:00
106686.app,AVAILABILITY,origin.list,2026-09-14 18:33:07.396806+00:00
102212.com,AVAILABILITY,origin.list,2026-09-14 18:33:07.993930+00:00
11k365.com,AVAILABILITY,origin.list,2026-09-14 18:33:08.050074+00:00
12491.net,AVAILABILITY,origin.list,2026-09-14 18:33:08.726981+00:00
096686.app,AVAILABILITY,origin.list,2026-09-14 18:33:08.804687+00:00
125ky01.com,AVAILABILITY,origin.list,2026-09-14 18:33:09.539410+00:00
14665522.com,AVAILABILITY,origin.list,2026-09-14 18:33:09.556909+00:00
14668833.com,AVAILABILITY,origin.list,2026-09-14 18:33:10.288342+00:00
132ktv.com,AVAILABILITY,origin.list,2026-09-14 18:33:10.317755+00:00
158553.com,AVAILABILITY,origin.list,2026-09-14 18:33:11.021892+00:00
10jili.plus,AVAILABILITY,origin.list,2026-09-14 18:33:11.156234+00:00
1596567.com,AVAILABILITY,origin.list,2026-09-14 18:33:11.773474+00:00
15388v.com,AVAILABILITY,origin.list,2026-09-14 18:33:11.856214+00:00
1593789.com,AVAILABILITY,origin.list,2026-09-14 18:33:12.492140+00:00
1504cc.com,AVAILABILITY,origin.list,2026-09-14 18:33:12.593413+00:00
16271.net,AVAILABILITY,origin.list,2026-09-14 18:33:13.197038+00:00
11288211.com,AVAILABILITY,origin.list,2026-09-14 18:33:13.429660+00:00
162653.com,AVAILABILITY,origin.list,2026-09-14 18:33:13.822235+00:00
18771801.com,AVAILABILITY,origin.list,2026-09-14 18:33:14.091053+00:00
14665599.com,AVAILABILITY,origin.list,2026-09-14 18:33:14.791241+00:00
1599567.com,AVAILABILITY,origin.list,2026-09-14 18:33:15.481593+00:00
lionbet365.com,AVAILABILITY,origin.list,2026-09-14 18:33:16.843757+00:00
st6666666.com,AVAILABILITY,origin.list,2026-09-14 18:33:17.543135+00:00
176122.com,AVAILABILITY,origin.list,2026-09-14 18:33:18.263287+00:00
xwqp.club,AVAILABILITY,origin.list,2026-09-14 18:33:18.745146+00:00
165378.com,AVAILABILITY,origin.list,2026-09-14 18:33:18.918795+00:00
18776611.com,AVAILABILITY,origin.list,2026-09-14 18:33:19.489730+00:00
18771806.com,AVAILABILITY,origin.list,2026-09-14 18:33:19.626670+00:00
bmw850.net,AVAILABILITY,origin.list,2026-09-14 18:33:20.230240+00:00
1877pro6.com,AVAILABILITY,origin.list,2026-09-14 18:33:20.298068+00:00
vipjbo168.com,AVAILABILITY,origin.list,2026-09-14 18:33:20.889098+00:00
bway907.com,AVAILABILITY,origin.list,2026-09-14 18:33:20.989610+00:00
vipjbo99.com,AVAILABILITY,origin.list,2026-09-14 18:33:21.600235+00:00
169639.com,AVAILABILITY,origin.list,2026-09-14 18:33:21.744322+00:00
20232012.com,AVAILABILITY,origin.list,2026-09-14 18:33:22.297697+00:00
2021888.com,AVAILABILITY,origin.list,2026-09-14 18:33:22.422883+00:00
198868.app,AVAILABILITY,origin.list,2026-09-14 18:33:23.062229+00:00
2138005.com,AVAILABILITY,origin.list,2026-09-14 18:33:23.161567+00:00
20242012.com,AVAILABILITY,origin.list,2026-09-14 18:33:23.736405+00:00
2208222.com,AVAILABILITY,origin.list,2026-09-14 18:33:23.853599+00:00
2034p.com,AVAILABILITY,origin.list,2026-09-14 18:33:24.454490+00:00
2086p.com,AVAILABILITY,origin.list,2026-09-14 18:33:24.503251+00:00
21467.net,AVAILABILITY,origin.list,2026-09-14 18:33:25.111835+00:00
196686.app,AVAILABILITY,origin.list,2026-09-14 18:33:25.282498+00:00
235189.com,AVAILABILITY,origin.list,2026-09-14 18:33:25.820583+00:00
2258222.com,AVAILABILITY,origin.list,2026-09-14 18:33:25.913750+00:00
2278222.com,AVAILABILITY,origin.list,2026-09-14 18:33:26.568077+00:00
224799.com,AVAILABILITY,origin.list,2026-09-14 18:33:27.292663+00:00
22337x.com,AVAILABILITY,origin.list,2026-09-14 18:33:27.942910+00:00
api.78winv.top,AVAILABILITY,origin.list,2026-09-14 18:33:28.041444+00:00
2364550.com,AVAILABILITY,origin.list,2026-09-14 18:33:28.669219+00:00
2238222.com,AVAILABILITY,origin.list,2026-09-14 18:33:28.768888+00:00
24142.net,AVAILABILITY,origin.list,2026-09-14 18:33:29.379887+00:00
2364551.com,AVAILABILITY,origin.list,2026-09-14 18:33:29.492391+00:00
23236app.com,AVAILABILITY,origin.list,2026-09-14 18:33:30.107246+00:00
25825827.com,AVAILABILITY,origin.list,2026-09-14 18:33:30.242104+00:00
265bahaodian.com,AVAILABILITY,origin.list,2026-09-14 18:33:30.820638+00:00
2544-app.com,AVAILABILITY,origin.list,2026-09-14 18:33:30.912697+00:00
2726p.com,AVAILABILITY,origin.list,2026-09-14 18:33:31.481287+00:00
254886.com,AVAILABILITY,origin.list,2026-09-14 18:33:31.587597+00:00
2302394.com,AVAILABILITY,origin.list,2026-09-14 18:33:32.174500+00:00
269829.com,AVAILABILITY,origin.list,2026-09-14 18:33:32.282358+00:00
2728p.com,AVAILABILITY,origin.list,2026-09-14 18:33:32.848365+00:00
269828.com,AVAILABILITY,origin.list,2026-09-14 18:33:32.914849+00:00
27005.net,AVAILABILITY,origin.list,2026-09-14 18:33:33.613861+00:00
2735p.com,AVAILABILITY,origin.list,2026-09-14 18:33:33.626134+00:00
274750.com,AVAILABILITY,origin.list,2026-09-14 18:33:34.282509+00:00
2731p.com,AVAILABILITY,origin.list,2026-09-14 18:33:34.357265+00:00
2734p.com,AVAILABILITY,origin.list,2026-09-14 18:33:34.983933+00:00
275633.com,AVAILABILITY,origin.list,2026-09-14 18:33:35.173798+00:00
2732p.com,AVAILABILITY,origin.list,2026-09-14 18:33:35.635548+00:00
2740p.com,AVAILABILITY,origin.list,2026-09-14 18:33:36.333472+00:00
27710.net,AVAILABILITY,origin.list,2026-09-14 18:33:37.020933+00:00
277327.com,AVAILABILITY,origin.list,2026-09-14 18:33:37.785165+00:00
2907766.com,AVAILABILITY,origin.list,2026-09-14 18:33:38.438545+00:00
28970g.com,AVAILABILITY,origin.list,2026-09-14 18:33:39.113123+00:00
278949.com,AVAILABILITY,origin.list,2026-09-14 18:33:39.805022+00:00
kankanya.photos,AVAILABILITY,origin.list,2026-09-14 18:33:50.191986+00:00
hotro188.com,AVAILABILITY,origin.list,2026-09-14 18:33:50.590217+00:00
292935.com,AVAILABILITY,origin.list,2026-09-14 18:33:50.818411+00:00
2998j.net,AVAILABILITY,origin.list,2026-09-14 18:33:51.300294+00:00
2998h.net,AVAILABILITY,origin.list,2026-09-14 18:33:51.506357+00:00
2998l.net,AVAILABILITY,origin.list,2026-09-14 18:33:52.038522+00:00
2998r.net,AVAILABILITY,origin.list,2026-09-14 18:33:52.255155+00:00
2998i.net,AVAILABILITY,origin.list,2026-09-14 18:33:52.782160+00:00
2998d.net,AVAILABILITY,origin.list,2026-09-14 18:33:53.496588+00:00
299948.com,AVAILABILITY,origin.list,2026-09-14 18:33:54.236894+00:00
2998o.net,AVAILABILITY,origin.list,2026-09-14 18:33:54.951469+00:00
2998v.net,AVAILABILITY,origin.list,2026-09-14 18:33:55.572506+00:00
22974.biz,AVAILABILITY,origin.list,2026-09-14 18:33:56.116589+00:00
2998s.net,AVAILABILITY,origin.list,2026-09-14 18:33:56.196586+00:00
2hg06.com,AVAILABILITY,origin.list,2026-09-14 18:33:56.901831+00:00
2hgw3.com,AVAILABILITY,origin.list,2026-09-14 18:33:56.901792+00:00
2998u.net,AVAILABILITY,origin.list,2026-09-14 18:33:57.606786+00:00
2hnw.com,AVAILABILITY,origin.list,2026-09-14 18:33:57.662557+00:00
2win007.com,AVAILABILITY,origin.list,2026-09-14 18:33:58.277948+00:00
312653.com,AVAILABILITY,origin.list,2026-09-14 18:33:58.381211+00:00
3115vip7.com,AVAILABILITY,origin.list,2026-09-14 18:34:43.925478+00:00
31666jj.com,AVAILABILITY,origin.list,2026-09-14 18:35:09.036699+00:00
319628.com,AVAILABILITY,origin.list,2026-09-14 18:35:49.766045+00:00
28289.xyz,AVAILABILITY,origin.list,2026-09-14 18:36:04.895800+00:00
32111n.com,AVAILABILITY,origin.list,2026-09-14 18:36:50.563501+00:00
31666ff.com,AVAILABILITY,origin.list,2026-09-14 18:52:59.250979+00:00
3265j.com,AVAILABILITY,origin.list,2026-09-14 18:52:59.322742+00:00
331308.com,AVAILABILITY,origin.list,2026-09-14 18:53:00.103156+00:00
3332217.com,AVAILABILITY,origin.list,2026-09-14 18:53:01.000561+00:00
15871.top,AVAILABILITY,origin.list,2026-09-14 18:53:02.498282+00:00
331df.com,AVAILABILITY,origin.list,2026-09-14 18:53:03.355522+00:00
339fun.com,AVAILABILITY,origin.list,2026-09-14 18:53:04.135444+00:00
31666gg.com,AVAILABILITY,origin.list,2026-09-14 18:53:04.893561+00:00
336776p.com,AVAILABILITY,origin.list,2026-09-14 18:53:05.659212+00:00
337799.net,AVAILABILITY,origin.list,2026-09-14 18:53:06.548690+00:00
3380n.com,AVAILABILITY,origin.list,2026-09-14 18:53:07.267671+00:00
01166w.com,AVAILABILITY,origin.list,2026-09-14 18:53:07.894808+00:00
07313659.com,AVAILABILITY,origin.list,2026-09-14 18:53:08.570828+00:00
342281.com,AVAILABILITY,origin.list,2026-09-14 18:53:09.369302+00:00
188thailand.com,AVAILABILITY,origin.list,2026-09-14 18:53:09.921280+00:00
04313659.com,AVAILABILITY,origin.list,2026-09-14 18:53:10.086321+00:00
08513659.com,AVAILABILITY,origin.list,2026-09-14 18:53:10.770836+00:00
07913659.com,AVAILABILITY,origin.list,2026-09-14 18:53:10.813673+00:00
08913659.com,AVAILABILITY,origin.list,2026-09-14 18:53:11.439659+00:00
0991saibo.com,AVAILABILITY,origin.list,2026-09-14 18:53:11.674634+00:00
1519851.com,AVAILABILITY,origin.list,2026-09-14 18:53:12.098989+00:00
3115vip6.com,AVAILABILITY,origin.list,2026-09-14 18:53:12.371422+00:00
280069.com,AVAILABILITY,origin.list,2026-09-14 18:53:13.184181+00:00
365365fa.com,AVAILABILITY,origin.list,2026-09-14 18:53:14.130668+00:00
3659vip5.com,AVAILABILITY,origin.list,2026-09-14 18:53:14.959577+00:00
betway78.com,AVAILABILITY,origin.list,2026-09-14 18:53:15.767142+00:00
dangky789.one,AVAILABILITY,origin.list,2026-09-14 18:53:20.788824+00:00
fun88-01.com,AVAILABILITY,origin.list,2026-09-14 18:53:21.592718+00:00
palace88betvip.net,AVAILABILITY,origin.list,2026-09-14 18:53:22.363692+00:00
rvip88.com,AVAILABILITY,origin.list,2026-09-14 18:53:23.129434+00:00
338yz.com,AVAILABILITY,origin.list,2026-09-14 18:53:23.870474+00:00
qm880.com,AVAILABILITY,origin.list,2026-09-14 18:53:24.742624+00:00
35536v.com,AVAILABILITY,origin.list,2026-09-14 18:53:25.493451+00:00
360key444app.com,AVAILABILITY,origin.list,2026-09-14 18:53:26.213194+00:00
3636123.com,AVAILABILITY,origin.list,2026-09-14 18:53:27.089602+00:00
36567b.com,AVAILABILITY,origin.list,2026-09-14 18:53:27.835743+00:00
321052.site,AVAILABILITY,origin.list,2026-09-14 18:53:28.552497+00:00
28bet.games,AVAILABILITY,origin.list,2026-09-14 18:53:29.492436+00:00
36567c.com,AVAILABILITY,origin.list,2026-09-14 18:53:30.170098+00:00
3650878.com,AVAILABILITY,origin.list,2026-09-14 18:53:30.838175+00:00
36567d.com,AVAILABILITY,origin.list,2026-09-14 18:53:31.509233+00:00
3651n.com,AVAILABILITY,origin.list,2026-09-14 18:53:32.229842+00:00
36567f.com,AVAILABILITY,origin.list,2026-09-14 18:53:32.964689+00:00
dabo7.vip,AVAILABILITY,origin.list,2026-09-14 18:53:33.127457+00:00
36567i.com,AVAILABILITY,origin.list,2026-09-14 18:53:33.776824+00:00
36567h.com,AVAILABILITY,origin.list,2026-09-14 18:53:34.016960+00:00
36567j.com,AVAILABILITY,origin.list,2026-09-14 18:53:34.488738+00:00
36567l.com,AVAILABILITY,origin.list,2026-09-14 18:53:34.765541+00:00
36567k.com,AVAILABILITY,origin.list,2026-09-14 18:53:35.205548+00:00
36567n.com,AVAILABILITY,origin.list,2026-09-14 18:53:35.537465+00:00
36567p.com,AVAILABILITY,origin.list,2026-09-14 18:53:36.236108+00:00
36567m.com,AVAILABILITY,origin.list,2026-09-14 18:53:36.928589+00:00
36567g.com,AVAILABILITY,origin.list,2026-09-14 18:53:37.651425+00:00
36567r.com,AVAILABILITY,origin.list,2026-09-14 18:53:38.352746+00:00
hy8558.com,AVAILABILITY,origin.list,2026-09-14 18:53:42.532557+00:00
36567u.com,AVAILABILITY,origin.list,2026-09-14 18:53:43.282018+00:00
36567o.com,AVAILABILITY,origin.list,2026-09-14 18:53:43.985684+00:00
36567x.com,AVAILABILITY,origin.list,2026-09-14 18:53:44.706806+00:00
36567q.com,AVAILABILITY,origin.list,2026-09-14 18:53:45.377109+00:00
36567z.com,AVAILABILITY,origin.list,2026-09-14 18:53:46.116289+00:00
36567t.com,AVAILABILITY,origin.list,2026-09-14 18:53:46.858644+00:00
36567y.com,AVAILABILITY,origin.list,2026-09-14 18:53:47.557584+00:00
36567w.com,AVAILABILITY,origin.list,2026-09-14 18:53:48.292718+00:00
31974z.com,AVAILABILITY,origin.list,2026-09-14 18:53:48.960704+00:00
199384.com,AVAILABILITY,origin.list,2026-09-14 18:53:49.599633+00:00
3659661.com,AVAILABILITY,origin.list,2026-09-14 18:53:50.255346+00:00
999i9.com,AVAILABILITY,origin.list,2026-09-14 18:53:50.960744+00:00
46503d.com,AVAILABILITY,origin.list,2026-09-14 18:53:51.607552+00:00
lecheng888.com,AVAILABILITY,origin.list,2026-09-14 18:53:52.321852+00:00
v22177.com,AVAILABILITY,origin.list,2026-09-14 18:53:53.064363+00:00
k6613.vip,AVAILABILITY,origin.list,2026-09-14 18:53:53.580544+00:00
3656801.com,AVAILABILITY,origin.list,2026-09-14 18:53:53.899556+00:00
36567s.com,AVAILABILITY,origin.list,2026-09-14 18:53:54.269844+00:00
3656k2.com,AVAILABILITY,origin.list,2026-09-14 18:53:54.544690+00:00
3659ccc.com,AVAILABILITY,origin.list,2026-09-14 18:53:55.130652+00:00
3659ccc.net,AVAILABILITY,origin.list,2026-09-14 18:53:55.276694+00:00
3659fff.net,AVAILABILITY,origin.list,2026-09-14 18:53:55.981771+00:00
815612.com,AVAILABILITY,origin.list,2026-09-14 18:53:56.290504+00:00
3659eee.com,AVAILABILITY,origin.list,2026-09-14 18:53:56.709441+00:00
3659iii.net,AVAILABILITY,origin.list,2026-09-14 18:53:57.025864+00:00
3659ff.com,AVAILABILITY,origin.list,2026-09-14 18:53:57.364300+00:00
3659f.com,AVAILABILITY,origin.list,2026-09-14 18:53:57.710859+00:00
3659hhh.net,AVAILABILITY,origin.list,2026-09-14 18:53:58.079504+00:00
3659kkk.net,AVAILABILITY,origin.list,2026-09-14 18:53:58.323585+00:00
3659qqq.net,AVAILABILITY,origin.list,2026-09-14 18:53:58.803450+00:00
3659ll.net,AVAILABILITY,origin.list,2026-09-14 18:53:59.021738+00:00
3659jjj.net,AVAILABILITY,origin.list,2026-09-14 18:53:59.530491+00:00
3659ooo.com,AVAILABILITY,origin.list,2026-09-14 18:53:59.738645+00:00
3659lll.net,AVAILABILITY,origin.list,2026-09-14 18:54:00.180706+00:00
3659mmm.net,AVAILABILITY,origin.list,2026-09-14 18:54:00.498387+00:00
3659tt.net,AVAILABILITY,origin.list,2026-09-14 18:54:00.858006+00:00
3659ss.net,AVAILABILITY,origin.list,2026-09-14 18:54:01.238309+00:00
3659rr.net,AVAILABILITY,origin.list,2026-09-14 18:54:01.549235+00:00
3659rrr.net,AVAILABILITY,origin.list,2026-09-14 18:54:01.940945+00:00
3659vvv.net,AVAILABILITY,origin.list,2026-09-14 18:54:02.255194+00:00
3659ppp.net,AVAILABILITY,origin.list,2026-09-14 18:54:02.638797+00:00
3659uuu.com,AVAILABILITY,origin.list,2026-09-14 18:54:02.888125+00:00
3659uuu.net,AVAILABILITY,origin.list,2026-09-14 18:54:03.367223+00:00
3659nnn.net,AVAILABILITY,origin.list,2026-09-14 18:54:03.603502+00:00
3659www.com,AVAILABILITY,origin.list,2026-09-14 18:54:04.084761+00:00
3659www.net,AVAILABILITY,origin.list,2026-09-14 18:54:04.416263+00:00
3659yyy.com,AVAILABILITY,origin.list,2026-09-14 18:54:04.773261+00:00
3659ww.net,AVAILABILITY,origin.list,2026-09-14 18:54:05.087189+00:00
3659zzz.net,AVAILABILITY,origin.list,2026-09-14 18:54:05.501862+00:00
3659yy.net,AVAILABILITY,origin.list,2026-09-14 18:54:05.749918+00:00
365f2025.com,AVAILABILITY,origin.list,2026-09-14 18:54:06.211105+00:00
3659yyy.net,AVAILABILITY,origin.list,2026-09-14 18:54:06.391868+00:00
365e01.com,AVAILABILITY,origin.list,2026-09-14 18:54:07.140850+00:00
0678.org,AVAILABILITY,origin.list,2026-09-14 18:54:08.775053+00:00
3659xxx.net,AVAILABILITY,origin.list,2026-09-14 18:54:09.444765+00:00
38778h.com,AVAILABILITY,origin.list,2026-09-14 18:54:10.176691+00:00
3659zzz.com,AVAILABILITY,origin.list,2026-09-14 18:54:10.835075+00:00
365e02.com,AVAILABILITY,origin.list,2026-09-14 18:54:11.549858+00:00
1717bj.org,AVAILABILITY,origin.list,2026-09-14 18:54:11.566717+00:00
216869.com,AVAILABILITY,origin.list,2026-09-14 18:54:12.225588+00:00
366614.com,AVAILABILITY,origin.list,2026-09-14 18:54:12.260937+00:00
2392933.com,AVAILABILITY,origin.list,2026-09-14 18:54:12.847529+00:00
f66u.com,AVAILABILITY,origin.list,2026-09-14 18:54:13.009496+00:00
bty862.com,AVAILABILITY,origin.list,2026-09-14 18:54:13.653811+00:00
wanli6666.com,AVAILABILITY,origin.list,2026-09-14 18:54:13.674630+00:00
15388n.com,AVAILABILITY,origin.list,2026-09-14 18:54:14.353171+00:00
www.bty862.com,AVAILABILITY,origin.list,2026-09-14 18:54:14.448564+00:00
390114.com,AVAILABILITY,origin.list,2026-09-14 18:54:15.164858+00:00
38778p.com,AVAILABILITY,origin.list,2026-09-14 18:54:15.816378+00:00
390069.com,AVAILABILITY,origin.list,2026-09-14 18:54:16.573671+00:00
38929j.com,AVAILABILITY,origin.list,2026-09-14 18:54:17.271592+00:00
38929pay.com,AVAILABILITY,origin.list,2026-09-14 18:54:17.672806+00:00
choiriikvip.today,AVAILABILITY,origin.list,2026-09-14 18:54:18.037776+00:00
390106.com,AVAILABILITY,origin.list,2026-09-14 18:54:18.454051+00:00
390173.com,AVAILABILITY,origin.list,2026-09-14 18:54:18.750470+00:00
390207.com,AVAILABILITY,origin.list,2026-09-14 18:54:19.182994+00:00
38778j.com,AVAILABILITY,origin.list,2026-09-14 18:54:19.463890+00:00
390213.com,AVAILABILITY,origin.list,2026-09-14 18:54:19.901694+00:00
390182.com,AVAILABILITY,origin.list,2026-09-14 18:54:20.572830+00:00
390224.com,AVAILABILITY,origin.list,2026-09-14 18:54:21.313881+00:00
lp.choiriikvip.today,AVAILABILITY,origin.list,2026-09-14 18:54:21.529415+00:00
390215.com,AVAILABILITY,origin.list,2026-09-14 18:54:21.999816+00:00
390239.com,AVAILABILITY,origin.list,2026-09-14 18:54:22.288837+00:00
390231.com,AVAILABILITY,origin.list,2026-09-14 18:54:22.728498+00:00
04320a.com,AVAILABILITY,origin.list,2026-09-14 18:54:23.018452+00:00
2566aa5.com,AVAILABILITY,origin.list,2026-09-14 18:54:23.640780+00:00
390244.com,AVAILABILITY,origin.list,2026-09-14 18:54:24.360284+00:00
26937.wang,AVAILABILITY,origin.list,2026-09-14 18:54:24.985507+00:00
2566aa4.com,AVAILABILITY,origin.list,2026-09-14 18:54:25.081190+00:00
04325a.com,AVAILABILITY,origin.list,2026-09-14 18:54:25.814240+00:00
390217.com,AVAILABILITY,origin.list,2026-09-14 18:54:25.889168+00:00
04323a.com,AVAILABILITY,origin.list,2026-09-14 18:54:26.550837+00:00
sdy222.com,AVAILABILITY,origin.list,2026-09-14 18:54:26.590393+00:00
15399t.com,AVAILABILITY,origin.list,2026-09-14 18:54:27.254903+00:00
555341.com,AVAILABILITY,origin.list,2026-09-14 18:54:27.404723+00:00
8986t.com,AVAILABILITY,origin.list,2026-09-14 18:54:42.947593+00:00
98gamingvip.com,AVAILABILITY,origin.list,2026-09-14 18:55:13.097686+00:00
un168.net,AVAILABILITY,origin.list,2026-09-14 18:55:38.624314+00:00
15399s.com,AVAILABILITY,origin.list,2026-09-14 18:56:23.760419+00:00
04324a.com,AVAILABILITY,origin.list,2026-09-14 18:56:49.297026+00:00
04329a.com,AVAILABILITY,origin.list,2026-09-14 18:57:19.384473+00:00
457557.com,AVAILABILITY,origin.list,2026-09-14 19:12:59.862006+00:00
5718p.com,AVAILABILITY,origin.list,2026-09-14 19:12:59.924231+00:00
92499uu.com,AVAILABILITY,origin.list,2026-09-14 19:13:00.861285+00:00
qc.nhat.it,AVAILABILITY,origin.list,2026-09-14 19:13:01.054979+00:00
92499oo.com,AVAILABILITY,origin.list,2026-09-14 19:13:01.962970+00:00
12qiancai.com,AVAILABILITY,origin.list,2026-09-14 19:13:02.044781+00:00
0225t.com,AVAILABILITY,origin.list,2026-09-14 19:13:02.977100+00:00
12aicai.com,AVAILABILITY,origin.list,2026-09-14 19:13:02.990337+00:00
63770032.com,AVAILABILITY,origin.list,2026-09-14 19:13:03.895091+00:00
12faying.com,AVAILABILITY,origin.list,2026-09-14 19:13:03.992580+00:00
718046.com,AVAILABILITY,origin.list,2026-09-14 19:13:04.724686+00:00
347821.com,AVAILABILITY,origin.list,2026-09-14 19:13:04.837332+00:00
6686vn80.com,AVAILABILITY,origin.list,2026-09-14 19:13:05.615703+00:00
aff.188thethao.com,AVAILABILITY,origin.list,2026-09-14 19:13:05.994115+00:00
wee02.com,AVAILABILITY,origin.list,2026-09-14 19:13:06.687644+00:00
bo12qiu.com,AVAILABILITY,origin.list,2026-09-14 19:13:06.939633+00:00
cashier2.188thethao.com,AVAILABILITY,origin.list,2026-09-14 19:13:07.588258+00:00
widget.188thethao.com,AVAILABILITY,origin.list,2026-09-14 19:13:08.098322+00:00
764005.com,AVAILABILITY,origin.list,2026-09-14 19:13:09.091405+00:00
www88000880.com,AVAILABILITY,origin.list,2026-09-14 19:13:09.938503+00:00
6548t.com,AVAILABILITY,origin.list,2026-09-14 19:13:10.793007+00:00
88n66.com,AVAILABILITY,origin.list,2026-09-14 19:13:11.685150+00:00
t9885.com,AVAILABILITY,origin.list,2026-09-14 19:13:12.763357+00:00
11ev88.org,AVAILABILITY,origin.list,2026-09-14 19:13:13.082805+00:00
jiliapp-00.com,AVAILABILITY,origin.list,2026-09-14 19:13:13.600289+00:00
myhohu.com,AVAILABILITY,origin.list,2026-09-14 19:13:14.106235+00:00
m.188thethao.com,AVAILABILITY,origin.list,2026-09-14 19:13:15.042772+00:00
15388r.com,AVAILABILITY,origin.list,2026-09-14 19:13:15.043706+00:00
2566q38.com,AVAILABILITY,origin.list,2026-09-14 19:13:15.942175+00:00
7surewin.online,AVAILABILITY,origin.list,2026-09-14 19:13:16.915224+00:00
cxlk8923f.com,AVAILABILITY,origin.list,2026-09-14 19:13:17.773274+00:00
6surewin.online,AVAILABILITY,origin.list,2026-09-14 19:13:18.655685+00:00
1khsurewin.site,AVAILABILITY,origin.list,2026-09-14 19:13:19.602637+00:00
yh1959.com,AVAILABILITY,origin.list,2026-09-14 19:13:20.445620+00:00
309390.com,AVAILABILITY,origin.list,2026-09-14 19:13:21.886489+00:00
23770.org,AVAILABILITY,origin.list,2026-09-14 19:13:26.201350+00:00
67318t.com,AVAILABILITY,origin.list,2026-09-14 19:13:45.163030+00:00
b8109.com,AVAILABILITY,origin.list,2026-09-14 19:13:46.197422+00:00
47yd.bet,AVAILABILITY,origin.list,2026-09-14 19:13:48.315534+00:00
837390.com,AVAILABILITY,origin.list,2026-09-14 19:13:49.518541+00:00
cms.staticmb88.com,AVAILABILITY,origin.list,2026-09-14 19:13:50.384831+00:00
statick9bet.com,AVAILABILITY,origin.list,2026-09-14 19:13:51.518106+00:00
67df.bet,AVAILABILITY,origin.list,2026-09-14 19:13:53.196750+00:00
staticmb88.com,AVAILABILITY,origin.list,2026-09-14 19:13:54.316744+00:00
67318k.com,AVAILABILITY,origin.list,2026-09-14 19:13:54.942736+00:00
1519615.com,AVAILABILITY,origin.list,2026-09-14 19:13:55.334470+00:00
12424.net,AVAILABILITY,origin.list,2026-09-14 19:13:56.183044+00:00
cms.statick9bet.com,AVAILABILITY,origin.list,2026-09-14 19:13:56.223391+00:00
waffwell.net,AVAILABILITY,origin.list,2026-09-14 19:13:57.405031+00:00
81ee.bet,AVAILABILITY,origin.list,2026-09-14 19:13:59.158098+00:00
taive.app,AVAILABILITY,origin.list,2026-09-14 19:14:08.095995+00:00
239kaiyun.net,AVAILABILITY,origin.list,2026-09-14 19:14:09.122771+00:00
242kaiyun.net,AVAILABILITY,origin.list,2026-09-14 19:14:09.960557+00:00
314kaiyun.net,AVAILABILITY,origin.list,2026-09-14 19:14:10.767392+00:00
31betvnd.co,AVAILABILITY,origin.list,2026-09-14 19:14:11.760847+00:00
15bml.top,AVAILABILITY,origin.list,2026-09-14 19:14:13.051511+00:00
676890.com,AVAILABILITY,origin.list,2026-09-14 19:14:14.392126+00:00
81ii.bet,AVAILABILITY,origin.list,2026-09-14 19:14:15.827090+00:00
8035t.com,AVAILABILITY,origin.list,2026-09-14 19:14:16.819099+00:00
ae888link.net,AVAILABILITY,origin.list,2026-09-14 19:14:17.733756+00:00
betvnd78.co,AVAILABILITY,origin.list,2026-09-14 19:14:18.587406+00:00
30005.org,AVAILABILITY,origin.list,2026-09-14 19:14:21.022563+00:00
betvnd54.co,AVAILABILITY,origin.list,2026-09-14 19:14:21.875117+00:00
cp3288.com,AVAILABILITY,origin.list,2026-09-14 19:14:22.887153+00:00
dubai-speed.com,AVAILABILITY,origin.list,2026-09-14 19:14:23.728367+00:00
collector-cps-live.omnitrend.biz,AVAILABILITY,origin.list,2026-09-14 19:14:24.869722+00:00
facai23111888.com,AVAILABILITY,origin.list,2026-09-14 19:14:25.781649+00:00
67318p.com,AVAILABILITY,origin.list,2026-09-14 19:14:26.040977+00:00
collector-cps2-live.omnitrend.biz,AVAILABILITY,origin.list,2026-09-14 19:14:26.764296+00:00
huanying23111888.com,AVAILABILITY,origin.list,2026-09-14 19:14:27.091829+00:00
fun881232.com,AVAILABILITY,origin.list,2026-09-14 19:14:27.960841+00:00
i9548.com,AVAILABILITY,origin.list,2026-09-14 19:14:28.102000+00:00
imsports.v9bet55.com,AVAILABILITY,origin.list,2026-09-14 19:14:28.785943+00:00
ti9mfk.com,AVAILABILITY,origin.list,2026-09-14 19:14:28.955324+00:00
winvn75.co,AVAILABILITY,origin.list,2026-09-14 19:14:29.922931+00:00
pj5318.com,AVAILABILITY,origin.list,2026-09-14 19:14:30.095131+00:00
cn7881xbet.com,AVAILABILITY,origin.list,2026-09-14 19:14:30.812241+00:00
y3288.com,AVAILABILITY,origin.list,2026-09-14 19:14:31.660382+00:00
winbet77.bet,AVAILABILITY,origin.list,2026-09-14 19:14:32.979580+00:00
bk8khgame.com,AVAILABILITY,origin.list,2026-09-14 19:14:34.224684+00:00
play.bum3.club,AVAILABILITY,origin.list,2026-09-14 19:14:42.036957+00:00
t87999.com,AVAILABILITY,origin.list,2026-09-14 19:14:42.968694+00:00
yd23.bet,AVAILABILITY,origin.list,2026-09-14 19:14:44.290070+00:00
long0311.com,AVAILABILITY,origin.list,2026-09-14 19:14:45.119846+00:00
www.w88city.com,AVAILABILITY,origin.list,2026-09-14 19:14:46.849717+00:00
873394.com,AVAILABILITY,origin.list,2026-09-14 19:14:47.790401+00:00
12qian.com,AVAILABILITY,origin.list,2026-09-14 19:14:48.654233+00:00
33888808.com,AVAILABILITY,origin.list,2026-09-14 19:14:49.607928+00:00
ku458.com,AVAILABILITY,origin.list,2026-09-14 19:14:50.526416+00:00
396749.com,AVAILABILITY,origin.list,2026-09-14 19:14:51.406264+00:00
yd57.bet,AVAILABILITY,origin.list,2026-09-14 19:14:52.722468+00:00
oyeas.net,AVAILABILITY,origin.list,2026-09-14 19:14:53.916866+00:00
33888802.com,AVAILABILITY,origin.list,2026-09-14 19:14:54.829049+00:00
81c81c.com,AVAILABILITY,origin.list,2026-09-14 19:14:55.741002+00:00
67318v.com,AVAILABILITY,origin.list,2026-09-14 19:14:56.177626+00:00
m2305.com,AVAILABILITY,origin.list,2026-09-14 19:14:56.687757+00:00
uedbet755.com,AVAILABILITY,origin.list,2026-09-14 19:14:57.010413+00:00
betway199.com,AVAILABILITY,origin.list,2026-09-14 19:14:57.600773+00:00
12caiwin.com,AVAILABILITY,origin.list,2026-09-14 19:14:57.938169+00:00
collector-cps3-ttt.omnitrend.biz,AVAILABILITY,origin.list,2026-09-14 19:14:58.487146+00:00
12winqiu.com,AVAILABILITY,origin.list,2026-09-14 19:14:58.821065+00:00
12quanwin.com,AVAILABILITY,origin.list,2026-09-14 19:14:59.503472+00:00
789057.com,AVAILABILITY,origin.list,2026-09-14 19:14:59.731977+00:00
12winpan.com,AVAILABILITY,origin.list,2026-09-14 19:15:00.364321+00:00
531051h.com,AVAILABILITY,origin.list,2026-09-14 19:15:00.598391+00:00
hongpan12.com,AVAILABILITY,origin.list,2026-09-14 19:15:01.216855+00:00
789061.com,AVAILABILITY,origin.list,2026-09-14 19:15:01.490869+00:00
yhh6x.com,AVAILABILITY,origin.list,2026-09-14 19:15:02.074143+00:00
s2373.com,AVAILABILITY,origin.list,2026-09-14 19:15:03.753112+00:00
6686vn26.com,AVAILABILITY,origin.list,2026-09-14 19:15:03.759940+00:00
868vip2.com,AVAILABILITY,origin.list,2026-09-14 19:15:04.739956+00:00
gatewayvn-scf1.fba8-angel187.com,AVAILABILITY,origin.list,2026-09-14 19:15:04.811177+00:00
allbet99.com,AVAILABILITY,origin.list,2026-09-14 19:15:05.598845+00:00
9911129.com,AVAILABILITY,origin.list,2026-09-14 19:15:05.708500+00:00
b22269.com,AVAILABILITY,origin.list,2026-09-14 19:15:06.446050+00:00
y4888.com,AVAILABILITY,origin.list,2026-09-14 19:15:06.706191+00:00
s22aa.com,AVAILABILITY,origin.list,2026-09-14 19:15:07.443742+00:00
mxks92doo.com,AVAILABILITY,origin.list,2026-09-14 19:15:07.628470+00:00
chat.taison01.com,AVAILABILITY,origin.list,2026-09-14 19:15:08.334607+00:00
taison01.com,AVAILABILITY,origin.list,2026-09-14 19:15:09.167959+00:00
taisumvip56.club,AVAILABILITY,origin.list,2026-09-14 19:15:09.592376+00:00
92499qq.com,AVAILABILITY,origin.list,2026-09-14 19:15:10.082453+00:00
kmisa68.com,AVAILABILITY,origin.list,2026-09-14 19:15:10.559902+00:00
cojbo.com,AVAILABILITY,origin.list,2026-09-14 19:15:10.934139+00:00
www.cxlk8923f.com,AVAILABILITY,origin.list,2026-09-14 19:15:11.597217+00:00
taixiu.taison01.com,AVAILABILITY,origin.list,2026-09-14 19:15:11.791653+00:00
tai.taison01.com,AVAILABILITY,origin.list,2026-09-14 19:15:12.406047+00:00
taixiu1.taison01.com,AVAILABILITY,origin.list,2026-09-14 19:15:13.249260+00:00
portal.taison01.com,AVAILABILITY,origin.list,2026-09-14 19:15:14.124586+00:00
087179.com,AVAILABILITY,origin.list,2026-09-14 19:15:14.953197+00:00
k8ccc.com,AVAILABILITY,origin.list,2026-09-14 19:15:23.041755+00:00
390275.com,AVAILABILITY,origin.list,2026-09-14 19:15:23.990988+00:00
x7277.com,AVAILABILITY,origin.list,2026-09-14 19:15:25.344740+00:00
228365bet.com,AVAILABILITY,origin.list,2026-09-14 19:15:26.285839+00:00
390264.com,AVAILABILITY,origin.list,2026-09-14 19:15:26.320563+00:00
390262.com,AVAILABILITY,origin.list,2026-09-14 19:15:27.185370+00:00
390271.com,AVAILABILITY,origin.list,2026-09-14 19:15:27.304625+00:00
390273.com,AVAILABILITY,origin.list,2026-09-14 19:15:28.102350+00:00
390295.com,AVAILABILITY,origin.list,2026-09-14 19:15:28.172799+00:00
390272.com,AVAILABILITY,origin.list,2026-09-14 19:15:29.035005+00:00
390317.com,AVAILABILITY,origin.list,2026-09-14 19:15:29.204642+00:00
390285.com,AVAILABILITY,origin.list,2026-09-14 19:15:29.973574+00:00
390284.com,AVAILABILITY,origin.list,2026-09-14 19:15:30.088210+00:00
390287.com,AVAILABILITY,origin.list,2026-09-14 19:15:30.909656+00:00
390313.com,AVAILABILITY,origin.list,2026-09-14 19:15:31.028074+00:00
390320.com,AVAILABILITY,origin.list,2026-09-14 19:15:31.733910+00:00
390316.com,AVAILABILITY,origin.list,2026-09-14 19:15:31.926882+00:00
390350.com,AVAILABILITY,origin.list,2026-09-14 19:15:32.586773+00:00
390326.com,AVAILABILITY,origin.list,2026-09-14 19:15:32.798566+00:00
390323.com,AVAILABILITY,origin.list,2026-09-14 19:15:33.582709+00:00
390355.com,AVAILABILITY,origin.list,2026-09-14 19:15:33.748396+00:00
390367.com,AVAILABILITY,origin.list,2026-09-14 19:15:34.632295+00:00
390354.com,AVAILABILITY,origin.list,2026-09-14 19:15:34.683630+00:00
390387.com,AVAILABILITY,origin.list,2026-09-14 19:15:35.525636+00:00
390369.com,AVAILABILITY,origin.list,2026-09-14 19:15:35.586894+00:00
390373.com,AVAILABILITY,origin.list,2026-09-14 19:15:36.536623+00:00
390383.com,AVAILABILITY,origin.list,2026-09-14 19:15:36.683088+00:00
web.xvip21.win,AVAILABILITY,origin.list,2026-09-14 19:15:37.501109+00:00
390411.com,AVAILABILITY,origin.list,2026-09-14 19:15:37.669563+00:00
390430.com,AVAILABILITY,origin.list,2026-09-14 19:15:38.581811+00:00
390385.com,AVAILABILITY,origin.list,2026-09-14 19:15:38.763150+00:00
3903902.com,AVAILABILITY,origin.list,2026-09-14 19:15:39.590081+00:00
390375.com,AVAILABILITY,origin.list,2026-09-14 19:15:39.675175+00:00
390455.com,AVAILABILITY,origin.list,2026-09-14 19:15:40.479687+00:00
jollibee777.mobi,AVAILABILITY,origin.list,2026-09-14 19:15:50.768301+00:00
390468.com,AVAILABILITY,origin.list,2026-09-14 19:15:51.618766+00:00
390420.com,AVAILABILITY,origin.list,2026-09-14 19:15:52.483580+00:00
828y.vip,AVAILABILITY,origin.list,2026-09-14 19:15:53.611305+00:00
390460.com,AVAILABILITY,origin.list,2026-09-14 19:15:54.592055+00:00
390458.com,AVAILABILITY,origin.list,2026-09-14 19:15:55.528701+00:00
390495.com,AVAILABILITY,origin.list,2026-09-14 19:15:56.415259+00:00
390526.com,AVAILABILITY,origin.list,2026-09-14 19:15:57.326027+00:00
390552.com,AVAILABILITY,origin.list,2026-09-14 19:15:58.167231+00:00
390493.com,AVAILABILITY,origin.list,2026-09-14 19:15:58.999909+00:00
1519955.com,AVAILABILITY,origin.list,2026-09-14 19:15:59.882414+00:00
390501.com,AVAILABILITY,origin.list,2026-09-14 19:16:00.875132+00:00
390527.com,AVAILABILITY,origin.list,2026-09-14 19:16:01.809811+00:00
ks9773.com,AVAILABILITY,origin.list,2026-09-14 19:16:03.641455+00:00
110033d.com,AVAILABILITY,origin.list,2026-09-14 19:16:04.604510+00:00
38863v.com,AVAILABILITY,origin.list,2026-09-14 19:16:05.671869+00:00
9046555.com,AVAILABILITY,origin.list,2026-09-14 19:16:06.537314+00:00
365rich.net,AVAILABILITY,origin.list,2026-09-14 19:16:07.384813+00:00
99572v.com,AVAILABILITY,origin.list,2026-09-14 19:16:08.381838+00:00
hi67857.com,AVAILABILITY,origin.list,2026-09-14 19:16:09.181382+00:00
hi67839.com,AVAILABILITY,origin.list,2026-09-14 19:16:10.139168+00:00
99579v.com,AVAILABILITY,origin.list,2026-09-14 19:16:11.061706+00:00
390516.com,AVAILABILITY,origin.list,2026-09-14 19:16:11.993314+00:00
99613v.com,AVAILABILITY,origin.list,2026-09-14 19:16:12.862628+00:00
007winand.taive.app,AVAILABILITY,origin.list,2026-09-14 19:16:13.402796+00:00
390530.com,AVAILABILITY,origin.list,2026-09-14 19:16:13.765450+00:00
390554.com,AVAILABILITY,origin.list,2026-09-14 19:16:14.256401+00:00
390503.com,AVAILABILITY,origin.list,2026-09-14 19:16:14.646807+00:00
390532.com,AVAILABILITY,origin.list,2026-09-14 19:16:15.261766+00:00
390536.com,AVAILABILITY,origin.list,2026-09-14 19:16:15.508505+00:00
390548.com,AVAILABILITY,origin.list,2026-09-14 19:16:16.388981+00:00
gameiwin.info,AVAILABILITY,origin.list,2026-09-14 19:16:17.052745+00:00
390805.com,AVAILABILITY,origin.list,2026-09-14 19:16:17.283617+00:00
390816.com,AVAILABILITY,origin.list,2026-09-14 19:16:18.056843+00:00
390810.com,AVAILABILITY,origin.list,2026-09-14 19:16:18.139533+00:00
390817.com,AVAILABILITY,origin.list,2026-09-14 19:16:18.934288+00:00
390821.com,AVAILABILITY,origin.list,2026-09-14 19:16:19.270437+00:00
390827.com,AVAILABILITY,origin.list,2026-09-14 19:16:20.026189+00:00
390831.com,AVAILABILITY,origin.list,2026-09-14 19:16:20.111504+00:00
390865.com,AVAILABILITY,origin.list,2026-09-14 19:16:21.113864+00:00
390859.com,AVAILABILITY,origin.list,2026-09-14 19:16:22.153897+00:00
390856.com,AVAILABILITY,origin.list,2026-09-14 19:16:23.008703+00:00
390895.com,AVAILABILITY,origin.list,2026-09-14 19:16:23.929279+00:00
390837.com,AVAILABILITY,origin.list,2026-09-14 19:16:24.789174+00:00
21898.shop,AVAILABILITY,origin.list,2026-09-14 19:16:28.265325+00:00
390867.com,AVAILABILITY,origin.list,2026-09-14 19:16:29.265896+00:00
390857.com,AVAILABILITY,origin.list,2026-09-14 19:16:30.078210+00:00
390875.com,AVAILABILITY,origin.list,2026-09-14 19:16:30.912587+00:00
390836.com,AVAILABILITY,origin.list,2026-09-14 19:16:31.922767+00:00
390869.com,AVAILABILITY,origin.list,2026-09-14 19:16:32.797214+00:00
390892.com,AVAILABILITY,origin.list,2026-09-14 19:16:33.776020+00:00
390893.com,AVAILABILITY,origin.list,2026-09-14 19:16:34.687922+00:00
390884.com,AVAILABILITY,origin.list,2026-09-14 19:16:35.607689+00:00
390926.com,AVAILABILITY,origin.list,2026-09-14 19:16:36.451064+00:00
390957.com,AVAILABILITY,origin.list,2026-09-14 19:16:37.298691+00:00
390927.com,AVAILABILITY,origin.list,2026-09-14 19:16:38.144336+00:00
390931.com,AVAILABILITY,origin.list,2026-09-14 19:16:38.958042+00:00
390912.com,AVAILABILITY,origin.list,2026-09-14 19:16:39.816327+00:00
390935.com,AVAILABILITY,origin.list,2026-09-14 19:16:40.758816+00:00
390915.com,AVAILABILITY,origin.list,2026-09-14 19:16:41.753467+00:00
390937.com,AVAILABILITY,origin.list,2026-09-14 19:16:42.583510+00:00
36560033.com,AVAILABILITY,origin.list,2026-09-14 19:16:43.451222+00:00
390919.com,AVAILABILITY,origin.list,2026-09-14 19:16:44.293784+00:00
390958.com,AVAILABILITY,origin.list,2026-09-14 19:16:45.289139+00:00
521686.com,AVAILABILITY,origin.list,2026-09-14 19:16:46.139182+00:00
k-img.cmsvnw84.com,AVAILABILITY,origin.list,2026-09-14 19:16:47.054323+00:00
390970.com,AVAILABILITY,origin.list,2026-09-14 19:16:48.041311+00:00
390971.com,AVAILABILITY,origin.list,2026-09-14 19:16:48.927474+00:00
390959.com,AVAILABILITY,origin.list,2026-09-14 19:16:49.765490+00:00
390975.com,AVAILABILITY,origin.list,2026-09-14 19:16:50.675318+00:00
new8899.vip,AVAILABILITY,origin.list,2026-09-14 19:16:50.680529+00:00
ghiengame88.com,AVAILABILITY,origin.list,2026-09-14 19:16:51.610171+00:00
rycp085.com,AVAILABILITY,origin.list,2026-09-14 19:16:51.681029+00:00
tydldz.com,AVAILABILITY,origin.list,2026-09-14 19:16:52.547113+00:00
lmht88.com,AVAILABILITY,origin.list,2026-09-14 19:16:52.591084+00:00
390995.com,AVAILABILITY,origin.list,2026-09-14 19:16:53.502527+00:00
116602.com,AVAILABILITY,origin.list,2026-09-14 19:16:53.773471+00:00
118331e.com,AVAILABILITY,origin.list,2026-09-14 19:16:54.322645+00:00
123871c.com,AVAILABILITY,origin.list,2026-09-14 19:16:54.586737+00:00
131611c.com,AVAILABILITY,origin.list,2026-09-14 19:16:55.333863+00:00
7272004.com,AVAILABILITY,origin.list,2026-09-14 19:16:55.564562+00:00
8181375.com,AVAILABILITY,origin.list,2026-09-14 19:16:56.517064+00:00
19yb.net,AVAILABILITY,origin.list,2026-09-14 19:16:56.673323+00:00
985587.com,AVAILABILITY,origin.list,2026-09-14 19:16:57.522356+00:00
4384977.com,AVAILABILITY,origin.list,2026-09-14 19:16:57.527021+00:00
ff7774.com,AVAILABILITY,origin.list,2026-09-14 19:16:58.385768+00:00
d88software.com,AVAILABILITY,origin.list,2026-09-14 19:16:58.398231+00:00
fjili5.com,AVAILABILITY,origin.list,2026-09-14 19:16:59.382396+00:00
fjili6.com,AVAILABILITY,origin.list,2026-09-14 19:16:59.386809+00:00
sh16.co,AVAILABILITY,origin.list,2026-09-14 19:17:00.211190+00:00
okvipcj.com,AVAILABILITY,origin.list,2026-09-14 19:17:00.265412+00:00
8410555.com,AVAILABILITY,origin.list,2026-09-14 19:17:01.088701+00:00
vip88.click,AVAILABILITY,origin.list,2026-09-14 19:17:01.423220+00:00
8528s.com,AVAILABILITY,origin.list,2026-09-14 19:17:02.039633+00:00
8895ks.com,AVAILABILITY,origin.list,2026-09-14 19:17:02.382731+00:00
98498f.com,AVAILABILITY,origin.list,2026-09-14 19:17:03.216632+00:00
for883416.com,AVAILABILITY,origin.list,2026-09-14 19:17:03.225424+00:00
i9835.com,AVAILABILITY,origin.list,2026-09-14 19:17:04.170317+00:00
huimengly.com,AVAILABILITY,origin.list,2026-09-14 19:17:04.532448+00:00
ww88z.com,AVAILABILITY,origin.list,2026-09-14 19:17:05.154588+00:00
zx5266.com,AVAILABILITY,origin.list,2026-09-14 19:17:05.370176+00:00
zx5299.com,AVAILABILITY,origin.list,2026-09-14 19:17:06.397115+00:00
phbet77.bet,AVAILABILITY,origin.list,2026-09-14 19:17:06.498159+00:00
390972.com,AVAILABILITY,origin.list,2026-09-14 19:17:07.260022+00:00
zx6690.com,AVAILABILITY,origin.list,2026-09-14 19:17:07.443454+00:00
398733.com,AVAILABILITY,origin.list,2026-09-14 19:17:08.236151+00:00
39773666.com,AVAILABILITY,origin.list,2026-09-14 19:17:08.346180+00:00
128fun.com,AVAILABILITY,origin.list,2026-09-14 19:17:09.143106+00:00
39778555.com,AVAILABILITY,origin.list,2026-09-14 19:17:09.368938+00:00
399059.com,AVAILABILITY,origin.list,2026-09-14 19:17:10.115524+00:00
2059yy.com,AVAILABILITY,origin.list,2026-09-14 19:17:10.260779+00:00
399605.com,AVAILABILITY,origin.list,2026-09-14 19:17:11.124827+00:00
399601.com,AVAILABILITY,origin.list,2026-09-14 19:17:11.976436+00:00
399603.com,AVAILABILITY,origin.list,2026-09-14 19:17:13.244819+00:00
399805.com,AVAILABILITY,origin.list,2026-09-14 19:17:14.100807+00:00
399019.com,AVAILABILITY,origin.list,2026-09-14 19:17:14.928031+00:00
399602.com,AVAILABILITY,origin.list,2026-09-14 19:17:16.006528+00:00
3js5.net,AVAILABILITY,origin.list,2026-09-14 19:17:16.865181+00:00
qfscn.org,AVAILABILITY,origin.list,2026-09-14 19:17:18.779285+00:00
3js6.net,AVAILABILITY,origin.list,2026-09-14 19:17:19.786421+00:00
419750.com,AVAILABILITY,origin.list,2026-09-14 19:17:20.686425+00:00
9399v.com,AVAILABILITY,origin.list,2026-09-14 19:17:21.000145+00:00
4427009.com,AVAILABILITY,origin.list,2026-09-14 19:17:21.816636+00:00
4437001.com,AVAILABILITY,origin.list,2026-09-14 19:17:21.897228+00:00
38good88.com,AVAILABILITY,origin.list,2026-09-14 19:17:22.739660+00:00
390159.com,AVAILABILITY,origin.list,2026-09-14 19:17:22.756701+00:00
ku3968.com,AVAILABILITY,origin.list,2026-09-14 19:17:23.690613+00:00
390396.com,AVAILABILITY,origin.list,2026-09-14 19:17:23.735506+00:00
789017.com,AVAILABILITY,origin.list,2026-09-14 19:17:24.542352+00:00
168668.vip,AVAILABILITY,origin.list,2026-09-14 19:17:31.620378+00:00
enakbet.work,AVAILABILITY,origin.list,2026-09-14 19:17:38.525465+00:00
w158.vip,AVAILABILITY,origin.list,2026-09-14 19:17:49.438744+00:00
305y.vip,AVAILABILITY,origin.list,2026-09-14 20:47:25.034117+00:00
305k.vip,AVAILABILITY,origin.list,2026-09-14 20:47:30.792322+00:00
306kaiyun.vip,AVAILABILITY,origin.list,2026-09-14 20:47:36.338273+00:00
306y.vip,AVAILABILITY,origin.list,2026-09-14 20:47:45.851237+00:00
307kaiyun.vip,AVAILABILITY,origin.list,2026-09-14 20:47:47.688039+00:00
308y.vip,AVAILABILITY,origin.list,2026-09-14 20:48:22.366083+00:00
309k.vip,AVAILABILITY,origin.list,2026-09-14 20:48:25.133083+00:00
309y.vip,AVAILABILITY,origin.list,2026-09-14 20:48:29.295876+00:00
310y.vip,AVAILABILITY,origin.list,2026-09-14 20:48:41.915259+00:00
311y.vip,AVAILABILITY,origin.list,2026-09-14 20:48:42.569416+00:00
313kaiyun.vip,AVAILABILITY,origin.list,2026-09-14 20:48:54.139679+00:00
312y.vip,AVAILABILITY,origin.list,2026-09-14 20:48:55.393502+00:00
314y.vip,AVAILABILITY,origin.list,2026-09-14 20:49:15.767477+00:00
313y.vip,AVAILABILITY,origin.list,2026-09-14 20:49:16.162046+00:00
315y.vip,AVAILABILITY,origin.list,2026-09-14 20:49:33.322660+00:00
315kaiyun.vip,AVAILABILITY,origin.list,2026-09-14 20:49:36.996167+00:00
316y.vip,AVAILABILITY,origin.list,2026-09-14 20:49:49.346540+00:00
318kaiyun.vip,AVAILABILITY,origin.list,2026-09-14 20:50:09.120929+00:00
319y.vip,AVAILABILITY,origin.list,2026-09-14 20:50:29.078240+00:00
31winvn.club,AVAILABILITY,origin.list,2026-09-14 20:50:32.189112+00:00
318y.vip,AVAILABILITY,origin.list,2026-09-14 20:50:35.289326+00:00
320y.vip,AVAILABILITY,origin.list,2026-09-14 20:50:45.208548+00:00
322kaiyun.vip,AVAILABILITY,origin.list,2026-09-14 20:50:48.724877+00:00
323kaiyun.vip,AVAILABILITY,origin.list,2026-09-14 20:51:01.824865+00:00
323y.vip,AVAILABILITY,origin.list,2026-09-14 20:51:08.112129+00:00
324ky.vip,AVAILABILITY,origin.list,2026-09-14 20:51:11.935854+00:00
324kaiyun.vip,AVAILABILITY,origin.list,2026-09-14 20:51:16.031869+00:00
325y.vip,AVAILABILITY,origin.list,2026-09-14 20:51:35.115681+00:00
325kaiyun.vip,AVAILABILITY,origin.list,2026-09-14 20:51:37.411140+00:00
327y.vip,AVAILABILITY,origin.list,2026-09-14 20:51:53.816690+00:00
331y.vip,AVAILABILITY,origin.list,2026-09-14 20:52:00.301396+00:00
329y.vip,AVAILABILITY,origin.list,2026-09-14 20:52:05.043785+00:00
332kaiyun.vip,AVAILABILITY,origin.list,2026-09-14 20:52:25.351650+00:00
333123.vip,AVAILABILITY,origin.list,2026-09-14 20:52:29.200867+00:00
333kaiyun.vip,AVAILABILITY,origin.list,2026-09-14 20:52:49.920913+00:00
345pp.win,AVAILABILITY,origin.list,2026-09-14 20:52:54.007183+00:00
361br1.vip,AVAILABILITY,origin.list,2026-09-14 20:53:14.796929+00:00
37169.vip,AVAILABILITY,origin.list,2026-09-14 20:54:02.753152+00:00
50033.vip,AVAILABILITY,origin.list,2026-09-14 20:55:08.904684+00:00
58wns.vip,AVAILABILITY,origin.list,2026-09-14 20:55:50.266288+00:00
78854.vip,AVAILABILITY,origin.list,2026-09-14 20:57:07.271516+00:00
88nn123.club,AVAILABILITY,origin.list,2026-09-14 20:57:47.662220+00:00
8kbbb.vip,AVAILABILITY,origin.list,2026-09-14 20:58:06.064303+00:00
8keee.vip,AVAILABILITY,origin.list,2026-09-14 20:58:13.164993+00:00
8kjjj.vip,AVAILABILITY,origin.list,2026-09-14 20:58:22.139947+00:00
0393837.com,AVAILABILITY,origin.list,2026-09-14 21:36:32.428069+00:00
1789bet.com,AVAILABILITY,origin.list,2026-09-14 21:36:59.266307+00:00
461789.com,AVAILABILITY,origin.list,2026-09-14 21:37:22.312848+00:00
6686vn86.com,AVAILABILITY,origin.list,2026-09-14 21:37:23.085900+00:00
7136999.com,AVAILABILITY,origin.list,2026-09-14 21:37:23.850352+00:00
7218999.com,AVAILABILITY,origin.list,2026-09-14 21:37:24.635014+00:00
7291x.com,AVAILABILITY,origin.list,2026-09-14 21:37:25.340366+00:00
99yh777.com,AVAILABILITY,origin.list,2026-09-14 21:37:25.961221+00:00
ads1.thangto.one,AVAILABILITY,origin.list,2026-09-14 21:37:29.500221+00:00
ads2.thangto.one,AVAILABILITY,origin.list,2026-09-14 21:37:32.225560+00:00
ads3.thangto.one,AVAILABILITY,origin.list,2026-09-14 21:37:32.874443+00:00
ads4.thangto.one,AVAILABILITY,origin.list,2026-09-14 21:37:36.192615+00:00
hbc789.com,AVAILABILITY,origin.list,2026-09-14 21:37:36.882933+00:00
ads5.thangto.one,AVAILABILITY,origin.list,2026-09-14 21:37:37.427017+00:00
k7jili.com,AVAILABILITY,origin.list,2026-09-14 21:38:03.738583+00:00
media.1789bet.com,AVAILABILITY,origin.list,2026-09-14 21:38:04.654137+00:00
76c076.com,AVAILABILITY,origin.list,2026-09-14 21:38:05.529599+00:00
betway389.com,AVAILABILITY,origin.list,2026-09-14 21:38:06.228975+00:00
playiwin.site,AVAILABILITY,origin.list,2026-09-14 21:38:06.969897+00:00
q23023.com,AVAILABILITY,origin.list,2026-09-14 21:38:07.753280+00:00
tk88.store,AVAILABILITY,origin.list,2026-09-14 21:38:08.612022+00:00
sam86vip.pro,AVAILABILITY,origin.list,2026-09-14 21:38:08.700696+00:00
tk88a.com,AVAILABILITY,origin.list,2026-09-14 21:38:09.255515+00:00
tk88g.com,AVAILABILITY,origin.list,2026-09-14 21:38:09.720116+00:00
tk88i.com,AVAILABILITY,origin.list,2026-09-14 21:38:10.060542+00:00
tk88k.com,AVAILABILITY,origin.list,2026-09-14 21:38:10.548507+00:00
tk88m.com,AVAILABILITY,origin.list,2026-09-14 21:38:10.659732+00:00
w-sunwin.net,AVAILABILITY,origin.list,2026-09-14 21:38:11.275583+00:00
www.tk88.store,AVAILABILITY,origin.list,2026-09-14 21:38:11.309084+00:00
xin82.com,AVAILABILITY,origin.list,2026-09-14 21:38:12.102684+00:00
www.tk88g.com,AVAILABILITY,origin.list,2026-09-14 21:38:12.117848+00:00
fun88-r45.com,AVAILABILITY,origin.list,2026-09-14 21:38:12.893914+00:00
390237.com,AVAILABILITY,origin.list,2026-09-14 21:38:12.951813+00:00
12bopan.com,AVAILABILITY,origin.list,2026-09-14 21:38:13.505274+00:00
ku6968.com,AVAILABILITY,origin.list,2026-09-14 21:38:13.518679+00:00
jbofun22.com,AVAILABILITY,origin.list,2026-09-14 21:38:14.148929+00:00
12facai.com,AVAILABILITY,origin.list,2026-09-14 21:38:14.149261+00:00
fun8007.com,AVAILABILITY,origin.list,2026-09-14 21:38:14.813266+00:00
vip320.com,AVAILABILITY,origin.list,2026-09-14 21:38:14.820943+00:00
4438v.com,AVAILABILITY,origin.list,2026-09-14 21:38:15.428843+00:00
444035.com,AVAILABILITY,origin.list,2026-09-14 21:38:15.494188+00:00
4437002.com,AVAILABILITY,origin.list,2026-09-14 21:38:16.041756+00:00
45438g.com,AVAILABILITY,origin.list,2026-09-14 21:38:16.106057+00:00
45438i.com,AVAILABILITY,origin.list,2026-09-14 21:38:16.714310+00:00
45726.net,AVAILABILITY,origin.list,2026-09-14 21:38:16.743293+00:00
45109999.com,AVAILABILITY,origin.list,2026-09-14 21:38:17.336336+00:00
45438n.com,AVAILABILITY,origin.list,2026-09-14 21:38:17.403252+00:00
489998.com,AVAILABILITY,origin.list,2026-09-14 21:38:18.021309+00:00
45438w.com,AVAILABILITY,origin.list,2026-09-14 21:38:18.088205+00:00
4781t.com,AVAILABILITY,origin.list,2026-09-14 21:38:18.738562+00:00
www.jbo806.com,AVAILABILITY,origin.list,2026-09-14 21:38:19.277876+00:00
466640.com,AVAILABILITY,origin.list,2026-09-14 21:38:19.369019+00:00
9175t.com,AVAILABILITY,origin.list,2026-09-14 21:38:19.944292+00:00
aw8mantap.com,AVAILABILITY,origin.list,2026-09-14 21:38:19.966458+00:00
aw8boss.com,AVAILABILITY,origin.list,2026-09-14 21:38:20.666156+00:00
dazhi872ee.com,AVAILABILITY,origin.list,2026-09-14 21:38:20.698808+00:00
lx1688.com,AVAILABILITY,origin.list,2026-09-14 21:38:21.528275+00:00
goodauuu.com,AVAILABILITY,origin.list,2026-09-14 21:38:21.542598+00:00
4963008.com,AVAILABILITY,origin.list,2026-09-14 21:38:22.190702+00:00
4699888.com,AVAILABILITY,origin.list,2026-09-14 21:38:22.230088+00:00
4963010.com,AVAILABILITY,origin.list,2026-09-14 21:38:22.865446+00:00
496750.com,AVAILABILITY,origin.list,2026-09-14 21:38:23.483300+00:00
8kbet.gifts,AVAILABILITY,origin.list,2026-09-14 21:38:23.922204+00:00
242eee.com,AVAILABILITY,origin.list,2026-09-14 21:38:24.136224+00:00
50751e.com,AVAILABILITY,origin.list,2026-09-14 21:38:24.595178+00:00
52808010.com,AVAILABILITY,origin.list,2026-09-14 21:38:24.756107+00:00
52808004.com,AVAILABILITY,origin.list,2026-09-14 21:38:25.203854+00:00
52808007.com,AVAILABILITY,origin.list,2026-09-14 21:38:25.518149+00:00
52808006.com,AVAILABILITY,origin.list,2026-09-14 21:38:25.796581+00:00
5522yd.com,AVAILABILITY,origin.list,2026-09-14 21:38:26.266344+00:00
52808005.com,AVAILABILITY,origin.list,2026-09-14 21:38:26.443775+00:00
5496618.com,AVAILABILITY,origin.list,2026-09-14 21:38:26.851993+00:00
52808009.com,AVAILABILITY,origin.list,2026-09-14 21:38:27.041933+00:00
55772x.com,AVAILABILITY,origin.list,2026-09-14 21:38:27.476010+00:00
53566v.com,AVAILABILITY,origin.list,2026-09-14 21:38:27.795913+00:00
5596yqs.com,AVAILABILITY,origin.list,2026-09-14 21:38:28.060723+00:00
5558787.com,AVAILABILITY,origin.list,2026-09-14 21:38:28.426181+00:00
55kbet3a.cc,AVAILABILITY,origin.list,2026-09-14 21:38:28.781258+00:00
55kbet3o.cc,AVAILABILITY,origin.list,2026-09-14 21:38:29.115219+00:00
55kbet3i.cc,AVAILABILITY,origin.list,2026-09-14 21:38:29.447393+00:00
55kbet3e.cc,AVAILABILITY,origin.list,2026-09-14 21:38:29.681427+00:00
55kbet3p.cc,AVAILABILITY,origin.list,2026-09-14 21:38:30.063101+00:00
55kbet3r.cc,AVAILABILITY,origin.list,2026-09-14 21:38:30.282749+00:00
55kbet3n.cc,AVAILABILITY,origin.list,2026-09-14 21:38:30.640990+00:00
55kbet3y.cc,AVAILABILITY,origin.list,2026-09-14 21:38:30.904406+00:00
008i9.com,AVAILABILITY,origin.list,2026-09-14 21:38:31.242354+00:00
55kbet4w.cc,AVAILABILITY,origin.list,2026-09-14 21:38:31.482215+00:00
116658.com,AVAILABILITY,origin.list,2026-09-14 21:38:31.814868+00:00
188promo.com,AVAILABILITY,origin.list,2026-09-14 21:38:32.149765+00:00
2048302.com,AVAILABILITY,origin.list,2026-09-14 21:38:32.725522+00:00
889368.com,AVAILABILITY,origin.list,2026-09-14 21:38:33.426887+00:00
188hg.bet,AVAILABILITY,origin.list,2026-09-14 21:38:33.825387+00:00
895cp6.com,AVAILABILITY,origin.list,2026-09-14 21:38:34.105345+00:00
az.kucdn.net,AVAILABILITY,origin.list,2026-09-14 21:38:34.541457+00:00
hi2999.com,AVAILABILITY,origin.list,2026-09-14 21:38:34.742509+00:00
kucdn.net,AVAILABILITY,origin.list,2026-09-14 21:38:35.234077+00:00
m.red88.com,AVAILABILITY,origin.list,2026-09-14 21:38:36.091542+00:00
tk88q.com,AVAILABILITY,origin.list,2026-09-14 21:38:36.681223+00:00
vx88.bet,AVAILABILITY,origin.list,2026-09-14 21:38:39.035390+00:00
hnhqy.cn,AVAILABILITY,origin.list,2026-09-14 21:38:39.146133+00:00
wjmyr.com,AVAILABILITY,origin.list,2026-09-14 21:38:39.696016+00:00
55kbet3q.cc,AVAILABILITY,origin.list,2026-09-14 21:38:39.788756+00:00
55kbet3t.cc,AVAILABILITY,origin.list,2026-09-14 21:38:40.323415+00:00
5604k.com,AVAILABILITY,origin.list,2026-09-14 21:38:40.443933+00:00
55kbet3u.cc,AVAILABILITY,origin.list,2026-09-14 21:38:40.930507+00:00
5604hk.com,AVAILABILITY,origin.list,2026-09-14 21:38:41.102008+00:00
5604g.com,AVAILABILITY,origin.list,2026-09-14 21:38:41.595742+00:00
55kbet3x.cc,AVAILABILITY,origin.list,2026-09-14 21:38:41.811599+00:00
55kbet3w.cc,AVAILABILITY,origin.list,2026-09-14 21:38:42.211459+00:00
37585222.com,AVAILABILITY,origin.list,2026-09-14 21:38:42.437833+00:00
786967.com,AVAILABILITY,origin.list,2026-09-14 21:38:43.199403+00:00
5604r.com,AVAILABILITY,origin.list,2026-09-14 21:38:43.852852+00:00
587192.com,AVAILABILITY,origin.list,2026-09-14 21:38:44.608250+00:00
5668y.com,AVAILABILITY,origin.list,2026-09-14 21:38:45.259045+00:00
580565.com,AVAILABILITY,origin.list,2026-09-14 21:38:45.835412+00:00
5675s.com,AVAILABILITY,origin.list,2026-09-14 21:38:46.420388+00:00
98196.cn,AVAILABILITY,origin.list,2026-09-14 21:38:46.463513+00:00
587293.com,AVAILABILITY,origin.list,2026-09-14 21:38:47.089607+00:00
5898comapp-one.com,AVAILABILITY,origin.list,2026-09-14 21:38:47.112241+00:00
5877sf.com,AVAILABILITY,origin.list,2026-09-14 21:38:47.667899+00:00
5h6n.com,AVAILABILITY,origin.list,2026-09-14 21:38:47.762037+00:00
588fffj.com,AVAILABILITY,origin.list,2026-09-14 21:38:48.300487+00:00
587203.com,AVAILABILITY,origin.list,2026-09-14 21:38:48.344379+00:00
58hg1.com,AVAILABILITY,origin.list,2026-09-14 21:38:48.920122+00:00
1137777.com,AVAILABILITY,origin.list,2026-09-14 21:38:48.953742+00:00
funsports.app,AVAILABILITY,origin.list,2026-09-14 21:38:49.518899+00:00
598083.com,AVAILABILITY,origin.list,2026-09-14 21:38:49.589437+00:00
615509.com,AVAILABILITY,origin.list,2026-09-14 21:38:50.132297+00:00
3618h.com,AVAILABILITY,origin.list,2026-09-14 21:38:50.235544+00:00
6176b.com,AVAILABILITY,origin.list,2026-09-14 21:38:50.786365+00:00
6210j.com,AVAILABILITY,origin.list,2026-09-14 21:38:50.895286+00:00
45809999.com,AVAILABILITY,origin.list,2026-09-14 21:38:51.445819+00:00
067855.com,AVAILABILITY,origin.list,2026-09-14 21:38:51.560826+00:00
629dzp1.com,AVAILABILITY,origin.list,2026-09-14 21:38:52.099310+00:00
62232025.com,AVAILABILITY,origin.list,2026-09-14 21:38:52.214902+00:00
629dzp3.com,AVAILABILITY,origin.list,2026-09-14 21:39:17.659795+00:00
shviet0.com,AVAILABILITY,origin.list,2026-09-14 21:39:30.497597+00:00
62232024.com,AVAILABILITY,origin.list,2026-09-14 21:39:31.079568+00:00
33y03.com,AVAILABILITY,origin.list,2026-09-14 21:39:36.064549+00:00
9499488.net,AVAILABILITY,origin.list,2026-09-14 21:39:55.693756+00:00
lucky788.com,AVAILABILITY,origin.list,2026-09-14 21:40:00.409393+00:00
654571.com,AVAILABILITY,origin.list,2026-09-14 21:40:12.419192+00:00
629dzp4.com,AVAILABILITY,origin.list,2026-09-14 21:55:52.772886+00:00
653536.com,AVAILABILITY,origin.list,2026-09-14 21:55:52.870322+00:00
629dzp7.com,AVAILABILITY,origin.list,2026-09-14 21:55:53.450643+00:00
go6665.com,AVAILABILITY,origin.list,2026-09-14 21:55:53.528889+00:00
653804.com,AVAILABILITY,origin.list,2026-09-14 21:55:54.276456+00:00
658582.com,AVAILABILITY,origin.list,2026-09-14 21:55:54.282376+00:00
6601888.com,AVAILABILITY,origin.list,2026-09-14 21:55:55.056118+00:00
6665621.com,AVAILABILITY,origin.list,2026-09-14 21:55:55.066838+00:00
667319.com,AVAILABILITY,origin.list,2026-09-14 21:55:55.744316+00:00
66666hd.com,AVAILABILITY,origin.list,2026-09-14 21:55:55.766498+00:00
667192.com,AVAILABILITY,origin.list,2026-09-14 21:55:56.403230+00:00
667278.com,AVAILABILITY,origin.list,2026-09-14 21:55:56.489454+00:00
6812167.com,AVAILABILITY,origin.list,2026-09-14 21:55:57.193421+00:00
6686h1.app,AVAILABILITY,origin.list,2026-09-14 21:55:57.214437+00:00
6686.team,AVAILABILITY,origin.list,2026-09-14 21:55:58.103884+00:00
685486.com,AVAILABILITY,origin.list,2026-09-14 21:55:58.796469+00:00
6686.marketing,AVAILABILITY,origin.list,2026-09-14 21:55:59.649933+00:00
68gb2025.com,AVAILABILITY,origin.list,2026-09-14 21:56:00.260792+00:00
677647.com,AVAILABILITY,origin.list,2026-09-14 21:56:00.984280+00:00
696df.com,AVAILABILITY,origin.list,2026-09-14 21:56:01.750499+00:00
6967671.com,AVAILABILITY,origin.list,2026-09-14 21:56:02.357388+00:00
4234.info,AVAILABILITY,origin.list,2026-09-14 21:56:04.974835+00:00
68lottery1.com,AVAILABILITY,origin.list,2026-09-14 21:56:06.002237+00:00
mix79.vip,AVAILABILITY,origin.list,2026-09-14 21:56:16.990896+00:00
ks9936.com,AVAILABILITY,origin.list,2026-09-14 21:56:17.479679+00:00
693fun.com,AVAILABILITY,origin.list,2026-09-14 21:56:17.709807+00:00
69866d.com,AVAILABILITY,origin.list,2026-09-14 21:56:18.265899+00:00
697799b.com,AVAILABILITY,origin.list,2026-09-14 21:56:18.357821+00:00
69866c.com,AVAILABILITY,origin.list,2026-09-14 21:56:18.948858+00:00
bola1xbet.com,AVAILABILITY,origin.list,2026-09-14 21:56:19.029416+00:00
69866f.com,AVAILABILITY,origin.list,2026-09-14 21:56:19.636947+00:00
69866g.com,AVAILABILITY,origin.list,2026-09-14 21:56:19.794184+00:00
69866a.com,AVAILABILITY,origin.list,2026-09-14 21:56:20.398911+00:00
6686.city,AVAILABILITY,origin.list,2026-09-14 21:56:21.313932+00:00
45244.wang,AVAILABILITY,origin.list,2026-09-14 21:56:21.708928+00:00
69866k.com,AVAILABILITY,origin.list,2026-09-14 21:56:21.976838+00:00
69866n.com,AVAILABILITY,origin.list,2026-09-14 21:56:22.401252+00:00
69866j.com,AVAILABILITY,origin.list,2026-09-14 21:56:22.737315+00:00
69866h.com,AVAILABILITY,origin.list,2026-09-14 21:56:23.114370+00:00
69866m.com,AVAILABILITY,origin.list,2026-09-14 21:56:23.403523+00:00
69866u.com,AVAILABILITY,origin.list,2026-09-14 21:56:23.699396+00:00
69866q.com,AVAILABILITY,origin.list,2026-09-14 21:56:24.458657+00:00
69866r.com,AVAILABILITY,origin.list,2026-09-14 21:56:25.210062+00:00
69866s.com,AVAILABILITY,origin.list,2026-09-14 21:56:25.880662+00:00
69866v.com,AVAILABILITY,origin.list,2026-09-14 21:56:26.473296+00:00
69866z.com,AVAILABILITY,origin.list,2026-09-14 21:56:27.238899+00:00
5004bb.com,AVAILABILITY,origin.list,2026-09-14 21:56:27.503368+00:00
6h667.com,AVAILABILITY,origin.list,2026-09-14 21:56:27.934561+00:00
69866p.com,AVAILABILITY,origin.list,2026-09-14 21:56:28.156752+00:00
69866t.com,AVAILABILITY,origin.list,2026-09-14 21:56:28.613335+00:00
705164.com,AVAILABILITY,origin.list,2026-09-14 21:56:28.828036+00:00
6h692.com,AVAILABILITY,origin.list,2026-09-14 21:56:29.476959+00:00
69866x.com,AVAILABILITY,origin.list,2026-09-14 21:56:30.080481+00:00
onbet.men,AVAILABILITY,origin.list,2026-09-14 21:56:31.145607+00:00
6h665.com,AVAILABILITY,origin.list,2026-09-14 21:56:31.828052+00:00
69866y.com,AVAILABILITY,origin.list,2026-09-14 21:56:32.518823+00:00
50047733.com,AVAILABILITY,origin.list,2026-09-14 21:56:32.745079+00:00
7272691.com,AVAILABILITY,origin.list,2026-09-14 21:56:33.433488+00:00
7272684.com,AVAILABILITY,origin.list,2026-09-14 21:56:34.070067+00:00
6ssvip.com,AVAILABILITY,origin.list,2026-09-14 21:56:34.838257+00:00
6h693.com,AVAILABILITY,origin.list,2026-09-14 21:56:35.542496+00:00
71s3vpbtds.com,AVAILABILITY,origin.list,2026-09-14 21:56:36.109672+00:00
73671177.com,AVAILABILITY,origin.list,2026-09-14 21:56:36.817281+00:00
7293t.com,AVAILABILITY,origin.list,2026-09-14 21:56:37.480940+00:00
5467.info,AVAILABILITY,origin.list,2026-09-14 21:56:37.859595+00:00
7338002.com,AVAILABILITY,origin.list,2026-09-14 21:56:38.153419+00:00
7361t.com,AVAILABILITY,origin.list,2026-09-14 21:56:38.533593+00:00
7776060.com,AVAILABILITY,origin.list,2026-09-14 21:56:38.770659+00:00
756576.com,AVAILABILITY,origin.list,2026-09-14 21:56:39.172819+00:00
dd365j.net,AVAILABILITY,origin.list,2026-09-14 21:56:39.411066+00:00
769548.com,AVAILABILITY,origin.list,2026-09-14 21:56:39.846032+00:00
7889700.com,AVAILABILITY,origin.list,2026-09-14 21:56:40.222310+00:00
745561.com,AVAILABILITY,origin.list,2026-09-14 21:56:40.509524+00:00
778833333.com,AVAILABILITY,origin.list,2026-09-14 21:56:40.852435+00:00
7944n.com,AVAILABILITY,origin.list,2026-09-14 21:56:41.168961+00:00
789953.com,AVAILABILITY,origin.list,2026-09-14 21:56:41.488729+00:00
80250p.com,AVAILABILITY,origin.list,2026-09-14 21:56:41.844106+00:00
80250x.com,AVAILABILITY,origin.list,2026-09-14 21:56:42.107938+00:00
79426c.com,AVAILABILITY,origin.list,2026-09-14 21:56:42.483645+00:00
813628.com,AVAILABILITY,origin.list,2026-09-14 21:56:42.723831+00:00
7mss.com.co,AVAILABILITY,origin.list,2026-09-14 21:56:43.145772+00:00
81866mm.com,AVAILABILITY,origin.list,2026-09-14 21:56:43.300476+00:00
81y38.com,AVAILABILITY,origin.list,2026-09-14 21:56:43.782485+00:00
8207c.net,AVAILABILITY,origin.list,2026-09-14 21:56:43.941645+00:00
8236mm.com,AVAILABILITY,origin.list,2026-09-14 21:56:44.450647+00:00
820156.com,AVAILABILITY,origin.list,2026-09-14 21:56:44.539274+00:00
8236pp.com,AVAILABILITY,origin.list,2026-09-14 21:56:45.131789+00:00
821159.com,AVAILABILITY,origin.list,2026-09-14 21:56:45.154067+00:00
8236rr.com,AVAILABILITY,origin.list,2026-09-14 21:56:45.721120+00:00
8236oo.com,AVAILABILITY,origin.list,2026-09-14 21:56:45.787647+00:00
8236ll.com,AVAILABILITY,origin.list,2026-09-14 21:56:46.335187+00:00
8236qq.com,AVAILABILITY,origin.list,2026-09-14 21:56:46.949203+00:00
8236yy.com,AVAILABILITY,origin.list,2026-09-14 21:56:47.638644+00:00
8236tt.com,AVAILABILITY,origin.list,2026-09-14 21:56:48.701692+00:00
8236nn.com,AVAILABILITY,origin.list,2026-09-14 21:56:49.296576+00:00
8236ww.com,AVAILABILITY,origin.list,2026-09-14 21:56:49.911085+00:00
8236vv.com,AVAILABILITY,origin.list,2026-09-14 21:56:50.591332+00:00
8236uu.com,AVAILABILITY,origin.list,2026-09-14 21:56:51.187226+00:00
8236ss.com,AVAILABILITY,origin.list,2026-09-14 21:56:51.788195+00:00
8236xx.com,AVAILABILITY,origin.list,2026-09-14 21:56:52.368236+00:00
2544app.vip,AVAILABILITY,origin.list,2026-09-14 21:56:52.628572+00:00
8287uu.com,AVAILABILITY,origin.list,2026-09-14 21:56:53.234266+00:00
w365win.win,AVAILABILITY,origin.list,2026-09-14 21:56:53.986421+00:00
842204.com,AVAILABILITY,origin.list,2026-09-14 21:56:54.633183+00:00
45879.org,AVAILABILITY,origin.list,2026-09-14 21:56:55.285353+00:00
827667.com,AVAILABILITY,origin.list,2026-09-14 21:56:55.941507+00:00
789bettb.top,AVAILABILITY,origin.list,2026-09-14 21:56:56.379407+00:00
852092.com,AVAILABILITY,origin.list,2026-09-14 21:56:56.606511+00:00
8404555.com,AVAILABILITY,origin.list,2026-09-14 21:56:57.042690+00:00
836595x.com,AVAILABILITY,origin.list,2026-09-14 21:56:57.250241+00:00
852179.com,AVAILABILITY,origin.list,2026-09-14 21:56:57.708874+00:00
844655.com,AVAILABILITY,origin.list,2026-09-14 21:56:58.001857+00:00
8588003.com,AVAILABILITY,origin.list,2026-09-14 21:56:58.611211+00:00
8588002.com,AVAILABILITY,origin.list,2026-09-14 21:56:59.276615+00:00
857009.com,AVAILABILITY,origin.list,2026-09-14 21:57:00.067890+00:00
8588006.com,AVAILABILITY,origin.list,2026-09-14 21:57:00.732449+00:00
8588004.com,AVAILABILITY,origin.list,2026-09-14 21:57:01.430556+00:00
8588008.com,AVAILABILITY,origin.list,2026-09-14 21:57:02.040146+00:00
vb777.ltd,AVAILABILITY,origin.list,2026-09-14 21:57:03.345937+00:00
8588009.com,AVAILABILITY,origin.list,2026-09-14 21:57:04.003276+00:00
8588007.com,AVAILABILITY,origin.list,2026-09-14 21:57:04.617912+00:00
87k4.com,AVAILABILITY,origin.list,2026-09-14 21:57:05.378820+00:00
8640555.com,AVAILABILITY,origin.list,2026-09-14 21:57:05.988373+00:00
882489.com,AVAILABILITY,origin.list,2026-09-14 21:57:06.593770+00:00
863866.com,AVAILABILITY,origin.list,2026-09-14 21:57:07.247071+00:00
882736.com,AVAILABILITY,origin.list,2026-09-14 21:57:07.888116+00:00
13945.org,AVAILABILITY,origin.list,2026-09-14 21:57:11.243233+00:00
8801699.com,AVAILABILITY,origin.list,2026-09-14 21:57:11.897989+00:00
8889368.com,AVAILABILITY,origin.list,2026-09-14 21:57:12.508512+00:00
88932.net,AVAILABILITY,origin.list,2026-09-14 21:57:13.171454+00:00
8953355.com,AVAILABILITY,origin.list,2026-09-14 21:57:13.793815+00:00
520442.cn,AVAILABILITY,origin.list,2026-09-14 21:57:18.771367+00:00
hg202301.vip,AVAILABILITY,origin.list,2026-09-14 21:57:24.458089+00:00
8888282.com,AVAILABILITY,origin.list,2026-09-14 21:57:25.108494+00:00
62092.org,AVAILABILITY,origin.list,2026-09-14 21:57:25.736725+00:00
88855xpj.com,AVAILABILITY,origin.list,2026-09-14 21:57:25.774011+00:00
88937.net,AVAILABILITY,origin.list,2026-09-14 21:57:26.385383+00:00
88935.net,AVAILABILITY,origin.list,2026-09-14 21:57:26.399927+00:00
8955533.com,AVAILABILITY,origin.list,2026-09-14 21:57:26.984934+00:00
9056t.com,AVAILABILITY,origin.list,2026-09-14 21:57:27.034990+00:00
8fud3j.com,AVAILABILITY,origin.list,2026-09-14 21:57:27.682926+00:00
53943.org,AVAILABILITY,origin.list,2026-09-14 21:57:28.239680+00:00
8953399.com,AVAILABILITY,origin.list,2026-09-14 21:57:28.849866+00:00
18233v.com,AVAILABILITY,origin.list,2026-09-14 21:57:29.521420+00:00
663666.org,AVAILABILITY,origin.list,2026-09-14 21:57:29.713225+00:00
22276v.com,AVAILABILITY,origin.list,2026-09-14 21:57:30.128457+00:00
33328v.com,AVAILABILITY,origin.list,2026-09-14 21:57:30.347022+00:00
33359v.com,AVAILABILITY,origin.list,2026-09-14 21:57:30.748959+00:00
55811v.com,AVAILABILITY,origin.list,2026-09-14 21:57:31.049209+00:00
909cpwap4.com,AVAILABILITY,origin.list,2026-09-14 21:57:31.360335+00:00
909cpnet4.com,AVAILABILITY,origin.list,2026-09-14 21:57:31.736464+00:00
909qpa8.com,AVAILABILITY,origin.list,2026-09-14 21:57:32.056578+00:00
91d18.com,AVAILABILITY,origin.list,2026-09-14 21:57:32.374016+00:00
93111v.com,AVAILABILITY,origin.list,2026-09-14 21:57:32.741592+00:00
91468d.com,AVAILABILITY,origin.list,2026-09-14 21:57:32.965595+00:00
91d16.com,AVAILABILITY,origin.list,2026-09-14 21:57:33.454346+00:00
9173t.com,AVAILABILITY,origin.list,2026-09-14 21:57:33.526548+00:00
91d69.com,AVAILABILITY,origin.list,2026-09-14 21:57:34.116459+00:00
93485.net,AVAILABILITY,origin.list,2026-09-14 21:57:34.192132+00:00
91d99.com,AVAILABILITY,origin.list,2026-09-14 21:57:34.709198+00:00
9333401.com,AVAILABILITY,origin.list,2026-09-14 21:57:34.891827+00:00
9500qian.com,AVAILABILITY,origin.list,2026-09-14 21:57:35.332564+00:00
928719.com,AVAILABILITY,origin.list,2026-09-14 21:57:35.483593+00:00
9490555.com,AVAILABILITY,origin.list,2026-09-14 21:57:36.002929+00:00
9500yao.com,AVAILABILITY,origin.list,2026-09-14 21:57:36.617745+00:00
9500zajindan.com,AVAILABILITY,origin.list,2026-09-14 21:57:37.220248+00:00
978bet57.com,AVAILABILITY,origin.list,2026-09-14 21:57:37.869789+00:00
s2383.com,AVAILABILITY,origin.list,2026-09-14 21:57:38.529907+00:00
app-9778.com,AVAILABILITY,origin.list,2026-09-14 21:57:39.207765+00:00
90010.asia,AVAILABILITY,origin.list,2026-09-14 21:57:40.280108+00:00
9679n.com,AVAILABILITY,origin.list,2026-09-14 21:57:40.903824+00:00
9606vn.com,AVAILABILITY,origin.list,2026-09-14 21:57:41.559252+00:00
96328.net,AVAILABILITY,origin.list,2026-09-14 21:57:42.237629+00:00
77117.org,AVAILABILITY,origin.list,2026-09-14 21:57:42.453989+00:00
90012.asia,AVAILABILITY,origin.list,2026-09-14 21:57:47.348653+00:00
90019.asia,AVAILABILITY,origin.list,2026-09-14 21:57:47.586793+00:00
978bet59.com,AVAILABILITY,origin.list,2026-09-14 21:57:48.006583+00:00
978bet60.com,AVAILABILITY,origin.list,2026-09-14 21:57:48.207787+00:00
978bet58.com,AVAILABILITY,origin.list,2026-09-14 21:57:48.660107+00:00
978bet61.com,AVAILABILITY,origin.list,2026-09-14 21:57:48.886646+00:00
19998831.com,AVAILABILITY,origin.list,2026-09-14 21:57:49.258579+00:00
90025.asia,AVAILABILITY,origin.list,2026-09-14 21:57:50.903836+00:00
75047.org,AVAILABILITY,origin.list,2026-09-14 21:57:53.800433+00:00
5596lts.com,AVAILABILITY,origin.list,2026-09-14 21:57:54.494948+00:00
11xxpp.cn,AVAILABILITY,origin.list,2026-09-14 21:57:55.564519+00:00
978bet62.com,AVAILABILITY,origin.list,2026-09-14 21:57:56.281003+00:00
9565t.com,AVAILABILITY,origin.list,2026-09-14 21:57:56.917441+00:00
978bet63.com,AVAILABILITY,origin.list,2026-09-14 21:57:57.584750+00:00
978bet65.com,AVAILABILITY,origin.list,2026-09-14 21:57:58.224772+00:00
967.mba,AVAILABILITY,origin.list,2026-09-14 21:57:59.798994+00:00
978bet64.com,AVAILABILITY,origin.list,2026-09-14 21:58:00.458754+00:00
978bet68.com,AVAILABILITY,origin.list,2026-09-14 21:58:01.137391+00:00
978bet67.com,AVAILABILITY,origin.list,2026-09-14 21:58:01.735737+00:00
ks8778.com,AVAILABILITY,origin.list,2026-09-14 21:58:13.193790+00:00
90018.asia,AVAILABILITY,origin.list,2026-09-14 21:58:16.155068+00:00
82298.org,AVAILABILITY,origin.list,2026-09-14 21:58:18.083485+00:00
18623.org,AVAILABILITY,origin.list,2026-09-14 21:58:21.151726+00:00
978teddy.com,AVAILABILITY,origin.list,2026-09-14 21:58:21.745792+00:00
978bet69.com,AVAILABILITY,origin.list,2026-09-14 21:58:22.359582+00:00
978bet70.com,AVAILABILITY,origin.list,2026-09-14 21:58:22.921334+00:00
9838a5.com,AVAILABILITY,origin.list,2026-09-14 21:58:23.610356+00:00
bw1877.com,AVAILABILITY,origin.list,2026-09-14 21:58:24.263575+00:00
bw1876.com,AVAILABILITY,origin.list,2026-09-14 21:58:24.963217+00:00
h1298.com,AVAILABILITY,origin.list,2026-09-14 21:58:25.613148+00:00
86889.com,AVAILABILITY,origin.list,2026-09-14 21:58:26.809290+00:00
feifanzhenren.com,AVAILABILITY,origin.list,2026-09-14 21:58:27.497929+00:00
jingbojingwuzhijing.com,AVAILABILITY,origin.list,2026-09-14 21:58:28.196658+00:00
h1085.com,AVAILABILITY,origin.list,2026-09-14 21:58:28.802497+00:00
jbofeifantiyu.com,AVAILABILITY,origin.list,2026-09-14 21:58:29.426615+00:00
wow88heng.com,AVAILABILITY,origin.list,2026-09-14 21:58:29.609276+00:00
h1300.com,AVAILABILITY,origin.list,2026-09-14 21:58:30.059315+00:00
jinzaibiweb.com,AVAILABILITY,origin.list,2026-09-14 21:58:30.277191+00:00
jingboqipai.com,AVAILABILITY,origin.list,2026-09-14 21:58:30.807096+00:00
jingbozhenren.com,AVAILABILITY,origin.list,2026-09-14 21:58:31.437827+00:00
jingbozuihaowan.com,AVAILABILITY,origin.list,2026-09-14 21:58:32.091174+00:00
letiantangniuka.com,AVAILABILITY,origin.list,2026-09-14 21:58:32.670363+00:00
sodo765.tokyo,AVAILABILITY,origin.list,2026-09-14 21:58:33.127473+00:00
lezaimengfeixiang.com,AVAILABILITY,origin.list,2026-09-14 21:58:33.358429+00:00
yingchaoletiantang.com,AVAILABILITY,origin.list,2026-09-14 21:58:34.043613+00:00
letiantangreci.com,AVAILABILITY,origin.list,2026-09-14 21:58:34.601788+00:00
zuqiujingbo.com,AVAILABILITY,origin.list,2026-09-14 21:58:35.268100+00:00
worldcup8888.com,AVAILABILITY,origin.list,2026-09-14 21:58:35.878239+00:00
98389838.com,AVAILABILITY,origin.list,2026-09-14 21:58:36.500398+00:00
nbajingbo.com,AVAILABILITY,origin.list,2026-09-14 21:58:37.159167+00:00
wow88jio.com,AVAILABILITY,origin.list,2026-09-14 21:58:44.582515+00:00
9838a7.com,AVAILABILITY,origin.list,2026-09-14 21:58:45.179932+00:00
9838a4.com,AVAILABILITY,origin.list,2026-09-14 21:58:45.811296+00:00
9838a6.com,AVAILABILITY,origin.list,2026-09-14 21:58:46.428941+00:00
9838yhnsdfsdfff.com,AVAILABILITY,origin.list,2026-09-14 21:58:47.094324+00:00
9838ourqazuuukfff.com,AVAILABILITY,origin.list,2026-09-14 21:58:47.756976+00:00
744986.com,AVAILABILITY,origin.list,2026-09-14 21:58:48.357393+00:00
wow88play.com,AVAILABILITY,origin.list,2026-09-14 21:58:48.642074+00:00
999.vnbongvip.com,AVAILABILITY,origin.list,2026-09-14 21:58:49.010312+00:00
986942.com,AVAILABILITY,origin.list,2026-09-14 21:58:49.315442+00:00
784986.com,AVAILABILITY,origin.list,2026-09-14 21:58:49.618926+00:00
986795.com,AVAILABILITY,origin.list,2026-09-14 21:58:50.227794+00:00
827986.com,AVAILABILITY,origin.list,2026-09-14 21:58:50.876966+00:00
992067.com,AVAILABILITY,origin.list,2026-09-14 21:58:51.521622+00:00
90023.asia,AVAILABILITY,origin.list,2026-09-14 21:58:52.679495+00:00
77ag.cn,AVAILABILITY,origin.list,2026-09-14 21:58:57.190739+00:00
90027.asia,AVAILABILITY,origin.list,2026-09-14 21:58:57.688411+00:00
9990101.com,AVAILABILITY,origin.list,2026-09-14 21:58:57.783678+00:00
46322a.com,AVAILABILITY,origin.list,2026-09-14 21:58:58.276962+00:00
k822222.net,AVAILABILITY,origin.list,2026-09-14 21:58:58.387222+00:00
9909900f.com,AVAILABILITY,origin.list,2026-09-14 21:58:58.902063+00:00
9k226.com,AVAILABILITY,origin.list,2026-09-14 21:58:59.033454+00:00
9k298.com,AVAILABILITY,origin.list,2026-09-14 21:58:59.540797+00:00
9k236.com,AVAILABILITY,origin.list,2026-09-14 21:58:59.708157+00:00
aahrzr.com,AVAILABILITY,origin.list,2026-09-14 21:59:00.243950+00:00
9uu1177.com,AVAILABILITY,origin.list,2026-09-14 21:59:00.370144+00:00
9998111.com,AVAILABILITY,origin.list,2026-09-14 21:59:00.997113+00:00
aatifx.com,AVAILABILITY,origin.list,2026-09-14 21:59:01.622490+00:00
panal.bet,AVAILABILITY,origin.list,2026-09-14 21:59:03.450949+00:00
aa66111.com,AVAILABILITY,origin.list,2026-09-14 21:59:04.154146+00:00
abc12344.com,AVAILABILITY,origin.list,2026-09-14 21:59:04.823461+00:00
aaz34.com,AVAILABILITY,origin.list,2026-09-14 21:59:05.554028+00:00
aayxbm.com,AVAILABILITY,origin.list,2026-09-14 21:59:06.281068+00:00
5878003.com,AVAILABILITY,origin.list,2026-09-14 21:59:06.916424+00:00
aa04322.com,AVAILABILITY,origin.list,2026-09-14 21:59:07.576116+00:00
maxjili8.com,AVAILABILITY,origin.list,2026-09-14 21:59:08.197256+00:00
ang34.com,AVAILABILITY,origin.list,2026-09-14 21:59:08.867074+00:00
5878002.com,AVAILABILITY,origin.list,2026-09-14 21:59:09.506363+00:00
ad.gem88.win,AVAILABILITY,origin.list,2026-09-14 21:59:10.230767+00:00
amxzq.com,AVAILABILITY,origin.list,2026-09-14 21:59:10.899329+00:00
ang46.com,AVAILABILITY,origin.list,2026-09-14 21:59:11.568955+00:00
wow88ong.com,AVAILABILITY,origin.list,2026-09-14 21:59:11.689169+00:00
ai262fun.com,AVAILABILITY,origin.list,2026-09-14 21:59:12.187286+00:00
maxjili2.com,AVAILABILITY,origin.list,2026-09-14 21:59:12.402945+00:00
ang48.com,AVAILABILITY,origin.list,2026-09-14 21:59:12.795843+00:00
ag.ss653.net,AVAILABILITY,origin.list,2026-09-14 21:59:13.086717+00:00
ang52.com,AVAILABILITY,origin.list,2026-09-14 21:59:13.480787+00:00
ang83.com,AVAILABILITY,origin.list,2026-09-14 21:59:13.755063+00:00
ang62.com,AVAILABILITY,origin.list,2026-09-14 21:59:14.147642+00:00
ang65.com,AVAILABILITY,origin.list,2026-09-14 21:59:14.404109+00:00
ang85.com,AVAILABILITY,origin.list,2026-09-14 21:59:14.820962+00:00
ap109.vn1bongvip.com,AVAILABILITY,origin.list,2026-09-14 21:59:15.013469+00:00
ang59.com,AVAILABILITY,origin.list,2026-09-14 21:59:15.447929+00:00
ang53.com,AVAILABILITY,origin.list,2026-09-14 21:59:15.737958+00:00
ang79.com,AVAILABILITY,origin.list,2026-09-14 21:59:16.107617+00:00
api.chn06012024.com,AVAILABILITY,origin.list,2026-09-14 21:59:16.327664+00:00
aw8gacor4.com,AVAILABILITY,origin.list,2026-09-14 21:59:16.671248+00:00
aomen7900.com,AVAILABILITY,origin.list,2026-09-14 21:59:16.985363+00:00
api.33beta.com,AVAILABILITY,origin.list,2026-09-14 21:59:17.323949+00:00
appstorehuvip.com,AVAILABILITY,origin.list,2026-09-14 21:59:17.611409+00:00
aw8vn8.com,AVAILABILITY,origin.list,2026-09-14 21:59:17.904773+00:00
b4.won88.win,AVAILABILITY,origin.list,2026-09-14 21:59:18.638552+00:00
api.dr88dr88.com,AVAILABILITY,origin.list,2026-09-14 21:59:18.734367+00:00
bc8839.com,AVAILABILITY,origin.list,2026-09-14 21:59:19.281704+00:00
aw8gacor1.com,AVAILABILITY,origin.list,2026-09-14 21:59:19.387456+00:00
093977.com,AVAILABILITY,origin.list,2026-09-14 21:59:19.960464+00:00
1285222.com,AVAILABILITY,origin.list,2026-09-14 21:59:20.015869+00:00
15yyhh.com,AVAILABILITY,origin.list,2026-09-14 21:59:20.643403+00:00
1519890.com,AVAILABILITY,origin.list,2026-09-14 21:59:20.686328+00:00
17yyhh.com,AVAILABILITY,origin.list,2026-09-14 21:59:21.343584+00:00
6731318.com,AVAILABILITY,origin.list,2026-09-14 21:59:21.350720+00:00
6731324.com,AVAILABILITY,origin.list,2026-09-14 21:59:21.972556+00:00
scspst.cn,AVAILABILITY,origin.list,2026-09-14 21:59:25.726334+00:00
6731303.com,AVAILABILITY,origin.list,2026-09-14 21:59:26.354497+00:00
6731317.com,AVAILABILITY,origin.list,2026-09-14 21:59:27.010027+00:00
6731327.com,AVAILABILITY,origin.list,2026-09-14 21:59:27.610991+00:00
b8125.com,AVAILABILITY,origin.list,2026-09-14 21:59:28.275896+00:00
6731325.com,AVAILABILITY,origin.list,2026-09-14 21:59:29.046646+00:00
6731329.com,AVAILABILITY,origin.list,2026-09-14 21:59:29.749742+00:00
6731333.com,AVAILABILITY,origin.list,2026-09-14 21:59:30.620847+00:00
6731330.com,AVAILABILITY,origin.list,2026-09-14 21:59:31.335129+00:00
1239912.com,AVAILABILITY,origin.list,2026-09-14 21:59:32.072612+00:00
6731331.com,AVAILABILITY,origin.list,2026-09-14 21:59:32.926935+00:00
365wagers.com,AVAILABILITY,origin.list,2026-09-14 21:59:33.507767+00:00
6731339.com,AVAILABILITY,origin.list,2026-09-14 21:59:33.694123+00:00
39772014.com,AVAILABILITY,origin.list,2026-09-14 21:59:34.303105+00:00
39772018.com,AVAILABILITY,origin.list,2026-09-14 21:59:34.530145+00:00
39775500.com,AVAILABILITY,origin.list,2026-09-14 21:59:34.950966+00:00
39773377.com,AVAILABILITY,origin.list,2026-09-14 21:59:35.140107+00:00
6519t.com,AVAILABILITY,origin.list,2026-09-14 21:59:35.599254+00:00
682881.com,AVAILABILITY,origin.list,2026-09-14 21:59:36.066029+00:00
587231.com,AVAILABILITY,origin.list,2026-09-14 21:59:36.275012+00:00
api.88bet88bet.com,AVAILABILITY,origin.list,2026-09-14 21:59:36.859935+00:00
88bet88bet.com,AVAILABILITY,origin.list,2026-09-14 21:59:37.019909+00:00
awsdfs.88bet88bet.com,AVAILABILITY,origin.list,2026-09-14 21:59:37.644940+00:00
ds56kj.com,AVAILABILITY,origin.list,2026-09-14 21:59:37.684428+00:00
hg8a.net,AVAILABILITY,origin.list,2026-09-14 21:59:38.399634+00:00
b69.city,AVAILABILITY,origin.list,2026-09-14 21:59:38.685529+00:00
e169.bet,AVAILABILITY,origin.list,2026-09-14 21:59:40.069874+00:00
f169.bet,AVAILABILITY,origin.list,2026-09-14 21:59:40.230051+00:00
meme2019.com,AVAILABILITY,origin.list,2026-09-14 21:59:40.696915+00:00
pinbo01.com,AVAILABILITY,origin.list,2026-09-14 21:59:40.884823+00:00
vip732.com,AVAILABILITY,origin.list,2026-09-14 21:59:41.560082+00:00
nextbola.ac.id,AVAILABILITY,origin.list,2026-09-14 21:59:41.573320+00:00
vns7645.com,AVAILABILITY,origin.list,2026-09-14 21:59:42.191973+00:00
6731349.com,AVAILABILITY,origin.list,2026-09-14 21:59:42.274231+00:00
6731346.com,AVAILABILITY,origin.list,2026-09-14 21:59:42.964807+00:00
789kxm.com,AVAILABILITY,origin.list,2026-09-14 21:59:43.857347+00:00
8269v.net,AVAILABILITY,origin.list,2026-09-14 21:59:44.689766+00:00
98983.org,AVAILABILITY,origin.list,2026-09-14 21:59:45.712323+00:00
am829.com,AVAILABILITY,origin.list,2026-09-14 21:59:46.303304+00:00
bway881.com,AVAILABILITY,origin.list,2026-09-14 21:59:47.009608+00:00
77784.bet,AVAILABILITY,origin.list,2026-09-14 21:59:48.411224+00:00
go053.com,AVAILABILITY,origin.list,2026-09-14 21:59:49.000381+00:00
19970006.com,AVAILABILITY,origin.list,2026-09-14 21:59:56.160252+00:00
landpage.pokerconclave.com,AVAILABILITY,origin.list,2026-09-14 21:59:56.427730+00:00
dt656.com,AVAILABILITY,origin.list,2026-09-14 21:59:56.829248+00:00
fjd888.net,AVAILABILITY,origin.list,2026-09-14 21:59:56.996127+00:00
kb8883.com,AVAILABILITY,origin.list,2026-09-14 21:59:57.477923+00:00
o77vn.com,AVAILABILITY,origin.list,2026-09-14 21:59:57.643914+00:00
ole33.com,AVAILABILITY,origin.list,2026-09-14 21:59:58.337005+00:00
kb8868.com,AVAILABILITY,origin.list,2026-09-14 21:59:58.349874+00:00
qian849.com,AVAILABILITY,origin.list,2026-09-14 21:59:58.979247+00:00
tyc3820.com,AVAILABILITY,origin.list,2026-09-14 21:59:59.129806+00:00
xzmkwin.com,AVAILABILITY,origin.list,2026-09-14 21:59:59.776252+00:00
yab168.com,AVAILABILITY,origin.list,2026-09-14 22:00:00.451923+00:00
www.ole33.com,AVAILABILITY,origin.list,2026-09-14 22:00:01.064240+00:00
zbo5e.com,AVAILABILITY,origin.list,2026-09-14 22:00:01.858071+00:00
www.o77vn.com,AVAILABILITY,origin.list,2026-09-14 22:00:02.493436+00:00
zbo7f.com,AVAILABILITY,origin.list,2026-09-14 22:00:03.125921+00:00
bancadoithuongvn.com,AVAILABILITY,origin.list,2026-09-14 22:00:03.714756+00:00
bb22211.com,AVAILABILITY,origin.list,2026-09-14 22:00:04.382250+00:00
bbudbt.com,AVAILABILITY,origin.list,2026-09-14 22:00:05.271001+00:00
landpage.royalfeltpoker.com,AVAILABILITY,origin.list,2026-09-14 22:00:12.579807+00:00
b1451.com,AVAILABILITY,origin.list,2026-09-14 22:00:13.249476+00:00
be3wei.com,AVAILABILITY,origin.list,2026-09-14 22:00:13.876367+00:00
bcr14.com,AVAILABILITY,origin.list,2026-09-14 22:00:14.496782+00:00
bet7585.com,AVAILABILITY,origin.list,2026-09-14 22:00:15.187512+00:00
bcr19.com,AVAILABILITY,origin.list,2026-09-14 22:00:15.868633+00:00
bet7325.com,AVAILABILITY,origin.list,2026-09-14 22:00:16.465864+00:00
hg202309.vip,AVAILABILITY,origin.list,2026-09-14 22:00:16.731035+00:00
bet8995.com,AVAILABILITY,origin.list,2026-09-14 22:00:17.134230+00:00
bet7985.com,AVAILABILITY,origin.list,2026-09-14 22:00:17.376310+00:00
bet86ph.com,AVAILABILITY,origin.list,2026-09-14 22:00:17.740456+00:00
bet9736.com,AVAILABILITY,origin.list,2026-09-14 22:00:17.981814+00:00
betway112.com,AVAILABILITY,origin.list,2026-09-14 22:00:18.697474+00:00
ciputrabet.org,AVAILABILITY,origin.list,2026-09-14 22:00:18.954562+00:00
bet999fun.com,AVAILABILITY,origin.list,2026-09-14 22:00:19.630516+00:00
betway848.com,AVAILABILITY,origin.list,2026-09-14 22:00:20.276612+00:00
biwei711.com,AVAILABILITY,origin.list,2026-09-14 22:00:20.924436+00:00
bet999ph.com,AVAILABILITY,origin.list,2026-09-14 22:00:21.566092+00:00
betway115.com,AVAILABILITY,origin.list,2026-09-14 22:00:22.182340+00:00
betway880.com,AVAILABILITY,origin.list,2026-09-14 22:00:22.828371+00:00
biwei153.com,AVAILABILITY,origin.list,2026-09-14 22:00:23.457992+00:00
biwei879.com,AVAILABILITY,origin.list,2026-09-14 22:00:24.107814+00:00
biwei397.com,AVAILABILITY,origin.list,2026-09-14 22:00:24.733189+00:00
3656d.net,AVAILABILITY,origin.list,2026-09-14 22:00:25.396084+00:00
w9.vty1i.com,AVAILABILITY,origin.list,2026-09-14 22:00:25.971559+00:00
biwei543.com,AVAILABILITY,origin.list,2026-09-14 22:00:26.663031+00:00
90144.org,AVAILABILITY,origin.list,2026-09-14 22:00:29.515742+00:00
landpage.slotsgalactic.com,AVAILABILITY,origin.list,2026-09-14 22:00:30.385690+00:00
5132app.com,AVAILABILITY,origin.list,2026-09-14 22:00:31.061739+00:00
agen-slot-online.net,AVAILABILITY,origin.list,2026-09-14 22:00:31.402555+00:00
w9.vty1jc.com,AVAILABILITY,origin.list,2026-09-14 22:00:31.881839+00:00
4406132.com,AVAILABILITY,origin.list,2026-09-14 22:00:32.056847+00:00
w9.vty1vp.com,AVAILABILITY,origin.list,2026-09-14 22:00:32.533221+00:00
w9.vty2a.com,AVAILABILITY,origin.list,2026-09-14 22:00:32.765069+00:00
6132033.com,AVAILABILITY,origin.list,2026-09-14 22:00:33.252149+00:00
916690.com,AVAILABILITY,origin.list,2026-09-14 22:00:33.453067+00:00
w9.vty2cu.com,AVAILABILITY,origin.list,2026-09-14 22:00:33.956691+00:00
w9.vtyg39.com,AVAILABILITY,origin.list,2026-09-14 22:00:34.147744+00:00
w9.vtyd76.com,AVAILABILITY,origin.list,2026-09-14 22:00:34.615437+00:00
w9.vtyh50.com,AVAILABILITY,origin.list,2026-09-14 22:00:34.826380+00:00
w9.vtyg80.com,AVAILABILITY,origin.list,2026-09-14 22:00:35.198559+00:00
w9.vtyh24.com,AVAILABILITY,origin.list,2026-09-14 22:00:35.478529+00:00
w9.vtyh56.com,AVAILABILITY,origin.list,2026-09-14 22:00:36.130362+00:00
w9.vtyh54.com,AVAILABILITY,origin.list,2026-09-14 22:00:36.759442+00:00
w9.vtyh51.com,AVAILABILITY,origin.list,2026-09-14 22:00:37.406786+00:00
w9.vtyh59.com,AVAILABILITY,origin.list,2026-09-14 22:00:38.061028+00:00
w9.vtyh57.com,AVAILABILITY,origin.list,2026-09-14 22:00:38.730286+00:00
app.www-luck8.live,AVAILABILITY,origin.list,2026-09-14 22:00:38.784207+00:00
w9.vtyh52.com,AVAILABILITY,origin.list,2026-09-14 22:00:39.399219+00:00
w9.vtyh64.com,AVAILABILITY,origin.list,2026-09-14 22:00:39.453076+00:00
w9.vtyh58.com,AVAILABILITY,origin.list,2026-09-14 22:00:40.033967+00:00
w9.vtyh65.com,AVAILABILITY,origin.list,2026-09-14 22:00:40.056224+00:00
w9.vtyh61.com,AVAILABILITY,origin.list,2026-09-14 22:00:40.635493+00:00
w9.vtyh60.com,AVAILABILITY,origin.list,2026-09-14 22:00:40.970033+00:00
w9.vtyh69.com,AVAILABILITY,origin.list,2026-09-14 22:00:41.334478+00:00
api.7163555.com,AVAILABILITY,origin.list,2026-09-14 22:00:41.552713+00:00
api.2597555.com,AVAILABILITY,origin.list,2026-09-14 22:00:42.194831+00:00
api.1623555.com,AVAILABILITY,origin.list,2026-09-14 22:00:42.210349+00:00
api.9173555.com,AVAILABILITY,origin.list,2026-09-14 22:00:42.835107+00:00
jililive000.com,AVAILABILITY,origin.list,2026-09-14 22:00:42.846415+00:00
cashierwallet.com,AVAILABILITY,origin.list,2026-09-14 22:00:43.501501+00:00
j9638.com,AVAILABILITY,origin.list,2026-09-14 22:00:43.507228+00:00
csj8855.com,AVAILABILITY,origin.list,2026-09-14 22:00:44.150585+00:00
csj8877.com,AVAILABILITY,origin.list,2026-09-14 22:00:44.189025+00:00
mrc08.com,AVAILABILITY,origin.list,2026-09-14 22:00:44.870990+00:00
69vn000.com,AVAILABILITY,origin.list,2026-09-14 22:00:55.687726+00:00
6868sp.com,AVAILABILITY,origin.list,2026-09-14 22:00:56.382995+00:00
kk8733.com,AVAILABILITY,origin.list,2026-09-14 22:00:56.458702+00:00
vnvs388.com,AVAILABILITY,origin.list,2026-09-14 22:00:57.087549+00:00
jiliapp120.com,AVAILABILITY,origin.list,2026-09-14 22:00:57.129968+00:00
zx3008.com,AVAILABILITY,origin.list,2026-09-14 22:00:57.725836+00:00
w9.vtyh67.com,AVAILABILITY,origin.list,2026-09-14 22:00:57.757607+00:00
w9.vtyh73.com,AVAILABILITY,origin.list,2026-09-14 22:00:58.392933+00:00
w9.vtyh72.com,AVAILABILITY,origin.list,2026-09-14 22:00:58.444670+00:00
w9.vtyh78.com,AVAILABILITY,origin.list,2026-09-14 22:00:59.094553+00:00
w9.vtyh70.com,AVAILABILITY,origin.list,2026-09-14 22:00:59.112295+00:00
w9.vtyh83.com,AVAILABILITY,origin.list,2026-09-14 22:00:59.732916+00:00
orc.bet,AVAILABILITY,origin.list,2026-09-14 22:17:19.782903+00:00
w9.vtyh80.com,AVAILABILITY,origin.list,2026-09-14 22:17:21.116915+00:00
w9.vtyh75.com,AVAILABILITY,origin.list,2026-09-14 22:17:22.595047+00:00
w9.vtyh86.com,AVAILABILITY,origin.list,2026-09-14 22:17:23.918224+00:00
993666.org,AVAILABILITY,origin.list,2026-09-14 22:17:25.175357+00:00
w9.vtyh81.com,AVAILABILITY,origin.list,2026-09-14 22:17:25.411867+00:00
w9.vtyh85.com,AVAILABILITY,origin.list,2026-09-14 22:17:26.530553+00:00
w9.vtyh93.com,AVAILABILITY,origin.list,2026-09-14 22:17:27.095038+00:00
w9.vtyh89.com,AVAILABILITY,origin.list,2026-09-14 22:17:27.926028+00:00
w9.vtyh82.com,AVAILABILITY,origin.list,2026-09-14 22:17:28.543184+00:00
w9.vtyh87.com,AVAILABILITY,origin.list,2026-09-14 22:17:29.275555+00:00
w9.vtyh97.com,AVAILABILITY,origin.list,2026-09-14 22:17:29.891171+00:00
w9.vtyh98.com,AVAILABILITY,origin.list,2026-09-14 22:17:30.577710+00:00
w9.vtyh96.com,AVAILABILITY,origin.list,2026-09-14 22:17:31.393941+00:00
w9.vtyh95.com,AVAILABILITY,origin.list,2026-09-14 22:17:31.891416+00:00
w9.vtyi15.com,AVAILABILITY,origin.list,2026-09-14 22:17:32.947552+00:00
w9.vtyi10.com,AVAILABILITY,origin.list,2026-09-14 22:17:33.340929+00:00
w9.vtyi27.com,AVAILABILITY,origin.list,2026-09-14 22:17:34.312715+00:00
w9.vtyi14.com,AVAILABILITY,origin.list,2026-09-14 22:17:34.721846+00:00
w9.vtyi33.com,AVAILABILITY,origin.list,2026-09-14 22:17:35.667750+00:00
w9.vtyi23.com,AVAILABILITY,origin.list,2026-09-14 22:17:36.286130+00:00
w9.vtyi32.com,AVAILABILITY,origin.list,2026-09-14 22:17:36.959124+00:00
w9.vtyi18.com,AVAILABILITY,origin.list,2026-09-14 22:17:37.601007+00:00
w9.vtyi34.com,AVAILABILITY,origin.list,2026-09-14 22:17:38.331149+00:00
hh5604.com,AVAILABILITY,origin.list,2026-09-14 22:17:38.914751+00:00
ii5604.com,AVAILABILITY,origin.list,2026-09-14 22:17:39.665286+00:00
jj5604.com,AVAILABILITY,origin.list,2026-09-14 22:17:40.210931+00:00
kk5604.com,AVAILABILITY,origin.list,2026-09-14 22:17:41.014051+00:00
w9.vtyi61.com,AVAILABILITY,origin.list,2026-09-14 22:17:41.488621+00:00
w9.vtyi36.com,AVAILABILITY,origin.list,2026-09-14 22:17:42.338322+00:00
w9.vtyi35.com,AVAILABILITY,origin.list,2026-09-14 22:17:42.823415+00:00
w9.vtyi39.com,AVAILABILITY,origin.list,2026-09-14 22:17:43.647631+00:00
w9.vtyi54.com,AVAILABILITY,origin.list,2026-09-14 22:17:44.143451+00:00
w9.vtyi50.com,AVAILABILITY,origin.list,2026-09-14 22:17:45.000836+00:00
w9.vtyi58.com,AVAILABILITY,origin.list,2026-09-14 22:17:45.507020+00:00
w9.vtyi51.com,AVAILABILITY,origin.list,2026-09-14 22:17:46.337746+00:00
w9.vtyi85.com,AVAILABILITY,origin.list,2026-09-14 22:17:46.839251+00:00
w9.vtyi64.com,AVAILABILITY,origin.list,2026-09-14 22:17:47.711863+00:00
w9.vtyi67.com,AVAILABILITY,origin.list,2026-09-14 22:17:48.377360+00:00
w9.vtyi65.com,AVAILABILITY,origin.list,2026-09-14 22:17:49.106929+00:00
w9.vtyi89.com,AVAILABILITY,origin.list,2026-09-14 22:17:49.694139+00:00
w9.vtyi86.com,AVAILABILITY,origin.list,2026-09-14 22:17:50.494170+00:00
w9.vtyi80.com,AVAILABILITY,origin.list,2026-09-14 22:17:51.028150+00:00
w9.vtyi92.com,AVAILABILITY,origin.list,2026-09-14 22:17:51.821483+00:00
w9.vtyi87.com,AVAILABILITY,origin.list,2026-09-14 22:17:53.178938+00:00
w9.vtyi98.com,AVAILABILITY,origin.list,2026-09-14 22:17:54.486063+00:00
w9.vtyj10.com,AVAILABILITY,origin.list,2026-09-14 22:17:55.820526+00:00
w9.vtyi96.com,AVAILABILITY,origin.list,2026-09-14 22:17:57.205958+00:00
w9.vtyj21.com,AVAILABILITY,origin.list,2026-09-14 22:17:58.570282+00:00
w9.vtyi97.com,AVAILABILITY,origin.list,2026-09-14 22:17:59.956393+00:00
zx3009.com,AVAILABILITY,origin.list,2026-09-14 22:18:00.102117+00:00
w9.vtyj12.com,AVAILABILITY,origin.list,2026-09-14 22:18:01.295073+00:00
w9.vtyj22.com,AVAILABILITY,origin.list,2026-09-14 22:18:01.436978+00:00
w9.vtyj20.com,AVAILABILITY,origin.list,2026-09-14 22:18:02.634611+00:00
w9.vtyi99.com,AVAILABILITY,origin.list,2026-09-14 22:18:02.784720+00:00
w9.vtyj26.com,AVAILABILITY,origin.list,2026-09-14 22:18:03.974425+00:00
w9.vtyj23.com,AVAILABILITY,origin.list,2026-09-14 22:18:04.123032+00:00
w9.vtyj32.com,AVAILABILITY,origin.list,2026-09-14 22:18:05.316124+00:00
w9.vtyj25.com,AVAILABILITY,origin.list,2026-09-14 22:18:05.574813+00:00
w9.vtyj30.com,AVAILABILITY,origin.list,2026-09-14 22:18:06.646718+00:00
w9.vtyj29.com,AVAILABILITY,origin.list,2026-09-14 22:18:06.918166+00:00
232336d.com,AVAILABILITY,origin.list,2026-09-14 22:18:08.231761+00:00
w9.vtyj39.com,AVAILABILITY,origin.list,2026-09-14 22:18:09.539700+00:00
w9.vtyj24.com,AVAILABILITY,origin.list,2026-09-14 22:18:10.870204+00:00
w9.vtyj36.com,AVAILABILITY,origin.list,2026-09-14 22:18:12.217392+00:00
nhacaik8cc.com,AVAILABILITY,origin.list,2026-09-14 22:18:13.600899+00:00
232335c.com,AVAILABILITY,origin.list,2026-09-14 22:18:14.927847+00:00
bos43.com,AVAILABILITY,origin.list,2026-09-14 22:18:16.249370+00:00
kunyimjg.com,AVAILABILITY,origin.list,2026-09-14 22:18:17.578680+00:00
sbb30.com,AVAILABILITY,origin.list,2026-09-14 22:18:18.960017+00:00
69vn111.com,AVAILABILITY,origin.list,2026-09-14 22:18:19.786688+00:00
sba98.com,AVAILABILITY,origin.list,2026-09-14 22:18:20.283791+00:00
w9.vtyj38.com,AVAILABILITY,origin.list,2026-09-14 22:18:21.087708+00:00
uw88vnn1.com,AVAILABILITY,origin.list,2026-09-14 22:18:21.638818+00:00
w9.vtyj37.com,AVAILABILITY,origin.list,2026-09-14 22:18:22.440075+00:00
w9.vtyj28.com,AVAILABILITY,origin.list,2026-09-14 22:18:22.937200+00:00
w9.vtyj67.com,AVAILABILITY,origin.list,2026-09-14 22:18:23.753868+00:00
w9.vtyj34.com,AVAILABILITY,origin.list,2026-09-14 22:18:24.359851+00:00
w9.vtyj70.com,AVAILABILITY,origin.list,2026-09-14 22:18:25.164746+00:00
w9.vtyj69.com,AVAILABILITY,origin.list,2026-09-14 22:18:25.730430+00:00
w9.vtyj57.com,AVAILABILITY,origin.list,2026-09-14 22:18:26.459358+00:00
w9.vtyj59.com,AVAILABILITY,origin.list,2026-09-14 22:18:27.094910+00:00
w9.vtyj50.com,AVAILABILITY,origin.list,2026-09-14 22:18:27.792861+00:00
w9.vtyj54.com,AVAILABILITY,origin.list,2026-09-14 22:18:28.451983+00:00
w9.vtyj68.com,AVAILABILITY,origin.list,2026-09-14 22:18:29.216824+00:00
w9.vtyj76.com,AVAILABILITY,origin.list,2026-09-14 22:18:29.848935+00:00
w9.vtyj71.com,AVAILABILITY,origin.list,2026-09-14 22:18:30.570763+00:00
w9.vtyj78.com,AVAILABILITY,origin.list,2026-09-14 22:18:31.883142+00:00
w9.vtyj81.com,AVAILABILITY,origin.list,2026-09-14 22:18:33.311606+00:00
w9.vtyj73.com,AVAILABILITY,origin.list,2026-09-14 22:18:34.660233+00:00
w9.vtyj97.com,AVAILABILITY,origin.list,2026-09-14 22:18:36.056217+00:00
w9.vtyj83.com,AVAILABILITY,origin.list,2026-09-14 22:18:37.359021+00:00
hg202310.vip,AVAILABILITY,origin.list,2026-09-14 22:18:37.453947+00:00
w9.vtyj79.com,AVAILABILITY,origin.list,2026-09-14 22:18:38.723360+00:00
w9.vtyj85.com,AVAILABILITY,origin.list,2026-09-14 22:18:38.812807+00:00
w9.vtyj93.com,AVAILABILITY,origin.list,2026-09-14 22:18:40.188062+00:00
w9.vtyj98.com,AVAILABILITY,origin.list,2026-09-14 22:18:40.218476+00:00
w9.vtyj96.com,AVAILABILITY,origin.list,2026-09-14 22:18:41.536205+00:00
w9.vtyj95.com,AVAILABILITY,origin.list,2026-09-14 22:18:41.728724+00:00
w9.vtyk18.com,AVAILABILITY,origin.list,2026-09-14 22:18:42.869948+00:00
w9.vtyj72.com,AVAILABILITY,origin.list,2026-09-14 22:18:43.304383+00:00
w9.vtyj91.com,AVAILABILITY,origin.list,2026-09-14 22:18:44.312798+00:00
w9.vtyk16.com,AVAILABILITY,origin.list,2026-09-14 22:18:44.823767+00:00
w9.vtyk19.com,AVAILABILITY,origin.list,2026-09-14 22:18:45.661384+00:00
w9.vtyk24.com,AVAILABILITY,origin.list,2026-09-14 22:18:46.491901+00:00
w9.vtyk12.com,AVAILABILITY,origin.list,2026-09-14 22:18:47.011265+00:00
w9.vtyj99.com,AVAILABILITY,origin.list,2026-09-14 22:18:47.862957+00:00
w9.vtyk29.com,AVAILABILITY,origin.list,2026-09-14 22:18:48.367055+00:00
w9.vtyk10.com,AVAILABILITY,origin.list,2026-09-14 22:18:49.199827+00:00
w9.vtyk50.com,AVAILABILITY,origin.list,2026-09-14 22:18:49.835494+00:00
w9.vtyk32.com,AVAILABILITY,origin.list,2026-09-14 22:18:50.460892+00:00
w9.vtyk38.com,AVAILABILITY,origin.list,2026-09-14 22:18:51.174567+00:00
w9.vtyk17.com,AVAILABILITY,origin.list,2026-09-14 22:18:51.825232+00:00
w9.vtyk25.com,AVAILABILITY,origin.list,2026-09-14 22:18:53.047152+00:00
w9.vtyk30.com,AVAILABILITY,origin.list,2026-09-14 22:18:53.145623+00:00
w9.vtyk55.com,AVAILABILITY,origin.list,2026-09-14 22:18:54.291569+00:00
w9.vtyk35.com,AVAILABILITY,origin.list,2026-09-14 22:18:54.524386+00:00
w9.vtyk52.com,AVAILABILITY,origin.list,2026-09-14 22:18:55.619484+00:00
w9.vtyk54.com,AVAILABILITY,origin.list,2026-09-14 22:18:55.919031+00:00
w9.vtyk59.com,AVAILABILITY,origin.list,2026-09-14 22:18:56.877406+00:00
w9.vtyk34.com,AVAILABILITY,origin.list,2026-09-14 22:18:57.279542+00:00
w9.vtyk57.com,AVAILABILITY,origin.list,2026-09-14 22:18:58.198874+00:00
w9.vtyk70.com,AVAILABILITY,origin.list,2026-09-14 22:18:58.622388+00:00
w9.vtyk68.com,AVAILABILITY,origin.list,2026-09-14 22:18:59.544938+00:00
w9.vtyk56.com,AVAILABILITY,origin.list,2026-09-14 22:18:59.982188+00:00
w9.vtyk76.com,AVAILABILITY,origin.list,2026-09-14 22:19:00.934534+00:00
w9.vtyk62.com,AVAILABILITY,origin.list,2026-09-14 22:19:01.317679+00:00
w9.vtyk79.com,AVAILABILITY,origin.list,2026-09-14 22:19:02.286544+00:00
w9.vtyk93.com,AVAILABILITY,origin.list,2026-09-14 22:19:02.713566+00:00
w9.vtyk84.com,AVAILABILITY,origin.list,2026-09-14 22:19:03.654565+00:00
w9.vtyk81.com,AVAILABILITY,origin.list,2026-09-14 22:19:04.072969+00:00
w9.vtyk71.com,AVAILABILITY,origin.list,2026-09-14 22:19:04.975441+00:00
w9.vtyl21.com,AVAILABILITY,origin.list,2026-09-14 22:19:05.414323+00:00
w9.vtyk63.com,AVAILABILITY,origin.list,2026-09-14 22:19:06.768113+00:00
biwei925.com,AVAILABILITY,origin.list,2026-09-14 22:19:08.154630+00:00
w9.vtyk97.com,AVAILABILITY,origin.list,2026-09-14 22:19:09.503013+00:00
w9.vtyl11.com,AVAILABILITY,origin.list,2026-09-14 22:19:10.875093+00:00
w9.vtyl27.com,AVAILABILITY,origin.list,2026-09-14 22:19:12.294282+00:00
7mss.com,AVAILABILITY,origin.list,2026-09-14 22:19:18.014952+00:00
biwei935.com,AVAILABILITY,origin.list,2026-09-14 22:19:19.383265+00:00
w9.vtyl39.com,AVAILABILITY,origin.list,2026-09-14 22:19:20.766627+00:00
bmw598.com,AVAILABILITY,origin.list,2026-09-14 22:19:22.096465+00:00
bkbdota2.com,AVAILABILITY,origin.list,2026-09-14 22:19:23.451023+00:00
w9.vtyl59.com,AVAILABILITY,origin.list,2026-09-14 22:19:24.721141+00:00
w9.vtyl29.com,AVAILABILITY,origin.list,2026-09-14 22:19:26.077890+00:00
7wow7.com,AVAILABILITY,origin.list,2026-09-14 22:19:26.318575+00:00
br8bet16.com,AVAILABILITY,origin.list,2026-09-14 22:19:27.395194+00:00
w9.vtyl56.com,AVAILABILITY,origin.list,2026-09-14 22:19:27.615350+00:00
bw0488.com,AVAILABILITY,origin.list,2026-09-14 22:19:28.799734+00:00
bway682.com,AVAILABILITY,origin.list,2026-09-14 22:19:29.004199+00:00
biwei852.com,AVAILABILITY,origin.list,2026-09-14 22:19:30.181880+00:00
bty992.com,AVAILABILITY,origin.list,2026-09-14 22:19:30.398157+00:00
bway153.com,AVAILABILITY,origin.list,2026-09-14 22:20:30.922632+00:00
bw613.com,AVAILABILITY,origin.list,2026-09-14 22:20:31.176054+00:00
bonus58.com,AVAILABILITY,origin.list,2026-09-14 22:21:36.853401+00:00
w9.vtyl57.com,AVAILABILITY,origin.list,2026-09-14 22:21:41.558212+00:00
bway855.com,AVAILABILITY,origin.list,2026-09-14 22:21:47.857774+00:00
bway543.com,AVAILABILITY,origin.list,2026-09-14 22:38:04.720363+00:00
c28cp.com,AVAILABILITY,origin.list,2026-09-14 22:38:04.873346+00:00
w9.vtyl34.com,AVAILABILITY,origin.list,2026-09-14 22:38:05.854250+00:00
bz3way.com,AVAILABILITY,origin.list,2026-09-14 22:38:05.856872+00:00
bway778.com,AVAILABILITY,origin.list,2026-09-14 22:38:06.806713+00:00
bty962.com,AVAILABILITY,origin.list,2026-09-14 22:38:06.858851+00:00
cheer78.com,AVAILABILITY,origin.list,2026-09-14 22:38:07.773647+00:00
cgcp999.com,AVAILABILITY,origin.list,2026-09-14 22:38:07.795445+00:00
bway923.com,AVAILABILITY,origin.list,2026-09-14 22:38:08.866348+00:00
bway587.com,AVAILABILITY,origin.list,2026-09-14 22:38:08.957254+00:00
c6522.com,AVAILABILITY,origin.list,2026-09-14 22:38:09.741231+00:00
15388z.com,AVAILABILITY,origin.list,2026-09-14 22:38:09.892315+00:00
c886666.com,AVAILABILITY,origin.list,2026-09-14 22:38:10.637253+00:00
chulitong.com,AVAILABILITY,origin.list,2026-09-14 22:38:10.769775+00:00
cheer66.com,AVAILABILITY,origin.list,2026-09-14 22:38:11.490697+00:00
cf6868.net,AVAILABILITY,origin.list,2026-09-14 22:38:11.638329+00:00
w9.vtyl58.com,AVAILABILITY,origin.list,2026-09-14 22:38:12.272345+00:00
v5418.com,AVAILABILITY,origin.list,2026-09-14 22:38:12.588669+00:00
hb38778.com,AVAILABILITY,origin.list,2026-09-14 22:38:13.326103+00:00
d03.vn2bongvip.net,AVAILABILITY,origin.list,2026-09-14 22:38:13.467635+00:00
cp28h.com,AVAILABILITY,origin.list,2026-09-14 22:38:14.415205+00:00
clubfun88.com,AVAILABILITY,origin.list,2026-09-14 22:38:14.605905+00:00
k8bet2.net,AVAILABILITY,origin.list,2026-09-14 22:38:15.244751+00:00
dk.kmtop.site,AVAILABILITY,origin.list,2026-09-14 22:38:15.492020+00:00
e87392.com,AVAILABILITY,origin.list,2026-09-14 22:38:16.031329+00:00
engus6855yb88.com,AVAILABILITY,origin.list,2026-09-14 22:38:16.542038+00:00
ee6601.com,AVAILABILITY,origin.list,2026-09-14 22:38:16.911565+00:00
d3.debet.info,AVAILABILITY,origin.list,2026-09-14 22:38:17.333288+00:00
dd365l.net,AVAILABILITY,origin.list,2026-09-14 22:38:17.801461+00:00
emvup.com,AVAILABILITY,origin.list,2026-09-14 22:38:18.142065+00:00
erjiyuming2.com,AVAILABILITY,origin.list,2026-09-14 22:38:18.681424+00:00
erjiyuming3.com,AVAILABILITY,origin.list,2026-09-14 22:38:19.073504+00:00
erjiyuming1.com,AVAILABILITY,origin.list,2026-09-14 22:38:19.508799+00:00
f8103.com,AVAILABILITY,origin.list,2026-09-14 22:38:19.868477+00:00
erjiyuming4.com,AVAILABILITY,origin.list,2026-09-14 22:38:20.341969+00:00
dk.taiwin79.my,AVAILABILITY,origin.list,2026-09-14 22:38:21.162073+00:00
bk8win.top,AVAILABILITY,origin.list,2026-09-14 22:38:21.193505+00:00
f8bet76.com,AVAILABILITY,origin.list,2026-09-14 22:38:22.123735+00:00
f866u.com,AVAILABILITY,origin.list,2026-09-14 22:38:22.150995+00:00
23138777.com,AVAILABILITY,origin.list,2026-09-14 22:38:22.948107+00:00
f8ae.com,AVAILABILITY,origin.list,2026-09-14 22:38:22.969350+00:00
f8dd.com,AVAILABILITY,origin.list,2026-09-14 22:38:23.778017+00:00
dk.sky88vip.top,AVAILABILITY,origin.list,2026-09-14 22:38:23.916476+00:00
34346a.com,AVAILABILITY,origin.list,2026-09-14 22:38:24.560776+00:00
34346b.com,AVAILABILITY,origin.list,2026-09-14 22:38:24.721639+00:00
34346e.com,AVAILABILITY,origin.list,2026-09-14 22:38:25.504937+00:00
34346f.com,AVAILABILITY,origin.list,2026-09-14 22:38:26.339109+00:00
bet86ph.bet,AVAILABILITY,origin.list,2026-09-14 22:38:26.659026+00:00
34346d.com,AVAILABILITY,origin.list,2026-09-14 22:38:27.182656+00:00
2566aa8.com,AVAILABILITY,origin.list,2026-09-14 22:38:27.452270+00:00
34346p.com,AVAILABILITY,origin.list,2026-09-14 22:38:28.075987+00:00
34346g.com,AVAILABILITY,origin.list,2026-09-14 22:38:28.991268+00:00
34346m.com,AVAILABILITY,origin.list,2026-09-14 22:38:29.805343+00:00
34346c.com,AVAILABILITY,origin.list,2026-09-14 22:38:30.606272+00:00
34346h.com,AVAILABILITY,origin.list,2026-09-14 22:38:31.485838+00:00
34346i.com,AVAILABILITY,origin.list,2026-09-14 22:38:32.283228+00:00
34346o.com,AVAILABILITY,origin.list,2026-09-14 22:38:33.064837+00:00
cacuoc365.blog,AVAILABILITY,origin.list,2026-09-14 22:38:33.654166+00:00
34346j.com,AVAILABILITY,origin.list,2026-09-14 22:38:33.939431+00:00
11678.app,AVAILABILITY,origin.list,2026-09-14 22:38:34.976346+00:00
12356.app,AVAILABILITY,origin.list,2026-09-14 22:38:35.187100+00:00
13678.app,AVAILABILITY,origin.list,2026-09-14 22:38:36.200908+00:00
cocowin.live,AVAILABILITY,origin.list,2026-09-14 22:38:36.951808+00:00
15645.app,AVAILABILITY,origin.list,2026-09-14 22:38:37.727942+00:00
20252299.com,AVAILABILITY,origin.list,2026-09-14 22:38:37.740230+00:00
16789.app,AVAILABILITY,origin.list,2026-09-14 22:38:38.884835+00:00
15678.app,AVAILABILITY,origin.list,2026-09-14 22:38:38.954381+00:00
20250099.com,AVAILABILITY,origin.list,2026-09-14 22:38:39.681069+00:00
20256699.com,AVAILABILITY,origin.list,2026-09-14 22:38:39.751885+00:00
cadovn.pro,AVAILABILITY,origin.list,2026-09-14 22:38:40.439111+00:00
34346n.com,AVAILABILITY,origin.list,2026-09-14 22:38:40.653233+00:00
20258899.com,AVAILABILITY,origin.list,2026-09-14 22:38:41.311250+00:00
34346q.com,AVAILABILITY,origin.list,2026-09-14 22:38:41.517929+00:00
34346r.com,AVAILABILITY,origin.list,2026-09-14 22:38:42.439481+00:00
35678.app,AVAILABILITY,origin.list,2026-09-14 22:38:42.610926+00:00
34346u.com,AVAILABILITY,origin.list,2026-09-14 22:38:43.237991+00:00
34346v.com,AVAILABILITY,origin.list,2026-09-14 22:38:43.434076+00:00
e13.live,AVAILABILITY,origin.list,2026-09-14 22:38:44.248906+00:00
34346t.com,AVAILABILITY,origin.list,2026-09-14 22:38:44.282494+00:00
34346y.com,AVAILABILITY,origin.list,2026-09-14 22:38:45.046003+00:00
34346w.com,AVAILABILITY,origin.list,2026-09-14 22:38:45.078678+00:00
387390.com,AVAILABILITY,origin.list,2026-09-14 22:38:45.811830+00:00
choi.gameb52a.me,AVAILABILITY,origin.list,2026-09-14 22:38:46.308920+00:00
583712.com,AVAILABILITY,origin.list,2026-09-14 22:38:46.634451+00:00
34346x.com,AVAILABILITY,origin.list,2026-09-14 22:38:47.186663+00:00
583697.com,AVAILABILITY,origin.list,2026-09-14 22:38:47.514345+00:00
6686vn29.com,AVAILABILITY,origin.list,2026-09-14 22:38:48.041536+00:00
6686vn30.com,AVAILABILITY,origin.list,2026-09-14 22:38:48.395131+00:00
6686vn25.com,AVAILABILITY,origin.list,2026-09-14 22:38:48.897726+00:00
6686vn32.com,AVAILABILITY,origin.list,2026-09-14 22:38:49.198304+00:00
92499tt.com,AVAILABILITY,origin.list,2026-09-14 22:38:50.013838+00:00
81666.bet,AVAILABILITY,origin.list,2026-09-14 22:38:50.282791+00:00
92499yy.com,AVAILABILITY,origin.list,2026-09-14 22:38:50.956496+00:00
f8pp.com,AVAILABILITY,origin.list,2026-09-14 22:38:51.115270+00:00
92499ss.com,AVAILABILITY,origin.list,2026-09-14 22:38:51.816891+00:00
fair78.com,AVAILABILITY,origin.list,2026-09-14 22:38:52.044539+00:00
f8ww.com,AVAILABILITY,origin.list,2026-09-14 22:38:52.701857+00:00
facebookad.for88vn.com,AVAILABILITY,origin.list,2026-09-14 22:38:52.867282+00:00
f8xx.com,AVAILABILITY,origin.list,2026-09-14 22:38:53.712820+00:00
fee86.com,AVAILABILITY,origin.list,2026-09-14 22:38:54.589137+00:00
fifa7365.com,AVAILABILITY,origin.list,2026-09-14 22:38:55.403503+00:00
fair87.com,AVAILABILITY,origin.list,2026-09-14 22:38:56.194577+00:00
ff222222.com,AVAILABILITY,origin.list,2026-09-14 22:38:57.045228+00:00
static.thembong.tv,AVAILABILITY,origin.list,2026-09-14 22:38:57.468580+00:00
five-appyuming.com,AVAILABILITY,origin.list,2026-09-14 22:38:57.867355+00:00
fee87.com,AVAILABILITY,origin.list,2026-09-14 22:38:58.365162+00:00
ff777777.com,AVAILABILITY,origin.list,2026-09-14 22:38:58.700383+00:00
fjia8.com,AVAILABILITY,origin.list,2026-09-14 22:38:59.223744+00:00
for885.com,AVAILABILITY,origin.list,2026-09-14 22:38:59.524689+00:00
for8818.com,AVAILABILITY,origin.list,2026-09-14 22:38:59.988085+00:00
for8820.com,AVAILABILITY,origin.list,2026-09-14 22:39:00.372987+00:00
for887936.com,AVAILABILITY,origin.list,2026-09-14 22:39:01.261971+00:00
for8819.com,AVAILABILITY,origin.list,2026-09-14 22:39:02.032543+00:00
fun2066.com,AVAILABILITY,origin.list,2026-09-14 22:39:02.857748+00:00
cocowin.info,AVAILABILITY,origin.list,2026-09-14 22:39:03.148640+00:00
for88vn.com,AVAILABILITY,origin.list,2026-09-14 22:39:03.793444+00:00
for889.com,AVAILABILITY,origin.list,2026-09-14 22:39:03.963033+00:00
fun58app.com,AVAILABILITY,origin.list,2026-09-14 22:39:04.702718+00:00
web.xvip26.win,AVAILABILITY,origin.list,2026-09-14 22:39:04.790811+00:00
fun6639.com,AVAILABILITY,origin.list,2026-09-14 22:39:05.652175+00:00
fun6636.com,AVAILABILITY,origin.list,2026-09-14 22:39:05.666392+00:00
fun9897.com,AVAILABILITY,origin.list,2026-09-14 22:39:06.504365+00:00
fun88dream.com,AVAILABILITY,origin.list,2026-09-14 22:39:06.505972+00:00
1291555.com,AVAILABILITY,origin.list,2026-09-14 22:39:07.360746+00:00
1265999.com,AVAILABILITY,origin.list,2026-09-14 22:39:07.454026+00:00
1836555.com,AVAILABILITY,origin.list,2026-09-14 22:39:08.203950+00:00
2252555.com,AVAILABILITY,origin.list,2026-09-14 22:39:08.347297+00:00
2572555.com,AVAILABILITY,origin.list,2026-09-14 22:39:09.023557+00:00
3959555.com,AVAILABILITY,origin.list,2026-09-14 22:39:09.177838+00:00
5161555.com,AVAILABILITY,origin.list,2026-09-14 22:39:09.802374+00:00
5196555.com,AVAILABILITY,origin.list,2026-09-14 22:39:10.109526+00:00
5253555.com,AVAILABILITY,origin.list,2026-09-14 22:39:10.713826+00:00
5357555.com,AVAILABILITY,origin.list,2026-09-14 22:39:10.985564+00:00
5533999.com,AVAILABILITY,origin.list,2026-09-14 22:39:11.564664+00:00
5536555.com,AVAILABILITY,origin.list,2026-09-14 22:39:11.864405+00:00
6121999.com,AVAILABILITY,origin.list,2026-09-14 22:39:12.454946+00:00
6373555.com,AVAILABILITY,origin.list,2026-09-14 22:39:12.686928+00:00
6166555.com,AVAILABILITY,origin.list,2026-09-14 22:39:13.291832+00:00
6528555.com,AVAILABILITY,origin.list,2026-09-14 22:39:13.492900+00:00
6883555.com,AVAILABILITY,origin.list,2026-09-14 22:39:14.177325+00:00
6912999.com,AVAILABILITY,origin.list,2026-09-14 22:39:14.281562+00:00
7659555.com,AVAILABILITY,origin.list,2026-09-14 22:39:15.096008+00:00
7719555.com,AVAILABILITY,origin.list,2026-09-14 22:39:15.957517+00:00
7753555.com,AVAILABILITY,origin.list,2026-09-14 22:39:16.835478+00:00
7967555.com,AVAILABILITY,origin.list,2026-09-14 22:39:17.733326+00:00
27555.org,AVAILABILITY,origin.list,2026-09-14 22:39:18.446801+00:00
7986555.com,AVAILABILITY,origin.list,2026-09-14 22:39:18.596887+00:00
8528555.com,AVAILABILITY,origin.list,2026-09-14 22:39:19.337209+00:00
8712555.com,AVAILABILITY,origin.list,2026-09-14 22:39:19.455519+00:00
8717555.com,AVAILABILITY,origin.list,2026-09-14 22:39:20.183841+00:00
8851555.com,AVAILABILITY,origin.list,2026-09-14 22:39:20.317434+00:00
9121999.com,AVAILABILITY,origin.list,2026-09-14 22:39:21.053343+00:00
funbet1226.com,AVAILABILITY,origin.list,2026-09-14 22:39:21.139114+00:00
fun9811sb.com,AVAILABILITY,origin.list,2026-09-14 22:39:21.936782+00:00
fun5553.com,AVAILABILITY,origin.list,2026-09-14 22:39:22.122013+00:00
fungood22.com,AVAILABILITY,origin.list,2026-09-14 22:39:22.760810+00:00
funbet122.com,AVAILABILITY,origin.list,2026-09-14 22:39:23.030387+00:00
funbet1228.com,AVAILABILITY,origin.list,2026-09-14 22:39:23.702200+00:00
funbet8088.com,AVAILABILITY,origin.list,2026-09-14 22:39:23.989319+00:00
fungood888.com,AVAILABILITY,origin.list,2026-09-14 22:39:24.533802+00:00
gioie-di-gea.com,AVAILABILITY,origin.list,2026-09-14 22:39:24.808967+00:00
fungood55.com,AVAILABILITY,origin.list,2026-09-14 22:39:25.388248+00:00
goodapp003com.com,AVAILABILITY,origin.list,2026-09-14 22:39:25.665081+00:00
fungood77.com,AVAILABILITY,origin.list,2026-09-14 22:39:26.245694+00:00
funhotline88.com,AVAILABILITY,origin.list,2026-09-14 22:39:26.557680+00:00
hebo999.com,AVAILABILITY,origin.list,2026-09-14 22:39:27.120950+00:00
gtek3.com,AVAILABILITY,origin.list,2026-09-14 22:39:27.385363+00:00
hejivip444.com,AVAILABILITY,origin.list,2026-09-14 22:39:27.914828+00:00
hejivip777.com,AVAILABILITY,origin.list,2026-09-14 22:39:28.244417+00:00
game.man79.org,AVAILABILITY,origin.list,2026-09-14 22:39:29.111454+00:00
gj9.app,AVAILABILITY,origin.list,2026-09-14 22:39:29.221856+00:00
h7669.com,AVAILABILITY,origin.list,2026-09-14 22:39:29.888165+00:00
hejivip888.com,AVAILABILITY,origin.list,2026-09-14 22:39:30.189130+00:00
hejivip555.com,AVAILABILITY,origin.list,2026-09-14 22:39:30.800614+00:00
777kaya.org,AVAILABILITY,origin.list,2026-09-14 22:39:31.464398+00:00
hejivip999.com,AVAILABILITY,origin.list,2026-09-14 22:39:31.742914+00:00
hg1995h.com,AVAILABILITY,origin.list,2026-09-14 22:39:32.410364+00:00
hejivip8.com,AVAILABILITY,origin.list,2026-09-14 22:39:32.556030+00:00
hg1995x.com,AVAILABILITY,origin.list,2026-09-14 22:39:33.235714+00:00
hgw5823.com,AVAILABILITY,origin.list,2026-09-14 22:39:33.482378+00:00
hg1995f.com,AVAILABILITY,origin.list,2026-09-14 22:39:34.309572+00:00
hbc69.cyou,AVAILABILITY,origin.list,2026-09-14 22:39:34.540385+00:00
8922011.com,AVAILABILITY,origin.list,2026-09-14 22:39:35.207611+00:00
8922025.com,AVAILABILITY,origin.list,2026-09-14 22:39:35.384792+00:00
8922027.com,AVAILABILITY,origin.list,2026-09-14 22:39:36.004278+00:00
8922033.com,AVAILABILITY,origin.list,2026-09-14 22:39:36.218267+00:00
8922053.com,AVAILABILITY,origin.list,2026-09-14 22:39:36.859570+00:00
hg1995b.com,AVAILABILITY,origin.list,2026-09-14 22:39:37.699792+00:00
hhv123.com,AVAILABILITY,origin.list,2026-09-14 22:39:38.614020+00:00
hhv456.com,AVAILABILITY,origin.list,2026-09-14 22:39:39.444903+00:00
e57.live,AVAILABILITY,origin.list,2026-09-14 22:39:40.197504+00:00
hjc880.com,AVAILABILITY,origin.list,2026-09-14 22:39:41.025274+00:00
hgw6812.com,AVAILABILITY,origin.list,2026-09-14 22:39:41.906340+00:00
hhx26.com,AVAILABILITY,origin.list,2026-09-14 22:39:42.697471+00:00
hhv889.com,AVAILABILITY,origin.list,2026-09-14 22:39:43.514584+00:00
hl5e.vn2bongvip.net,AVAILABILITY,origin.list,2026-09-14 22:39:44.306674+00:00
hl5e.vn1bongvip.com,AVAILABILITY,origin.list,2026-09-14 22:39:45.102502+00:00
hotlinefun88.com,AVAILABILITY,origin.list,2026-09-14 22:39:45.910006+00:00
1477p.com,AVAILABILITY,origin.list,2026-09-14 22:39:49.416003+00:00
htdzme.com,AVAILABILITY,origin.list,2026-09-14 22:39:50.305361+00:00
hsx82.com,AVAILABILITY,origin.list,2026-09-14 22:39:51.234333+00:00
jbo1212.com,AVAILABILITY,origin.list,2026-09-14 22:39:52.029916+00:00
hsx35.com,AVAILABILITY,origin.list,2026-09-14 22:39:52.815176+00:00
gameb52a.me,AVAILABILITY,origin.list,2026-09-14 22:39:54.177858+00:00
jbokg.com,AVAILABILITY,origin.list,2026-09-14 22:39:55.026170+00:00
fjd3355.com,AVAILABILITY,origin.list,2026-09-14 22:39:55.881460+00:00
2387cc.com,AVAILABILITY,origin.list,2026-09-14 22:40:01.630032+00:00
j2544.com,AVAILABILITY,origin.list,2026-09-14 22:40:02.509175+00:00
3734cc.com,AVAILABILITY,origin.list,2026-09-14 22:40:12.822527+00:00
hy6605.com,AVAILABILITY,origin.list,2026-09-14 22:40:16.014833+00:00
kimsa598.com,AVAILABILITY,origin.list,2026-09-14 22:40:16.889857+00:00
284776.com,AVAILABILITY,origin.list,2026-09-14 22:40:17.675412+00:00
qh875.com,AVAILABILITY,origin.list,2026-09-14 22:40:18.489800+00:00
qh911.com,AVAILABILITY,origin.list,2026-09-14 22:40:19.373033+00:00
gt393.com,AVAILABILITY,origin.list,2026-09-14 22:40:19.569614+00:00
iwon29144.com,AVAILABILITY,origin.list,2026-09-14 22:40:20.281866+00:00
jolly91.com,AVAILABILITY,origin.list,2026-09-14 22:40:20.419221+00:00
jbo5656.com,AVAILABILITY,origin.list,2026-09-14 22:40:21.130326+00:00
jinsha-app-002.com,AVAILABILITY,origin.list,2026-09-14 22:40:21.203986+00:00
jolly93.com,AVAILABILITY,origin.list,2026-09-14 22:40:21.904561+00:00
jve8.com,AVAILABILITY,origin.list,2026-09-14 22:40:22.031165+00:00
jve6.com,AVAILABILITY,origin.list,2026-09-14 22:40:22.914838+00:00
jve7.com,AVAILABILITY,origin.list,2026-09-14 22:40:23.728117+00:00
jeng5.com,AVAILABILITY,origin.list,2026-09-14 22:40:24.556681+00:00
jpfba.cc,AVAILABILITY,origin.list,2026-09-14 22:40:25.421431+00:00
k11022.com,AVAILABILITY,origin.list,2026-09-14 22:40:26.273795+00:00
k8vietnam.com,AVAILABILITY,origin.list,2026-09-14 22:40:27.165605+00:00
k11922.com,AVAILABILITY,origin.list,2026-09-14 22:40:27.991010+00:00
hy6609.com,AVAILABILITY,origin.list,2026-09-14 22:40:28.103451+00:00
k8vip1.net,AVAILABILITY,origin.list,2026-09-14 22:40:29.085041+00:00
hg955.com,AVAILABILITY,origin.list,2026-09-14 22:40:29.762226+00:00
k8vip1.com,AVAILABILITY,origin.list,2026-09-14 22:40:29.897756+00:00
k8vip3.com,AVAILABILITY,origin.list,2026-09-14 22:40:30.668519+00:00
jvn9.com,AVAILABILITY,origin.list,2026-09-14 22:40:30.715874+00:00
k8vip5.com,AVAILABILITY,origin.list,2026-09-14 22:40:31.654897+00:00
hg3188.com,AVAILABILITY,origin.list,2026-09-14 22:40:32.367436+00:00
k8vip2.com,AVAILABILITY,origin.list,2026-09-14 22:40:32.454261+00:00
k8vip4.com,AVAILABILITY,origin.list,2026-09-14 22:40:33.203802+00:00
hhgj.bet,AVAILABILITY,origin.list,2026-09-14 22:40:33.892819+00:00
k8vinavip22.com,AVAILABILITY,origin.list,2026-09-14 22:40:34.034763+00:00
kb096.com,AVAILABILITY,origin.list,2026-09-14 22:40:34.680916+00:00
hg0085.com,AVAILABILITY,origin.list,2026-09-14 22:40:35.775442+00:00
hg8085.com,AVAILABILITY,origin.list,2026-09-14 22:40:36.468089+00:00
k8vn138.com,AVAILABILITY,origin.list,2026-09-14 22:40:36.595472+00:00
kf586.com,AVAILABILITY,origin.list,2026-09-14 22:40:37.291886+00:00
k8vip6.com,AVAILABILITY,origin.list,2026-09-14 22:40:37.537714+00:00
kk3177.com,AVAILABILITY,origin.list,2026-09-14 22:40:38.438580+00:00
thethaowin.net,AVAILABILITY,origin.list,2026-09-14 22:40:39.310727+00:00
bong.thethaowin.net,AVAILABILITY,origin.list,2026-09-14 22:40:40.064856+00:00
hong88vn.pro,AVAILABILITY,origin.list,2026-09-14 22:40:41.020991+00:00
ks636.com,AVAILABILITY,origin.list,2026-09-14 22:40:41.819744+00:00
hg6776.com,AVAILABILITY,origin.list,2026-09-14 22:40:41.850916+00:00
l0309.com,AVAILABILITY,origin.list,2026-09-14 22:40:42.638198+00:00
i9bet52.life,AVAILABILITY,origin.list,2026-09-14 22:40:43.181448+00:00
ksvip01.com,AVAILABILITY,origin.list,2026-09-14 22:40:43.423588+00:00
ksvip15.com,AVAILABILITY,origin.list,2026-09-14 22:40:44.008721+00:00
desi7.net,AVAILABILITY,origin.list,2026-09-14 22:40:44.182543+00:00
288120.com,AVAILABILITY,origin.list,2026-09-14 22:40:44.919456+00:00
26794a.com,AVAILABILITY,origin.list,2026-09-14 22:40:45.012408+00:00
288140.com,AVAILABILITY,origin.list,2026-09-14 22:40:45.706819+00:00
288178.com,AVAILABILITY,origin.list,2026-09-14 22:40:45.999342+00:00
288147.com,AVAILABILITY,origin.list,2026-09-14 22:40:46.563905+00:00
288184.com,AVAILABILITY,origin.list,2026-09-14 22:40:46.846558+00:00
288224.com,AVAILABILITY,origin.list,2026-09-14 22:40:47.403941+00:00
288274.com,AVAILABILITY,origin.list,2026-09-14 22:40:47.790441+00:00
288265.com,AVAILABILITY,origin.list,2026-09-14 22:40:48.206227+00:00
288476.com,AVAILABILITY,origin.list,2026-09-14 22:40:48.609718+00:00
288412.com,AVAILABILITY,origin.list,2026-09-14 22:40:49.066135+00:00
288716.com,AVAILABILITY,origin.list,2026-09-14 22:40:49.428030+00:00
288759.com,AVAILABILITY,origin.list,2026-09-14 22:40:49.888553+00:00
288240.com,AVAILABILITY,origin.list,2026-09-14 22:40:50.316578+00:00
3451215.com,AVAILABILITY,origin.list,2026-09-14 22:40:50.671339+00:00
am997.com,AVAILABILITY,origin.list,2026-09-14 22:40:51.512511+00:00
cache.joinf8ba005.com,AVAILABILITY,origin.list,2026-09-14 22:40:51.807914+00:00
for885085.com,AVAILABILITY,origin.list,2026-09-14 22:40:52.346597+00:00
01166h.com,AVAILABILITY,origin.list,2026-09-14 22:40:52.771523+00:00
hhpfxo.com,AVAILABILITY,origin.list,2026-09-14 22:40:53.200882+00:00
hhpooq.com,AVAILABILITY,origin.list,2026-09-14 22:40:53.609862+00:00
01166y.com,AVAILABILITY,origin.list,2026-09-14 22:40:54.082479+00:00
gatewayvn-scf1.joinf8ba005.com,AVAILABILITY,origin.list,2026-09-14 22:40:54.396388+00:00
027k2.com,AVAILABILITY,origin.list,2026-09-14 22:40:54.912746+00:00
138975c.com,AVAILABILITY,origin.list,2026-09-14 22:40:55.960024+00:00
028k2.com,AVAILABILITY,origin.list,2026-09-14 22:40:57.200797+00:00
26vip22.com,AVAILABILITY,origin.list,2026-09-14 22:40:58.342462+00:00
430390.com,AVAILABILITY,origin.list,2026-09-14 22:40:59.368902+00:00
465368.com,AVAILABILITY,origin.list,2026-09-14 22:41:00.339781+00:00
df865.com,AVAILABILITY,origin.list,2026-09-14 22:41:01.361785+00:00
668756.com,AVAILABILITY,origin.list,2026-09-14 22:41:02.369249+00:00
55663322.com,AVAILABILITY,origin.list,2026-09-14 22:41:03.217242+00:00
910c75.com,AVAILABILITY,origin.list,2026-09-14 22:41:04.190322+00:00
jililivea5.com,AVAILABILITY,origin.list,2026-09-14 22:41:05.023328+00:00
hbc789.work,AVAILABILITY,origin.list,2026-09-14 22:41:05.794261+00:00
jiliparty59.com,AVAILABILITY,origin.list,2026-09-14 22:41:06.665428+00:00
jiliparty38.com,AVAILABILITY,origin.list,2026-09-14 22:41:07.559282+00:00
jiliparty92.com,AVAILABILITY,origin.list,2026-09-14 22:41:08.551511+00:00
jiliparty87.com,AVAILABILITY,origin.list,2026-09-14 22:41:09.401470+00:00
b2wei.com,AVAILABILITY,origin.list,2026-09-14 22:41:16.201126+00:00
sunbet06.com,AVAILABILITY,origin.list,2026-09-14 22:41:17.095220+00:00
jiliparty96.com,AVAILABILITY,origin.list,2026-09-14 22:41:17.866866+00:00
288134.com,AVAILABILITY,origin.list,2026-09-14 22:41:18.733040+00:00
288203.com,AVAILABILITY,origin.list,2026-09-14 22:41:19.524626+00:00
288601.com,AVAILABILITY,origin.list,2026-09-14 22:41:20.327929+00:00
5517m.com,AVAILABILITY,origin.list,2026-09-14 22:41:20.641699+00:00
shbet.chat,AVAILABILITY,origin.list,2026-09-14 22:41:21.239772+00:00
288204.com,AVAILABILITY,origin.list,2026-09-14 22:41:21.451287+00:00
288921.com,AVAILABILITY,origin.list,2026-09-14 22:41:22.076432+00:00
7583388.com,AVAILABILITY,origin.list,2026-09-14 22:41:22.255016+00:00
288621.com,AVAILABILITY,origin.list,2026-09-14 22:41:22.984320+00:00
288954.com,AVAILABILITY,origin.list,2026-09-14 22:41:23.068709+00:00
288741.com,AVAILABILITY,origin.list,2026-09-14 22:41:24.111371+00:00
i9916.com,AVAILABILITY,origin.list,2026-09-14 22:41:24.930405+00:00
33betx.com,AVAILABILITY,origin.list,2026-09-14 22:41:25.951795+00:00
45026666.com,AVAILABILITY,origin.list,2026-09-14 22:41:26.927836+00:00
i9913.com,AVAILABILITY,origin.list,2026-09-14 22:41:27.745219+00:00
www.33betx.com,AVAILABILITY,origin.list,2026-09-14 22:41:28.689522+00:00
agks666.com,AVAILABILITY,origin.list,2026-09-14 22:41:37.872307+00:00
7f1r0n7esu4l0g9jv1bl.com,AVAILABILITY,origin.list,2026-09-14 22:41:38.628495+00:00
1519629.com,AVAILABILITY,origin.list,2026-09-14 22:41:39.423660+00:00
1519661.com,AVAILABILITY,origin.list,2026-09-14 22:41:40.220595+00:00
1519867.com,AVAILABILITY,origin.list,2026-09-14 22:41:41.047943+00:00
399783.com,AVAILABILITY,origin.list,2026-09-14 22:41:41.843834+00:00
1519948.com,AVAILABILITY,origin.list,2026-09-14 22:41:42.680974+00:00
01678xpj.top,AVAILABILITY,origin.list,2026-09-14 22:41:43.672474+00:00
jeng3.com,AVAILABILITY,origin.list,2026-09-14 22:41:44.535322+00:00
770644.com,AVAILABILITY,origin.list,2026-09-14 22:41:45.407498+00:00
992687.com,AVAILABILITY,origin.list,2026-09-14 22:41:46.357049+00:00
dk.zoplay.top,AVAILABILITY,origin.list,2026-09-14 22:41:47.115870+00:00
csnsurewin.site,AVAILABILITY,origin.list,2026-09-14 22:41:48.141646+00:00
js333.games,AVAILABILITY,origin.list,2026-09-14 22:41:54.706382+00:00
7700888d.com,AVAILABILITY,origin.list,2026-09-14 22:41:55.842276+00:00
cshsurewin.site,AVAILABILITY,origin.list,2026-09-14 22:41:56.680752+00:00
zoplay.top,AVAILABILITY,origin.list,2026-09-14 22:41:57.664637+00:00
csrsurewin.site,AVAILABILITY,origin.list,2026-09-14 22:41:58.538260+00:00
23640c.com,AVAILABILITY,origin.list,2026-09-14 22:41:59.337818+00:00
hg7719.com,AVAILABILITY,origin.list,2026-09-14 22:42:00.213765+00:00
b518110.com,AVAILABILITY,origin.list,2026-09-14 22:42:05.701843+00:00
240789.com,AVAILABILITY,origin.list,2026-09-14 22:42:06.523528+00:00
82792c.com,AVAILABILITY,origin.list,2026-09-14 22:42:07.334178+00:00
23640d.com,AVAILABILITY,origin.list,2026-09-14 22:42:08.343656+00:00
91468c.com,AVAILABILITY,origin.list,2026-09-14 22:42:09.220805+00:00
116648ok.com,AVAILABILITY,origin.list,2026-09-14 22:42:09.990920+00:00
1258365.com,AVAILABILITY,origin.list,2026-09-14 22:42:10.839602+00:00
k8pro.com,AVAILABILITY,origin.list,2026-09-14 22:42:11.276353+00:00
188jilinv.com,AVAILABILITY,origin.list,2026-09-14 22:42:11.608270+00:00
55525s.com,AVAILABILITY,origin.list,2026-09-14 22:42:12.080306+00:00
575121.com,AVAILABILITY,origin.list,2026-09-14 22:42:12.907596+00:00
66625s.com,AVAILABILITY,origin.list,2026-09-14 22:42:13.772845+00:00
66658s.com,AVAILABILITY,origin.list,2026-09-14 22:42:14.659644+00:00
786551.com,AVAILABILITY,origin.list,2026-09-14 22:42:15.530200+00:00
786554.com,AVAILABILITY,origin.list,2026-09-14 22:42:16.416295+00:00
bachhoa88.com,AVAILABILITY,origin.list,2026-09-14 22:42:17.221548+00:00
14ccc.cn,AVAILABILITY,origin.list,2026-09-14 22:42:22.145060+00:00
k8vn.com,AVAILABILITY,origin.list,2026-09-14 22:42:22.647841+00:00
cnbiwey81.com,AVAILABILITY,origin.list,2026-09-14 22:42:23.440878+00:00
cnbiwey84.com,AVAILABILITY,origin.list,2026-09-14 22:42:24.235184+00:00
fjili9.com,AVAILABILITY,origin.list,2026-09-14 22:42:25.154918+00:00
52tvb.cn,AVAILABILITY,origin.list,2026-09-14 22:42:27.263367+00:00
ibway60.com,AVAILABILITY,origin.list,2026-09-14 22:42:28.088623+00:00
ibway61.com,AVAILABILITY,origin.list,2026-09-14 22:42:29.056205+00:00
1686891.vip,AVAILABILITY,origin.list,2026-09-14 22:42:36.093768+00:00
ibway66.com,AVAILABILITY,origin.list,2026-09-14 22:58:24.872178+00:00
deca.bet,AVAILABILITY,origin.list,2026-09-14 22:58:30.225543+00:00
ibiwei68.com,AVAILABILITY,origin.list,2026-09-14 22:58:31.678825+00:00
922246.cn,AVAILABILITY,origin.list,2026-09-14 22:58:35.488511+00:00
vnsodo10.com,AVAILABILITY,origin.list,2026-09-14 22:58:36.779571+00:00
ibway69.com,AVAILABILITY,origin.list,2026-09-14 22:58:36.960919+00:00
v62566.com,AVAILABILITY,origin.list,2026-09-14 22:58:38.084558+00:00
v91799.com,AVAILABILITY,origin.list,2026-09-14 22:58:39.425401+00:00
79792888.com,AVAILABILITY,origin.list,2026-09-14 22:58:40.779937+00:00
786564.com,AVAILABILITY,origin.list,2026-09-14 22:58:42.252156+00:00
phbet86.bet,AVAILABILITY,origin.list,2026-09-14 22:58:44.898155+00:00
jbo009.com,AVAILABILITY,origin.list,2026-09-14 22:58:46.532517+00:00
crazyjili888.com,AVAILABILITY,origin.list,2026-09-14 22:58:48.036737+00:00
jbo063.com,AVAILABILITY,origin.list,2026-09-14 22:58:49.347027+00:00
vnsodo12.com,AVAILABILITY,origin.list,2026-09-14 22:58:50.106757+00:00
jbo059.com,AVAILABILITY,origin.list,2026-09-14 22:58:50.857211+00:00
jbo081.com,AVAILABILITY,origin.list,2026-09-14 22:58:51.665064+00:00
jbo069.com,AVAILABILITY,origin.list,2026-09-14 22:58:53.242166+00:00
jiliappbdt3.com,AVAILABILITY,origin.list,2026-09-14 22:58:54.997848+00:00
66663s.com,AVAILABILITY,origin.list,2026-09-14 22:59:01.267731+00:00
jbo084.com,AVAILABILITY,origin.list,2026-09-14 22:59:02.571973+00:00
jiliappbdt5.com,AVAILABILITY,origin.list,2026-09-14 22:59:03.954206+00:00
jiliappbdt4.com,AVAILABILITY,origin.list,2026-09-14 22:59:05.321109+00:00
jiliappidn5.com,AVAILABILITY,origin.list,2026-09-14 22:59:06.662822+00:00
jiliappidn3.com,AVAILABILITY,origin.list,2026-09-14 22:59:07.972856+00:00
vnsodo0.com,AVAILABILITY,origin.list,2026-09-14 22:59:08.213730+00:00
jiliappin22.com,AVAILABILITY,origin.list,2026-09-14 22:59:09.366139+00:00
jiliappin23.com,AVAILABILITY,origin.list,2026-09-14 22:59:09.513279+00:00
jiliparty866.com,AVAILABILITY,origin.list,2026-09-14 22:59:10.699467+00:00
sz6803.com,AVAILABILITY,origin.list,2026-09-14 22:59:10.919078+00:00
bongro88.com,AVAILABILITY,origin.list,2026-09-14 22:59:12.084866+00:00
kbo12.com,AVAILABILITY,origin.list,2026-09-14 22:59:12.284306+00:00
choigame88.com,AVAILABILITY,origin.list,2026-09-14 22:59:13.491362+00:00
esport88vn.com,AVAILABILITY,origin.list,2026-09-14 22:59:13.670670+00:00
jiliparty12.com,AVAILABILITY,origin.list,2026-09-14 22:59:15.040411+00:00
jiliparty11.com,AVAILABILITY,origin.list,2026-09-14 22:59:16.384559+00:00
jiliparty21.com,AVAILABILITY,origin.list,2026-09-14 22:59:17.725139+00:00
jiliparty19.com,AVAILABILITY,origin.list,2026-09-14 22:59:19.100201+00:00
jiliparty27.com,AVAILABILITY,origin.list,2026-09-14 22:59:20.496859+00:00
jiliparty32.com,AVAILABILITY,origin.list,2026-09-14 22:59:21.856955+00:00
vnsodo11.com,AVAILABILITY,origin.list,2026-09-14 22:59:26.685856+00:00
jiliparty33.com,AVAILABILITY,origin.list,2026-09-14 22:59:28.026203+00:00
jiliparty36.com,AVAILABILITY,origin.list,2026-09-14 22:59:29.310608+00:00
vnsodo14.com,AVAILABILITY,origin.list,2026-09-14 22:59:35.116105+00:00
vnsodo13.com,AVAILABILITY,origin.list,2026-09-14 22:59:42.544789+00:00
jiliparty39.com,AVAILABILITY,origin.list,2026-09-14 22:59:43.923959+00:00
dola99.vip,AVAILABILITY,origin.list,2026-09-14 22:59:54.746965+00:00
jiliparty37.com,AVAILABILITY,origin.list,2026-09-14 22:59:56.083899+00:00
vnsodo15.com,AVAILABILITY,origin.list,2026-09-14 22:59:57.189748+00:00
jiliparty43.com,AVAILABILITY,origin.list,2026-09-14 22:59:57.431876+00:00
jiliparty49.com,AVAILABILITY,origin.list,2026-09-14 22:59:58.579572+00:00
jiliparty42.com,AVAILABILITY,origin.list,2026-09-14 22:59:58.767908+00:00
jiliparty50.com,AVAILABILITY,origin.list,2026-09-14 22:59:59.902530+00:00
jiliparty61.com,AVAILABILITY,origin.list,2026-09-14 23:00:00.127371+00:00
jiliparty46.com,AVAILABILITY,origin.list,2026-09-14 23:00:01.264404+00:00
jiliparty62.com,AVAILABILITY,origin.list,2026-09-14 23:00:01.461460+00:00
jiliparty64.com,AVAILABILITY,origin.list,2026-09-14 23:00:02.639837+00:00
jiliparty65.com,AVAILABILITY,origin.list,2026-09-14 23:00:02.778667+00:00
jiliparty60.com,AVAILABILITY,origin.list,2026-09-14 23:00:04.010313+00:00
jiliparty69.com,AVAILABILITY,origin.list,2026-09-14 23:00:04.178613+00:00
jiliparty72.com,AVAILABILITY,origin.list,2026-09-14 23:00:05.372224+00:00
jiliparty81.com,AVAILABILITY,origin.list,2026-09-14 23:00:05.512249+00:00
jiliparty82.com,AVAILABILITY,origin.list,2026-09-14 23:00:06.710527+00:00
jiliparty88.com,AVAILABILITY,origin.list,2026-09-14 23:00:06.888434+00:00
jiliparty63.com,AVAILABILITY,origin.list,2026-09-14 23:00:07.992536+00:00
jiliparty85.com,AVAILABILITY,origin.list,2026-09-14 23:00:08.192234+00:00
jiliparty94.com,AVAILABILITY,origin.list,2026-09-14 23:00:09.329144+00:00
jiliparty89.com,AVAILABILITY,origin.list,2026-09-14 23:00:09.450324+00:00
jiliparty95.com,AVAILABILITY,origin.list,2026-09-14 23:00:10.724422+00:00
jiliparty98.com,AVAILABILITY,origin.list,2026-09-14 23:00:10.799227+00:00
jiliparty99.com,AVAILABILITY,origin.list,2026-09-14 23:00:12.217258+00:00
landpage.rabbitclubs.com,AVAILABILITY,origin.list,2026-09-14 23:00:13.521099+00:00
xywy888.com,AVAILABILITY,origin.list,2026-09-14 23:00:14.902873+00:00
landpage.game-rabbit.com,AVAILABILITY,origin.list,2026-09-14 23:00:16.430260+00:00
le5533.com,AVAILABILITY,origin.list,2026-09-14 23:00:17.810057+00:00
liboplay.net,AVAILABILITY,origin.list,2026-09-14 23:00:19.176974+00:00
legaviet.com,AVAILABILITY,origin.list,2026-09-14 23:00:20.508516+00:00
vnsodo3.com,AVAILABILITY,origin.list,2026-09-14 23:00:23.571507+00:00
k8vn.world,AVAILABILITY,origin.list,2026-09-14 23:00:24.361667+00:00
ldss888.com,AVAILABILITY,origin.list,2026-09-14 23:00:24.936085+00:00
liubeizc.com,AVAILABILITY,origin.list,2026-09-14 23:00:25.653879+00:00
macau11.net,AVAILABILITY,origin.list,2026-09-14 23:00:26.272846+00:00
ltt3fun28.com,AVAILABILITY,origin.list,2026-09-14 23:00:27.700208+00:00
maw5h.vnbongvip.com,AVAILABILITY,origin.list,2026-09-14 23:00:29.023008+00:00
shbet.cash,AVAILABILITY,origin.list,2026-09-14 23:00:31.365827+00:00
m.kldfs9as82j4fd.com,AVAILABILITY,origin.list,2026-09-14 23:00:32.917453+00:00
m.bty962.com,AVAILABILITY,origin.list,2026-09-14 23:00:34.482032+00:00
mc1222.com,AVAILABILITY,origin.list,2026-09-14 23:00:35.815502+00:00
hua11.top,AVAILABILITY,origin.list,2026-09-14 23:00:38.321154+00:00
vnsodo4.com,AVAILABILITY,origin.list,2026-09-14 23:00:38.738255+00:00
11662024.com,AVAILABILITY,origin.list,2026-09-14 23:00:39.635391+00:00
256781.com,AVAILABILITY,origin.list,2026-09-14 23:00:41.023414+00:00
668825.com,AVAILABILITY,origin.list,2026-09-14 23:00:42.385012+00:00
m.bong99.in,AVAILABILITY,origin.list,2026-09-14 23:00:44.538501+00:00
1199.win,AVAILABILITY,origin.list,2026-09-14 23:00:46.299476+00:00
choigem.skin,AVAILABILITY,origin.list,2026-09-14 23:00:48.354443+00:00
68gbvip15.shop,AVAILABILITY,origin.list,2026-09-14 23:00:48.734023+00:00
7592889.com,AVAILABILITY,origin.list,2026-09-14 23:00:49.737905+00:00
1xhape.com,AVAILABILITY,origin.list,2026-09-14 23:00:50.101822+00:00
mm31666.net,AVAILABILITY,origin.list,2026-09-14 23:00:51.448723+00:00
m.bong99.me,AVAILABILITY,origin.list,2026-09-14 23:00:52.170761+00:00
66861070.app,AVAILABILITY,origin.list,2026-09-14 23:00:52.561157+00:00
jilivebd01.com,AVAILABILITY,origin.list,2026-09-14 23:00:53.551495+00:00
phbk8.com,AVAILABILITY,origin.list,2026-09-14 23:00:54.943131+00:00
desi7.casino,AVAILABILITY,origin.list,2026-09-14 23:00:55.214475+00:00
mbx88.com,AVAILABILITY,origin.list,2026-09-14 23:00:56.354126+00:00
jdb66.online,AVAILABILITY,origin.list,2026-09-14 23:00:56.499028+00:00
privetdafa.com,AVAILABILITY,origin.list,2026-09-14 23:00:57.696663+00:00
7526t.com,AVAILABILITY,origin.list,2026-09-14 23:00:57.826500+00:00
7963t.com,AVAILABILITY,origin.list,2026-09-14 23:00:59.215239+00:00
m.okvipcj.com,AVAILABILITY,origin.list,2026-09-14 23:00:59.279496+00:00
sene3.com,AVAILABILITY,origin.list,2026-09-14 23:01:00.587010+00:00
www.mbx88.com,AVAILABILITY,origin.list,2026-09-14 23:01:00.788093+00:00
ts.pu77.net,AVAILABILITY,origin.list,2026-09-14 23:01:01.956171+00:00
12biying.com,AVAILABILITY,origin.list,2026-09-14 23:01:02.071304+00:00
12haochai.com,AVAILABILITY,origin.list,2026-09-14 23:01:03.307816+00:00
freebonus1x.com,AVAILABILITY,origin.list,2026-09-14 23:01:03.381009+00:00
12sheng.com,AVAILABILITY,origin.list,2026-09-14 23:01:04.715875+00:00
12xinwang.com,AVAILABILITY,origin.list,2026-09-14 23:01:04.750700+00:00
12soonli.com,AVAILABILITY,origin.list,2026-09-14 23:01:05.991329+00:00
fe-source.kangxinzhiyuan.com,AVAILABILITY,origin.list,2026-09-14 23:01:06.086864+00:00
bk8vin.com,AVAILABILITY,origin.list,2026-09-14 23:01:07.432832+00:00
8441t.com,AVAILABILITY,origin.list,2026-09-14 23:01:08.838545+00:00
w88bet.live,AVAILABILITY,origin.list,2026-09-14 23:01:09.769467+00:00
227227310.com,AVAILABILITY,origin.list,2026-09-14 23:01:10.207498+00:00
i9.hethongxacthuc.com,AVAILABILITY,origin.list,2026-09-14 23:01:11.164253+00:00
mkt07.vn1bongvip.com,AVAILABILITY,origin.list,2026-09-14 23:01:11.562536+00:00
hong88vn.click,AVAILABILITY,origin.list,2026-09-14 23:01:12.606727+00:00
mqbsp.com,AVAILABILITY,origin.list,2026-09-14 23:01:13.976408+00:00
nextsb.net,AVAILABILITY,origin.list,2026-09-14 23:01:15.338323+00:00
mve3.com,AVAILABILITY,origin.list,2026-09-14 23:01:16.724584+00:00
nvn4.com,AVAILABILITY,origin.list,2026-09-14 23:01:18.096191+00:00
366911.com,AVAILABILITY,origin.list,2026-09-14 23:01:19.053418+00:00
mve9.com,AVAILABILITY,origin.list,2026-09-14 23:01:19.445294+00:00
njkozo.com,AVAILABILITY,origin.list,2026-09-14 23:01:20.424958+00:00
nn8013.com,AVAILABILITY,origin.list,2026-09-14 23:01:20.883595+00:00
on8866.com,AVAILABILITY,origin.list,2026-09-14 23:01:21.736597+00:00
288jili.bar,AVAILABILITY,origin.list,2026-09-14 23:01:22.269141+00:00
cs687.com,AVAILABILITY,origin.list,2026-09-14 23:01:23.043266+00:00
288jili.online,AVAILABILITY,origin.list,2026-09-14 23:01:24.400542+00:00
90se.cn,AVAILABILITY,origin.list,2026-09-14 23:01:25.608511+00:00
mb66aa.ltd,AVAILABILITY,origin.list,2026-09-14 23:01:26.478970+00:00
19891188.com,AVAILABILITY,origin.list,2026-09-14 23:01:26.975139+00:00
fun9009.com,AVAILABILITY,origin.list,2026-09-14 23:01:28.373983+00:00
d4gao.cn,AVAILABILITY,origin.list,2026-09-14 23:01:29.411578+00:00
k8live33.com,AVAILABILITY,origin.list,2026-09-14 23:01:29.671933+00:00
tv5000.cn,AVAILABILITY,origin.list,2026-09-14 23:01:31.959768+00:00
wet123.cn,AVAILABILITY,origin.list,2026-09-14 23:01:32.103581+00:00
189y.net,AVAILABILITY,origin.list,2026-09-14 23:01:33.453068+00:00
191y.net,AVAILABILITY,origin.list,2026-09-14 23:01:34.787500+00:00
197y.net,AVAILABILITY,origin.list,2026-09-14 23:01:36.127452+00:00
192y.net,AVAILABILITY,origin.list,2026-09-14 23:01:37.513003+00:00
19789ii.com,AVAILABILITY,origin.list,2026-09-14 23:01:39.840748+00:00
202y.net,AVAILABILITY,origin.list,2026-09-14 23:01:41.213620+00:00
tt258.cn,AVAILABILITY,origin.list,2026-09-14 23:01:41.257833+00:00
204kyty.com,AVAILABILITY,origin.list,2026-09-14 23:01:42.570791+00:00
203y.net,AVAILABILITY,origin.list,2026-09-14 23:01:42.598031+00:00
204y.net,AVAILABILITY,origin.list,2026-09-14 23:01:43.932760+00:00
208y.net,AVAILABILITY,origin.list,2026-09-14 23:01:43.959743+00:00
205kyty.com,AVAILABILITY,origin.list,2026-09-14 23:01:45.250126+00:00
217kyty.com,AVAILABILITY,origin.list,2026-09-14 23:01:45.265683+00:00
217y.net,AVAILABILITY,origin.list,2026-09-14 23:01:46.553170+00:00
215y.net,AVAILABILITY,origin.list,2026-09-14 23:01:46.664618+00:00
220kyty.com,AVAILABILITY,origin.list,2026-09-14 23:01:47.887721+00:00
220y.net,AVAILABILITY,origin.list,2026-09-14 23:01:48.027141+00:00
222kyty.com,AVAILABILITY,origin.list,2026-09-14 23:01:49.235208+00:00
231kyty.com,AVAILABILITY,origin.list,2026-09-14 23:01:49.391641+00:00
224kyty.com,AVAILABILITY,origin.list,2026-09-14 23:01:50.585976+00:00
241kyty.com,AVAILABILITY,origin.list,2026-09-14 23:01:50.663298+00:00
239kyty.com,AVAILABILITY,origin.list,2026-09-14 23:01:51.903684+00:00
246kyty.com,AVAILABILITY,origin.list,2026-09-14 23:01:51.982491+00:00
241y.net,AVAILABILITY,origin.list,2026-09-14 23:01:53.260326+00:00
251kyty.com,AVAILABILITY,origin.list,2026-09-14 23:01:53.378913+00:00
249kyty.com,AVAILABILITY,origin.list,2026-09-14 23:01:54.617229+00:00
255kyty.com,AVAILABILITY,origin.list,2026-09-14 23:01:54.731513+00:00
257kyty.com,AVAILABILITY,origin.list,2026-09-14 23:01:55.908941+00:00
259kyty.com,AVAILABILITY,origin.list,2026-09-14 23:01:56.075300+00:00
261y.net,AVAILABILITY,origin.list,2026-09-14 23:01:57.285959+00:00
267y.net,AVAILABILITY,origin.list,2026-09-14 23:01:57.387145+00:00
259y.net,AVAILABILITY,origin.list,2026-09-14 23:01:58.618638+00:00
266kyty.com,AVAILABILITY,origin.list,2026-09-14 23:01:58.733004+00:00
268kyty.com,AVAILABILITY,origin.list,2026-09-14 23:01:59.973412+00:00
269y.net,AVAILABILITY,origin.list,2026-09-14 23:02:00.097380+00:00
268y.net,AVAILABILITY,origin.list,2026-09-14 23:02:01.328930+00:00
274kyty.com,AVAILABILITY,origin.list,2026-09-14 23:02:02.667936+00:00
280y.net,AVAILABILITY,origin.list,2026-09-14 23:02:04.010008+00:00
288y.net,AVAILABILITY,origin.list,2026-09-14 23:02:05.456317+00:00
284y.net,AVAILABILITY,origin.list,2026-09-14 23:02:06.834286+00:00
297kyty.com,AVAILABILITY,origin.list,2026-09-14 23:02:08.170388+00:00
apitvbetframe1.com,AVAILABILITY,origin.list,2026-09-14 23:02:08.769795+00:00
292kyty.com,AVAILABILITY,origin.list,2026-09-14 23:02:10.055016+00:00
304y.net,AVAILABILITY,origin.list,2026-09-14 23:02:11.380851+00:00
303kyty.com,AVAILABILITY,origin.list,2026-09-14 23:02:12.748852+00:00
305kyty.com,AVAILABILITY,origin.list,2026-09-14 23:02:14.043296+00:00
306kyty.com,AVAILABILITY,origin.list,2026-09-14 23:02:15.416857+00:00
315kyty.com,AVAILABILITY,origin.list,2026-09-14 23:02:17.191178+00:00
313y.net,AVAILABILITY,origin.list,2026-09-14 23:02:18.561430+00:00
317y.net,AVAILABILITY,origin.list,2026-09-14 23:02:19.917498+00:00
323kyty.com,AVAILABILITY,origin.list,2026-09-14 23:02:21.223882+00:00
vipsodo.ph,AVAILABILITY,origin.list,2026-09-14 23:02:21.509636+00:00
325kyty.com,AVAILABILITY,origin.list,2026-09-14 23:02:22.571461+00:00
324kyty.com,AVAILABILITY,origin.list,2026-09-14 23:02:22.907003+00:00
330y.net,AVAILABILITY,origin.list,2026-09-14 23:02:23.882099+00:00
326kyty.com,AVAILABILITY,origin.list,2026-09-14 23:02:24.282727+00:00
332kyty.com,AVAILABILITY,origin.list,2026-09-14 23:02:25.184115+00:00
331kyty.com,AVAILABILITY,origin.list,2026-09-14 23:02:25.652778+00:00
k8vi02.com,AVAILABILITY,origin.list,2026-09-14 23:02:26.640546+00:00
38584d.com,AVAILABILITY,origin.list,2026-09-14 23:02:27.022070+00:00
6622m.com,AVAILABILITY,origin.list,2026-09-14 23:02:27.982195+00:00
546722.cc,AVAILABILITY,origin.list,2026-09-14 23:02:29.393122+00:00
jiliapp.download,AVAILABILITY,origin.list,2026-09-14 23:02:29.641181+00:00
betway119.com,AVAILABILITY,origin.list,2026-09-14 23:02:30.790019+00:00
546711.cc,AVAILABILITY,origin.list,2026-09-14 23:02:31.019152+00:00
1aomen.com,AVAILABILITY,origin.list,2026-09-14 23:02:32.112813+00:00
7879bet.xyz,AVAILABILITY,origin.list,2026-09-14 23:02:32.771705+00:00
api.8922026.com,AVAILABILITY,origin.list,2026-09-14 23:02:33.473194+00:00
2273j.com,AVAILABILITY,origin.list,2026-09-14 23:02:34.092744+00:00
1243cc.com,AVAILABILITY,origin.list,2026-09-14 23:02:34.734876+00:00
7922j.com,AVAILABILITY,origin.list,2026-09-14 23:02:35.447644+00:00
fi8822.com,AVAILABILITY,origin.list,2026-09-14 23:02:36.116005+00:00
fu5.link,AVAILABILITY,origin.list,2026-09-14 23:02:37.430623+00:00
26lovejili.club,AVAILABILITY,origin.list,2026-09-14 23:02:38.067921+00:00
118255g.com,AVAILABILITY,origin.list,2026-09-14 23:02:38.844823+00:00
91wowph.club,AVAILABILITY,origin.list,2026-09-14 23:02:41.291181+00:00
34jilipark.club,AVAILABILITY,origin.list,2026-09-14 23:02:41.588753+00:00
118255c.com,AVAILABILITY,origin.list,2026-09-14 23:02:42.635902+00:00
034034a.com,AVAILABILITY,origin.list,2026-09-14 23:02:42.951371+00:00
04uu88.com,AVAILABILITY,origin.list,2026-09-14 23:02:43.987524+00:00
12741p.com,AVAILABILITY,origin.list,2026-09-14 23:02:44.329682+00:00
17248z.com,AVAILABILITY,origin.list,2026-09-14 23:02:45.307968+00:00
2200365.com,AVAILABILITY,origin.list,2026-09-14 23:02:45.645213+00:00
aomen23111888.com,AVAILABILITY,origin.list,2026-09-14 23:02:46.817460+00:00
kty1981.com,AVAILABILITY,origin.list,2026-09-14 23:02:47.116952+00:00
mfkdj.com,AVAILABILITY,origin.list,2026-09-14 23:02:48.308577+00:00
winvn23.co,AVAILABILITY,origin.list,2026-09-14 23:02:48.461741+00:00
20256622.com,AVAILABILITY,origin.list,2026-09-14 23:02:49.796090+00:00
au88link.pro,AVAILABILITY,origin.list,2026-09-14 23:02:51.345719+00:00
www.winvn23.co,AVAILABILITY,origin.list,2026-09-14 23:02:51.674903+00:00
23023x.com,AVAILABILITY,origin.list,2026-09-14 23:02:52.810962+00:00
18dtt.com,AVAILABILITY,origin.list,2026-09-14 23:02:53.023911+00:00
ae58888.com,AVAILABILITY,origin.list,2026-09-14 23:02:54.178952+00:00
33y01.com,AVAILABILITY,origin.list,2026-09-14 23:02:54.393202+00:00
80900su.com,AVAILABILITY,origin.list,2026-09-14 23:02:55.519010+00:00
api-client.okvipworldcup.com,AVAILABILITY,origin.list,2026-09-14 23:02:55.717144+00:00
api.8922007.com,AVAILABILITY,origin.list,2026-09-14 23:02:57.218012+00:00
627249.xyz,AVAILABILITY,origin.list,2026-09-14 23:02:57.531990+00:00
api.8922047.com,AVAILABILITY,origin.list,2026-09-14 23:02:58.560623+00:00
bcqhtcy.xyz,AVAILABILITY,origin.list,2026-09-14 23:18:18.212941+00:00
ahtnesj.xyz,AVAILABILITY,origin.list,2026-09-14 23:18:18.255462+00:00
bbnasul.xyz,AVAILABILITY,origin.list,2026-09-14 23:18:19.569765+00:00
76c43.bet,AVAILABILITY,origin.list,2026-09-14 23:18:20.260406+00:00
biwei63.com,AVAILABILITY,origin.list,2026-09-14 23:18:20.507674+00:00
c5544.com,AVAILABILITY,origin.list,2026-09-14 23:18:21.431829+00:00
btaogtt.xyz,AVAILABILITY,origin.list,2026-09-14 23:18:21.457433+00:00
bzuzatp.xyz,AVAILABILITY,origin.list,2026-09-14 23:18:22.649437+00:00
cbvqddw.xyz,AVAILABILITY,origin.list,2026-09-14 23:18:23.826051+00:00
bzycdag.xyz,AVAILABILITY,origin.list,2026-09-14 23:18:24.917690+00:00
crownjili888.com,AVAILABILITY,origin.list,2026-09-14 23:18:25.923683+00:00
1xbetko.com,AVAILABILITY,origin.list,2026-09-14 23:18:37.070988+00:00
cdvzlmv.xyz,AVAILABILITY,origin.list,2026-09-14 23:18:38.239413+00:00
cpc1.livestreams88.com,AVAILABILITY,origin.list,2026-09-14 23:18:39.098823+00:00
cpearzc.xyz,AVAILABILITY,origin.list,2026-09-14 23:18:40.129307+00:00
dajoqoa.xyz,AVAILABILITY,origin.list,2026-09-14 23:18:41.228171+00:00
csrvwot.xyz,AVAILABILITY,origin.list,2026-09-14 23:18:42.387272+00:00
dckxwhw.xyz,AVAILABILITY,origin.list,2026-09-14 23:18:43.447179+00:00
bs1688.vip,AVAILABILITY,origin.list,2026-09-14 23:18:43.623179+00:00
deztuyn.xyz,AVAILABILITY,origin.list,2026-09-14 23:18:44.672941+00:00
emijlcn.xyz,AVAILABILITY,origin.list,2026-09-14 23:18:44.673646+00:00
fi8866.com,AVAILABILITY,origin.list,2026-09-14 23:18:45.580934+00:00
egyubzj.xyz,AVAILABILITY,origin.list,2026-09-14 23:18:45.887883+00:00
entkfbt.xyz,AVAILABILITY,origin.list,2026-09-14 23:18:46.650445+00:00
fi8883.com,AVAILABILITY,origin.list,2026-09-14 23:18:46.726099+00:00
fi8889.com,AVAILABILITY,origin.list,2026-09-14 23:18:47.660922+00:00
exhhcxd.xyz,AVAILABILITY,origin.list,2026-09-14 23:18:47.846837+00:00
2566300.com,AVAILABILITY,origin.list,2026-09-14 23:18:48.444147+00:00
31974f.com,AVAILABILITY,origin.list,2026-09-14 23:18:48.690850+00:00
31974d.com,AVAILABILITY,origin.list,2026-09-14 23:18:49.421443+00:00
dubai234.com,AVAILABILITY,origin.list,2026-09-14 23:18:49.428768+00:00
nova88khel.com,AVAILABILITY,origin.list,2026-09-14 23:18:50.367731+00:00
n0566.com,AVAILABILITY,origin.list,2026-09-14 23:18:50.426073+00:00
kucasino.today,AVAILABILITY,origin.list,2026-09-14 23:18:51.248509+00:00
u1010.com,AVAILABILITY,origin.list,2026-09-14 23:18:51.330633+00:00
fortmzd.xyz,AVAILABILITY,origin.list,2026-09-14 23:18:52.288548+00:00
vn88.solutions,AVAILABILITY,origin.list,2026-09-14 23:18:53.287062+00:00
giwggxu.xyz,AVAILABILITY,origin.list,2026-09-14 23:18:54.598285+00:00
fjcmhhl.xyz,AVAILABILITY,origin.list,2026-09-14 23:18:55.638849+00:00
gjhoioo.xyz,AVAILABILITY,origin.list,2026-09-14 23:18:56.649856+00:00
gjpfoev.xyz,AVAILABILITY,origin.list,2026-09-14 23:18:57.690522+00:00
gwobpsg.xyz,AVAILABILITY,origin.list,2026-09-14 23:18:58.723739+00:00
hdwiswy.xyz,AVAILABILITY,origin.list,2026-09-14 23:18:59.785357+00:00
gzrujto.xyz,AVAILABILITY,origin.list,2026-09-14 23:19:00.849231+00:00
hkcqdak.xyz,AVAILABILITY,origin.list,2026-09-14 23:19:01.896027+00:00
info18d.com,AVAILABILITY,origin.list,2026-09-14 23:19:02.662868+00:00
a188cs.sc881.net,AVAILABILITY,origin.list,2026-09-14 23:19:03.663076+00:00
hchalhi.xyz,AVAILABILITY,origin.list,2026-09-14 23:19:03.851009+00:00
hkunnof.xyz,AVAILABILITY,origin.list,2026-09-14 23:19:05.046178+00:00
kucasino.dev,AVAILABILITY,origin.list,2026-09-14 23:19:05.140228+00:00
hyhsowu.xyz,AVAILABILITY,origin.list,2026-09-14 23:19:06.086177+00:00
hwxzdua.xyz,AVAILABILITY,origin.list,2026-09-14 23:19:06.209844+00:00
shbet89.com,AVAILABILITY,origin.list,2026-09-14 23:19:06.874416+00:00
hwyycmt.xyz,AVAILABILITY,origin.list,2026-09-14 23:19:07.231019+00:00
00092dl.com,AVAILABILITY,origin.list,2026-09-14 23:19:07.754700+00:00
g2881.com,AVAILABILITY,origin.list,2026-09-14 23:19:08.353047+00:00
svip0099.com,AVAILABILITY,origin.list,2026-09-14 23:19:08.620131+00:00
k9vn1.com,AVAILABILITY,origin.list,2026-09-14 23:19:09.247831+00:00
soicaukubet.online,AVAILABILITY,origin.list,2026-09-14 23:19:09.963524+00:00
490066.com,AVAILABILITY,origin.list,2026-09-14 23:19:10.074800+00:00
4938472.com,AVAILABILITY,origin.list,2026-09-14 23:19:11.823676+00:00
n4ksurewin.site,AVAILABILITY,origin.list,2026-09-14 23:19:12.046644+00:00
agents1xbet.com,AVAILABILITY,origin.list,2026-09-14 23:19:12.794834+00:00
pichuksurewin.site,AVAILABILITY,origin.list,2026-09-14 23:19:13.210024+00:00
dbst888.com,AVAILABILITY,origin.list,2026-09-14 23:19:13.600095+00:00
fun211211.com,AVAILABILITY,origin.list,2026-09-14 23:19:14.094482+00:00
betpartpart.com,AVAILABILITY,origin.list,2026-09-14 23:19:14.523902+00:00
jzd8888.com,AVAILABILITY,origin.list,2026-09-14 23:19:15.054608+00:00
k5iban.com,AVAILABILITY,origin.list,2026-09-14 23:19:15.338172+00:00
k8betvn24.com,AVAILABILITY,origin.list,2026-09-14 23:19:15.887747+00:00
k8betvn58.com,AVAILABILITY,origin.list,2026-09-14 23:19:16.681120+00:00
xs638.com,AVAILABILITY,origin.list,2026-09-14 23:19:17.516193+00:00
z34034.com,AVAILABILITY,origin.list,2026-09-14 23:19:18.335010+00:00
77winna.com,AVAILABILITY,origin.list,2026-09-14 23:19:19.138050+00:00
1700yabo.com,AVAILABILITY,origin.list,2026-09-14 23:19:20.047837+00:00
365d88.net,AVAILABILITY,origin.list,2026-09-14 23:19:20.844214+00:00
66vn.asia,AVAILABILITY,origin.list,2026-09-14 23:19:21.489967+00:00
62232027.top,AVAILABILITY,origin.list,2026-09-14 23:19:21.952869+00:00
363yb.com,AVAILABILITY,origin.list,2026-09-14 23:19:22.279738+00:00
92928xpj08.com,AVAILABILITY,origin.list,2026-09-14 23:19:23.075037+00:00
86tycag.com,AVAILABILITY,origin.list,2026-09-14 23:19:23.890241+00:00
max10.pro,AVAILABILITY,origin.list,2026-09-14 23:19:24.672725+00:00
92928xpj10.com,AVAILABILITY,origin.list,2026-09-14 23:19:24.697613+00:00
92928xpj09.com,AVAILABILITY,origin.list,2026-09-14 23:19:25.463438+00:00
fen1237.com,AVAILABILITY,origin.list,2026-09-14 23:19:25.476651+00:00
h221tyc.com,AVAILABILITY,origin.list,2026-09-14 23:19:26.221210+00:00
h244tyc.com,AVAILABILITY,origin.list,2026-09-14 23:19:26.309458+00:00
h235tyc.com,AVAILABILITY,origin.list,2026-09-14 23:19:27.179387+00:00
039dl.vip,AVAILABILITY,origin.list,2026-09-14 23:19:42.013370+00:00
h271tyc.com,AVAILABILITY,origin.list,2026-09-14 23:19:42.798779+00:00
h279tyc.com,AVAILABILITY,origin.list,2026-09-14 23:19:43.594672+00:00
h29tyc.com,AVAILABILITY,origin.list,2026-09-14 23:19:44.381833+00:00
h307tyc.com,AVAILABILITY,origin.list,2026-09-14 23:19:45.223908+00:00
h304tyc.com,AVAILABILITY,origin.list,2026-09-14 23:19:45.992183+00:00
h32tyc.com,AVAILABILITY,origin.list,2026-09-14 23:19:46.981007+00:00
h31tyc.com,AVAILABILITY,origin.list,2026-09-14 23:19:47.772524+00:00
h33tyc.com,AVAILABILITY,origin.list,2026-09-14 23:19:48.572789+00:00
h34tyc.com,AVAILABILITY,origin.list,2026-09-14 23:19:49.372791+00:00
h325tyc.com,AVAILABILITY,origin.list,2026-09-14 23:19:50.200554+00:00
h364tyc.com,AVAILABILITY,origin.list,2026-09-14 23:19:50.961034+00:00
h35tyc.com,AVAILABILITY,origin.list,2026-09-14 23:19:51.784783+00:00
h365tyc.com,AVAILABILITY,origin.list,2026-09-14 23:19:52.571877+00:00
h369tyc.com,AVAILABILITY,origin.list,2026-09-14 23:19:53.385291+00:00
h371tyc.com,AVAILABILITY,origin.list,2026-09-14 23:19:54.346585+00:00
h368tyc.com,AVAILABILITY,origin.list,2026-09-14 23:19:55.150180+00:00
h383tyc.com,AVAILABILITY,origin.list,2026-09-14 23:19:55.943867+00:00
h370tyc.com,AVAILABILITY,origin.list,2026-09-14 23:19:56.784556+00:00
h42tyc.com,AVAILABILITY,origin.list,2026-09-14 23:19:57.579526+00:00
h417tyc.com,AVAILABILITY,origin.list,2026-09-14 23:19:58.374074+00:00
h391tyc.com,AVAILABILITY,origin.list,2026-09-14 23:19:59.219557+00:00
h453tyc.com,AVAILABILITY,origin.list,2026-09-14 23:20:00.057800+00:00
h455tyc.com,AVAILABILITY,origin.list,2026-09-14 23:20:00.871203+00:00
h50tyc.com,AVAILABILITY,origin.list,2026-09-14 23:20:01.707029+00:00
h49tyc.com,AVAILABILITY,origin.list,2026-09-14 23:20:02.502020+00:00
h463tyc.com,AVAILABILITY,origin.list,2026-09-14 23:20:03.301065+00:00
h53tyc.com,AVAILABILITY,origin.list,2026-09-14 23:20:04.102022+00:00
h54tyc.com,AVAILABILITY,origin.list,2026-09-14 23:20:04.880020+00:00
h55tyc.com,AVAILABILITY,origin.list,2026-09-14 23:20:05.682100+00:00
h57tyc.com,AVAILABILITY,origin.list,2026-09-14 23:20:06.532392+00:00
h60tyc.com,AVAILABILITY,origin.list,2026-09-14 23:20:07.304681+00:00
h59tyc.com,AVAILABILITY,origin.list,2026-09-14 23:20:08.168062+00:00
h63tyc.com,AVAILABILITY,origin.list,2026-09-14 23:20:08.972042+00:00
h61tyc.com,AVAILABILITY,origin.list,2026-09-14 23:20:09.798744+00:00
h72tyc.com,AVAILABILITY,origin.list,2026-09-14 23:20:10.624301+00:00
h66tyc.com,AVAILABILITY,origin.list,2026-09-14 23:20:11.420579+00:00
h76tyc.com,AVAILABILITY,origin.list,2026-09-14 23:20:12.243236+00:00
w302tyc.com,AVAILABILITY,origin.list,2026-09-14 23:20:13.039589+00:00
mz1999.com,AVAILABILITY,origin.list,2026-09-14 23:20:13.813819+00:00
chengxin23111888.com,AVAILABILITY,origin.list,2026-09-14 23:20:14.842770+00:00
vns0622dd.com,AVAILABILITY,origin.list,2026-09-14 23:20:15.638077+00:00
haoyun23111888.com,AVAILABILITY,origin.list,2026-09-14 23:20:16.397786+00:00
j9vi.com,AVAILABILITY,origin.list,2026-09-14 23:20:17.261534+00:00
361g1.vip,AVAILABILITY,origin.list,2026-09-14 23:20:22.145617+00:00
syy2023.com,AVAILABILITY,origin.list,2026-09-14 23:20:22.957618+00:00
images.okvip66.com,AVAILABILITY,origin.list,2026-09-14 23:20:23.813134+00:00
c8bet.wtf,AVAILABILITY,origin.list,2026-09-14 23:20:24.694112+00:00
1044yb.com,AVAILABILITY,origin.list,2026-09-14 23:20:25.553726+00:00
1167999.com,AVAILABILITY,origin.list,2026-09-14 23:20:26.345886+00:00
034034k.com,AVAILABILITY,origin.list,2026-09-14 23:20:27.254070+00:00
10122.net,AVAILABILITY,origin.list,2026-09-14 23:20:28.026180+00:00
513yb.com,AVAILABILITY,origin.list,2026-09-14 23:20:28.778180+00:00
6686h7.com,AVAILABILITY,origin.list,2026-09-14 23:20:29.562948+00:00
78vnr.com,AVAILABILITY,origin.list,2026-09-14 23:20:30.500521+00:00
86777l.net,AVAILABILITY,origin.list,2026-09-14 23:20:31.284389+00:00
betwaytha.com,AVAILABILITY,origin.list,2026-09-14 23:20:32.155882+00:00
fen1242.com,AVAILABILITY,origin.list,2026-09-14 23:20:33.006009+00:00
h220tyc.com,AVAILABILITY,origin.list,2026-09-14 23:20:33.791976+00:00
h255tyc.com,AVAILABILITY,origin.list,2026-09-14 23:20:34.552374+00:00
h295tyc.com,AVAILABILITY,origin.list,2026-09-14 23:20:35.403545+00:00
h298tyc.com,AVAILABILITY,origin.list,2026-09-14 23:20:36.287381+00:00
h299tyc.com,AVAILABILITY,origin.list,2026-09-14 23:20:37.089504+00:00
h30tyc.com,AVAILABILITY,origin.list,2026-09-14 23:20:37.937489+00:00
h395tyc.com,AVAILABILITY,origin.list,2026-09-14 23:20:38.720349+00:00
h392tyc.com,AVAILABILITY,origin.list,2026-09-14 23:20:39.558382+00:00
h396tyc.com,AVAILABILITY,origin.list,2026-09-14 23:20:40.469265+00:00
h415tyc.com,AVAILABILITY,origin.list,2026-09-14 23:20:41.357208+00:00
h460tyc.com,AVAILABILITY,origin.list,2026-09-14 23:20:42.103248+00:00
h51tyc.com,AVAILABILITY,origin.list,2026-09-14 23:20:42.924138+00:00
h52tyc.com,AVAILABILITY,origin.list,2026-09-14 23:20:43.790555+00:00
h62tyc.com,AVAILABILITY,origin.list,2026-09-14 23:20:44.594425+00:00
h67tyc.com,AVAILABILITY,origin.list,2026-09-14 23:20:45.400648+00:00
cn888xbet.com,AVAILABILITY,origin.list,2026-09-14 23:20:46.355565+00:00
h71tyc.com,AVAILABILITY,origin.list,2026-09-14 23:20:47.091085+00:00
app9762.com,AVAILABILITY,origin.list,2026-09-14 23:20:47.781749+00:00
h81tyc.com,AVAILABILITY,origin.list,2026-09-14 23:20:47.964098+00:00
h82tyc.com,AVAILABILITY,origin.list,2026-09-14 23:20:48.620871+00:00
h88tyc.com,AVAILABILITY,origin.list,2026-09-14 23:20:48.753880+00:00
lxyl20.net,AVAILABILITY,origin.list,2026-09-14 23:20:49.382472+00:00
kaixin23111888.com,AVAILABILITY,origin.list,2026-09-14 23:20:49.592211+00:00
m8winvip.com,AVAILABILITY,origin.list,2026-09-14 23:20:50.178525+00:00
new109.com,AVAILABILITY,origin.list,2026-09-14 23:20:50.356531+00:00
pj1776.com,AVAILABILITY,origin.list,2026-09-14 23:20:51.005020+00:00
x1615.com,AVAILABILITY,origin.list,2026-09-14 23:20:51.867575+00:00
111i9.com,AVAILABILITY,origin.list,2026-09-14 23:20:52.806724+00:00
222i9.com,AVAILABILITY,origin.list,2026-09-14 23:20:53.680377+00:00
2333vn.com,AVAILABILITY,origin.list,2026-09-14 23:20:54.502906+00:00
31974b.com,AVAILABILITY,origin.list,2026-09-14 23:20:55.328505+00:00
197k8.com,AVAILABILITY,origin.list,2026-09-14 23:21:00.264726+00:00
3651733.com,AVAILABILITY,origin.list,2026-09-14 23:21:01.030067+00:00
39771177.com,AVAILABILITY,origin.list,2026-09-14 23:21:01.938403+00:00
39771199.com,AVAILABILITY,origin.list,2026-09-14 23:21:02.800729+00:00
1xbetcorp.com,AVAILABILITY,origin.list,2026-09-14 23:21:06.370228+00:00
sorot.vip,AVAILABILITY,origin.list,2026-09-14 23:21:24.381975+00:00
44878w.com,AVAILABILITY,origin.list,2026-09-14 23:21:28.641932+00:00
39772277.com,AVAILABILITY,origin.list,2026-09-14 23:21:29.424961+00:00
39773399.com,AVAILABILITY,origin.list,2026-09-14 23:21:30.246879+00:00
555i9.com,AVAILABILITY,origin.list,2026-09-14 23:21:31.044203+00:00
zx1007.vip,AVAILABILITY,origin.list,2026-09-14 23:21:37.220675+00:00
676621.com,AVAILABILITY,origin.list,2026-09-14 23:21:38.042860+00:00
2216s.vip,AVAILABILITY,origin.list,2026-09-14 23:21:53.848048+00:00
168bs.vip,AVAILABILITY,origin.list,2026-09-14 23:22:00.009596+00:00
688637.com,AVAILABILITY,origin.list,2026-09-14 23:22:00.809224+00:00
688635.com,AVAILABILITY,origin.list,2026-09-14 23:22:01.645862+00:00
8d01.vip,AVAILABILITY,origin.list,2026-09-14 23:22:04.674117+00:00
888i9.com,AVAILABILITY,origin.list,2026-09-14 23:22:05.621795+00:00
2221s.vip,AVAILABILITY,origin.list,2026-09-14 23:22:23.654898+00:00
funvvip86.com,AVAILABILITY,origin.list,2026-09-14 23:22:24.484339+00:00
good880.com,AVAILABILITY,origin.list,2026-09-14 23:22:25.275631+00:00
68xpj.top,AVAILABILITY,origin.list,2026-09-14 23:22:26.402814+00:00
haoli590.com,AVAILABILITY,origin.list,2026-09-14 23:22:27.212401+00:00
kyqp.site,AVAILABILITY,origin.list,2026-09-14 23:22:28.124199+00:00
n0522.com,AVAILABILITY,origin.list,2026-09-14 23:22:28.926348+00:00
kyqp.space,AVAILABILITY,origin.list,2026-09-14 23:22:29.812979+00:00
n0611.com,AVAILABILITY,origin.list,2026-09-14 23:22:30.604950+00:00
3323s.vip,AVAILABILITY,origin.list,2026-09-14 23:22:31.469159+00:00
n0600.com,AVAILABILITY,origin.list,2026-09-14 23:22:31.601584+00:00
q1822.com,AVAILABILITY,origin.list,2026-09-14 23:22:32.258132+00:00
q1800.com,AVAILABILITY,origin.list,2026-09-14 23:22:33.044345+00:00
okcado.com,AVAILABILITY,origin.list,2026-09-14 23:22:33.929457+00:00
n0644.com,AVAILABILITY,origin.list,2026-09-14 23:22:34.698762+00:00
i9bet.wiki,AVAILABILITY,origin.list,2026-09-14 23:22:34.884594+00:00
p4405.com,AVAILABILITY,origin.list,2026-09-14 23:22:35.619243+00:00
p4655.com,AVAILABILITY,origin.list,2026-09-14 23:22:35.652635+00:00
p4700.com,AVAILABILITY,origin.list,2026-09-14 23:22:36.437250+00:00
p4460.com,AVAILABILITY,origin.list,2026-09-14 23:22:36.468041+00:00
p4877.com,AVAILABILITY,origin.list,2026-09-14 23:22:37.304582+00:00
p4822.com,AVAILABILITY,origin.list,2026-09-14 23:22:37.357752+00:00
p4944.com,AVAILABILITY,origin.list,2026-09-14 23:22:38.246212+00:00
p4911.com,AVAILABILITY,origin.list,2026-09-14 23:22:39.067022+00:00
s2422.com,AVAILABILITY,origin.list,2026-09-14 23:22:39.876336+00:00
5511s.vip,AVAILABILITY,origin.list,2026-09-14 23:22:51.689216+00:00
3331s.vip,AVAILABILITY,origin.list,2026-09-14 23:22:57.119863+00:00
vip66t.com,AVAILABILITY,origin.list,2026-09-14 23:22:57.926307+00:00
thaislot88.live,AVAILABILITY,origin.list,2026-09-14 23:22:58.820772+00:00
79win.top,AVAILABILITY,origin.list,2026-09-14 23:23:05.233766+00:00
vip88jbo.com,AVAILABILITY,origin.list,2026-09-14 23:23:06.317726+00:00
u1055.com,AVAILABILITY,origin.list,2026-09-14 23:23:07.172896+00:00
ph7773.cc,AVAILABILITY,origin.list,2026-09-14 23:23:07.996010+00:00
3398s.vip,AVAILABILITY,origin.list,2026-09-14 23:23:08.787760+00:00
2566e4.com,AVAILABILITY,origin.list,2026-09-14 23:23:08.969101+00:00
2566e8.com,AVAILABILITY,origin.list,2026-09-14 23:23:09.578579+00:00
39771133.com,AVAILABILITY,origin.list,2026-09-14 23:23:09.941747+00:00
wjpesovip.win,AVAILABILITY,origin.list,2026-09-14 23:23:13.969376+00:00
39771144.com,AVAILABILITY,origin.list,2026-09-14 23:23:14.868403+00:00
39771155.com,AVAILABILITY,origin.list,2026-09-14 23:23:15.899109+00:00
landpage.bancamobileapp.com,AVAILABILITY,origin.list,2026-09-14 23:23:16.638572+00:00
39772011.com,AVAILABILITY,origin.list,2026-09-14 23:23:16.794863+00:00
39771166.com,AVAILABILITY,origin.list,2026-09-14 23:23:17.566165+00:00
39771188.com,AVAILABILITY,origin.list,2026-09-14 23:23:17.751993+00:00
39772012.com,AVAILABILITY,origin.list,2026-09-14 23:23:18.531891+00:00
39772013.com,AVAILABILITY,origin.list,2026-09-14 23:23:19.386662+00:00
39772016.com,AVAILABILITY,origin.list,2026-09-14 23:23:20.303899+00:00
39772015.com,AVAILABILITY,origin.list,2026-09-14 23:39:16.269987+00:00
39772019.com,AVAILABILITY,origin.list,2026-09-14 23:39:17.700689+00:00
39772200.com,AVAILABILITY,origin.list,2026-09-14 23:39:19.148691+00:00
39772211.com,AVAILABILITY,origin.list,2026-09-14 23:39:20.546946+00:00
39772244.com,AVAILABILITY,origin.list,2026-09-14 23:39:21.985354+00:00
39772255.com,AVAILABILITY,origin.list,2026-09-14 23:39:23.304162+00:00
39772266.com,AVAILABILITY,origin.list,2026-09-14 23:39:24.894293+00:00
onoclub.com,AVAILABILITY,origin.list,2026-09-14 23:39:25.185553+00:00
39772288.com,AVAILABILITY,origin.list,2026-09-14 23:39:26.052856+00:00
39773300.com,AVAILABILITY,origin.list,2026-09-14 23:39:26.663857+00:00
39773344.com,AVAILABILITY,origin.list,2026-09-14 23:39:27.340557+00:00
39773322.com,AVAILABILITY,origin.list,2026-09-14 23:39:27.939051+00:00
39773366.com,AVAILABILITY,origin.list,2026-09-14 23:39:28.649102+00:00
39773355.com,AVAILABILITY,origin.list,2026-09-14 23:39:29.249050+00:00
39775511.com,AVAILABILITY,origin.list,2026-09-14 23:39:29.891390+00:00
39775522.com,AVAILABILITY,origin.list,2026-09-14 23:39:30.662612+00:00
675389.com,AVAILABILITY,origin.list,2026-09-14 23:39:31.186919+00:00
39773388.com,AVAILABILITY,origin.list,2026-09-14 23:39:31.989506+00:00
39775533.com,AVAILABILITY,origin.list,2026-09-14 23:39:32.506399+00:00
9499263.com,AVAILABILITY,origin.list,2026-09-14 23:39:33.483355+00:00
csj8800.com,AVAILABILITY,origin.list,2026-09-14 23:39:33.862150+00:00
g5241aefa5xz45xd6.com,AVAILABILITY,origin.list,2026-09-14 23:39:34.804111+00:00
landpage.taixiuplay.com,AVAILABILITY,origin.list,2026-09-14 23:39:35.649600+00:00
landpage.caygame2023.com,AVAILABILITY,origin.list,2026-09-14 23:39:43.406914+00:00
landpage.fanviphub.com,AVAILABILITY,origin.list,2026-09-14 23:39:56.182865+00:00
landpage.taixiugame777.com,AVAILABILITY,origin.list,2026-09-14 23:40:08.965325+00:00
wjpesogame.vip,AVAILABILITY,origin.list,2026-09-14 23:40:34.338651+00:00
landpage.taixiuspot.com,AVAILABILITY,origin.list,2026-09-14 23:40:47.350974+00:00
9762app.com,AVAILABILITY,origin.list,2026-09-14 23:40:56.235874+00:00
landpage.tienlenarena.com,AVAILABILITY,origin.list,2026-09-14 23:41:00.416678+00:00
mot88a.com,AVAILABILITY,origin.list,2026-09-14 23:41:01.627278+00:00
landpage.tienlenbouns.com,AVAILABILITY,origin.list,2026-09-14 23:41:09.356004+00:00
landpage.talaphom.com,AVAILABILITY,origin.list,2026-09-14 23:41:14.374214+00:00
landpage.tienlenmega.com,AVAILABILITY,origin.list,2026-09-14 23:41:22.228344+00:00
81148.cn,AVAILABILITY,origin.list,2026-09-14 23:41:24.826465+00:00
landpage.tienlenzo.com,AVAILABILITY,origin.list,2026-09-14 23:41:27.373423+00:00
ufa.bet,AVAILABILITY,origin.list,2026-09-14 23:41:27.685335+00:00
csj8866.com,AVAILABILITY,origin.list,2026-09-14 23:41:29.020337+00:00
hg8b.net,AVAILABILITY,origin.list,2026-09-14 23:41:30.430069+00:00
hg8c.net,AVAILABILITY,origin.list,2026-09-14 23:41:31.752995+00:00
hg8e.net,AVAILABILITY,origin.list,2026-09-14 23:41:32.904210+00:00
hg8d.net,AVAILABILITY,origin.list,2026-09-14 23:41:34.094500+00:00
landpage.xidachplay.com,AVAILABILITY,origin.list,2026-09-14 23:41:40.390296+00:00
hg8g.net,AVAILABILITY,origin.list,2026-09-14 23:41:41.555587+00:00
hg8f.net,AVAILABILITY,origin.list,2026-09-14 23:41:42.899357+00:00
landpage.tk235.de,AVAILABILITY,origin.list,2026-09-14 23:41:47.374766+00:00
hg8h.net,AVAILABILITY,origin.list,2026-09-14 23:41:48.509544+00:00
hg8i.net,AVAILABILITY,origin.list,2026-09-14 23:41:49.723171+00:00
hg8k.net,AVAILABILITY,origin.list,2026-09-14 23:41:51.104434+00:00
landpage.xocdiahub.com,AVAILABILITY,origin.list,2026-09-14 23:41:51.677755+00:00
hg8j.net,AVAILABILITY,origin.list,2026-09-14 23:41:52.361181+00:00
hg8l.net,AVAILABILITY,origin.list,2026-09-14 23:41:52.860549+00:00
hg8m.net,AVAILABILITY,origin.list,2026-09-14 23:41:53.497049+00:00
kk6676.com,AVAILABILITY,origin.list,2026-09-14 23:41:54.082068+00:00
5197666.com,AVAILABILITY,origin.list,2026-09-14 23:41:54.615203+00:00
166d88.com,AVAILABILITY,origin.list,2026-09-14 23:41:55.293371+00:00
18k.fun,AVAILABILITY,origin.list,2026-09-14 23:41:55.757773+00:00
6762666.com,AVAILABILITY,origin.list,2026-09-14 23:41:56.466386+00:00
7921666.com,AVAILABILITY,origin.list,2026-09-14 23:41:57.094503+00:00
8718666.com,AVAILABILITY,origin.list,2026-09-14 23:41:57.763698+00:00
a788cs.sc887.co,AVAILABILITY,origin.list,2026-09-14 23:41:58.591377+00:00
b5123.com,AVAILABILITY,origin.list,2026-09-14 23:41:59.744221+00:00
81a.bet,AVAILABILITY,origin.list,2026-09-14 23:42:02.324335+00:00
imsports.v9betasia.com,AVAILABILITY,origin.list,2026-09-14 23:42:03.686686+00:00
o23023.com,AVAILABILITY,origin.list,2026-09-14 23:42:04.851420+00:00
landpage.xocdiawin.com,AVAILABILITY,origin.list,2026-09-14 23:42:10.587599+00:00
8822hh.com,AVAILABILITY,origin.list,2026-09-14 23:42:11.917030+00:00
ph7775.cc,AVAILABILITY,origin.list,2026-09-14 23:42:13.175668+00:00
hv088.com,AVAILABILITY,origin.list,2026-09-14 23:42:14.450576+00:00
aev991.net,AVAILABILITY,origin.list,2026-09-14 23:42:15.664002+00:00
joyjili51.com,AVAILABILITY,origin.list,2026-09-14 23:42:16.924327+00:00
bigbetspro.com,AVAILABILITY,origin.list,2026-09-14 23:42:17.510423+00:00
joyjili53.com,AVAILABILITY,origin.list,2026-09-14 23:42:18.112173+00:00
joyjili52.com,AVAILABILITY,origin.list,2026-09-14 23:42:18.622304+00:00
joyjili54.com,AVAILABILITY,origin.list,2026-09-14 23:42:19.319827+00:00
joyjili55.com,AVAILABILITY,origin.list,2026-09-14 23:42:19.839322+00:00
joyjili56.com,AVAILABILITY,origin.list,2026-09-14 23:42:20.531074+00:00
joyjili57.com,AVAILABILITY,origin.list,2026-09-14 23:42:21.082029+00:00
baucua.one,AVAILABILITY,origin.list,2026-09-14 23:42:23.359780+00:00
joyjili58.com,AVAILABILITY,origin.list,2026-09-14 23:42:24.628151+00:00
joyjili61.com,AVAILABILITY,origin.list,2026-09-14 23:42:25.702243+00:00
joyjili62.com,AVAILABILITY,origin.list,2026-09-14 23:42:26.797246+00:00
joyjili59.com,AVAILABILITY,origin.list,2026-09-14 23:42:27.929474+00:00
joyjili64.com,AVAILABILITY,origin.list,2026-09-14 23:42:29.133434+00:00
joyjili65.com,AVAILABILITY,origin.list,2026-09-14 23:42:30.379383+00:00
joyjili66.com,AVAILABILITY,origin.list,2026-09-14 23:42:31.666432+00:00
joyjili67.com,AVAILABILITY,origin.list,2026-09-14 23:42:32.893018+00:00
fook817.com,AVAILABILITY,origin.list,2026-09-14 23:42:33.196649+00:00
joyjili69.com,AVAILABILITY,origin.list,2026-09-14 23:42:34.314653+00:00
joyjili68.com,AVAILABILITY,origin.list,2026-09-14 23:42:34.679643+00:00
joyjili71.com,AVAILABILITY,origin.list,2026-09-14 23:42:35.662203+00:00
joyjili70.com,AVAILABILITY,origin.list,2026-09-14 23:42:36.100838+00:00
joyjili73.com,AVAILABILITY,origin.list,2026-09-14 23:42:37.081609+00:00
joyjili74.com,AVAILABILITY,origin.list,2026-09-14 23:42:38.322857+00:00
8nxx.cn,AVAILABILITY,origin.list,2026-09-14 23:42:39.368997+00:00
joyjili78.com,AVAILABILITY,origin.list,2026-09-14 23:42:39.784261+00:00
joyjili79.com,AVAILABILITY,origin.list,2026-09-14 23:42:40.806275+00:00
joyjili75.com,AVAILABILITY,origin.list,2026-09-14 23:42:41.146187+00:00
joyjili80.com,AVAILABILITY,origin.list,2026-09-14 23:42:42.359119+00:00
bet88122.com,AVAILABILITY,origin.list,2026-09-14 23:42:42.387777+00:00
bet88904.com,AVAILABILITY,origin.list,2026-09-14 23:42:43.867487+00:00
bet88097.com,AVAILABILITY,origin.list,2026-09-14 23:42:43.895583+00:00
bet88138.com,AVAILABILITY,origin.list,2026-09-14 23:42:45.088281+00:00
bet88935.com,AVAILABILITY,origin.list,2026-09-14 23:42:45.105012+00:00
sv388cf.com,AVAILABILITY,origin.list,2026-09-14 23:42:46.375856+00:00
wholelottacash.com,AVAILABILITY,origin.list,2026-09-14 23:42:46.440625+00:00
joyjili90.com,AVAILABILITY,origin.list,2026-09-14 23:42:47.886750+00:00
joyjili76.com,AVAILABILITY,origin.list,2026-09-14 23:42:47.889930+00:00
joyjili94.com,AVAILABILITY,origin.list,2026-09-14 23:42:49.124103+00:00
x5167.com,AVAILABILITY,origin.list,2026-09-14 23:42:49.200373+00:00
kissbnnn.com,AVAILABILITY,origin.list,2026-09-14 23:42:50.352975+00:00
mzchdspn.com,AVAILABILITY,origin.list,2026-09-14 23:42:50.489178+00:00
3955666.com,AVAILABILITY,origin.list,2026-09-14 23:42:51.693982+00:00
3969666.com,AVAILABILITY,origin.list,2026-09-14 23:42:51.813852+00:00
5631666.com,AVAILABILITY,origin.list,2026-09-14 23:42:52.928397+00:00
5361666.com,AVAILABILITY,origin.list,2026-09-14 23:42:53.031123+00:00
5367666.com,AVAILABILITY,origin.list,2026-09-14 23:42:54.197142+00:00
5652666.com,AVAILABILITY,origin.list,2026-09-14 23:42:54.271451+00:00
5662666.com,AVAILABILITY,origin.list,2026-09-14 23:42:55.451966+00:00
6792666.com,AVAILABILITY,origin.list,2026-09-14 23:42:55.906139+00:00
6798666.com,AVAILABILITY,origin.list,2026-09-14 23:42:56.670171+00:00
7892666.com,AVAILABILITY,origin.list,2026-09-14 23:42:57.081625+00:00
8552666.com,AVAILABILITY,origin.list,2026-09-14 23:42:57.870546+00:00
7392004.com,AVAILABILITY,origin.list,2026-09-14 23:42:58.418686+00:00
7977666.com,AVAILABILITY,origin.list,2026-09-14 23:42:59.179883+00:00
9528666.com,AVAILABILITY,origin.list,2026-09-14 23:42:59.734391+00:00
8571666.com,AVAILABILITY,origin.list,2026-09-14 23:43:00.440311+00:00
8559666.com,AVAILABILITY,origin.list,2026-09-14 23:43:01.176354+00:00
8635666.com,AVAILABILITY,origin.list,2026-09-14 23:43:01.646410+00:00
98984411.com,AVAILABILITY,origin.list,2026-09-14 23:43:02.448640+00:00
9918666.com,AVAILABILITY,origin.list,2026-09-14 23:43:02.786962+00:00
9733666.com,AVAILABILITY,origin.list,2026-09-14 23:43:03.699603+00:00
9929666.com,AVAILABILITY,origin.list,2026-09-14 23:43:04.059483+00:00
98984466.com,AVAILABILITY,origin.list,2026-09-14 23:43:04.922641+00:00
dldcz.com,AVAILABILITY,origin.list,2026-09-14 23:43:05.363788+00:00
138268.com,AVAILABILITY,origin.list,2026-09-14 23:43:06.550105+00:00
0074662.com,AVAILABILITY,origin.list,2026-09-14 23:43:06.565485+00:00
mx666888.fun,AVAILABILITY,origin.list,2026-09-14 23:43:07.800669+00:00
263y.net,AVAILABILITY,origin.list,2026-09-14 23:43:07.845380+00:00
35098801.com,AVAILABILITY,origin.list,2026-09-14 23:43:09.054396+00:00
35good88.com,AVAILABILITY,origin.list,2026-09-14 23:43:09.149766+00:00
290kyty.com,AVAILABILITY,origin.list,2026-09-14 23:43:10.486098+00:00
bk8c.com,AVAILABILITY,origin.list,2026-09-14 23:43:10.487866+00:00
77773659.com,AVAILABILITY,origin.list,2026-09-14 23:43:11.634084+00:00
401399.com,AVAILABILITY,origin.list,2026-09-14 23:43:11.821489+00:00
k8airdrop.com,AVAILABILITY,origin.list,2026-09-14 23:43:12.942480+00:00
kk2778.com,AVAILABILITY,origin.list,2026-09-14 23:43:13.182412+00:00
www.ae9888.com,AVAILABILITY,origin.list,2026-09-14 23:43:14.232518+00:00
www.bk8c.com,AVAILABILITY,origin.list,2026-09-14 23:43:14.689949+00:00
188y.net,AVAILABILITY,origin.list,2026-09-14 23:43:15.524321+00:00
194y.net,AVAILABILITY,origin.list,2026-09-14 23:43:15.859229+00:00
201y.net,AVAILABILITY,origin.list,2026-09-14 23:43:16.727395+00:00
209kyty.com,AVAILABILITY,origin.list,2026-09-14 23:43:17.051808+00:00
216y.net,AVAILABILITY,origin.list,2026-09-14 23:43:18.333318+00:00
205y.net,AVAILABILITY,origin.list,2026-09-14 23:43:19.747616+00:00
taisam86.info,AVAILABILITY,origin.list,2026-09-14 23:43:20.390007+00:00
233y.net,AVAILABILITY,origin.list,2026-09-14 23:43:20.906511+00:00
229y.net,AVAILABILITY,origin.list,2026-09-14 23:43:21.606857+00:00
238y.net,AVAILABILITY,origin.list,2026-09-14 23:43:22.111540+00:00
278kyty.com,AVAILABILITY,origin.list,2026-09-14 23:43:22.774563+00:00
283y.net,AVAILABILITY,origin.list,2026-09-14 23:43:23.302605+00:00
308y.net,AVAILABILITY,origin.list,2026-09-14 23:43:23.953927+00:00
289y.net,AVAILABILITY,origin.list,2026-09-14 23:43:25.203828+00:00
789bet0.com,AVAILABILITY,origin.list,2026-09-14 23:43:26.281894+00:00
327y.net,AVAILABILITY,origin.list,2026-09-14 23:43:27.687899+00:00
79win.info,AVAILABILITY,origin.list,2026-09-14 23:43:28.604023+00:00
bbo616.com,AVAILABILITY,origin.list,2026-09-14 23:43:28.940839+00:00
211kaiyun.net,AVAILABILITY,origin.list,2026-09-14 23:43:29.829575+00:00
5467qp.com,AVAILABILITY,origin.list,2026-09-14 23:43:30.150606+00:00
157ky.com,AVAILABILITY,origin.list,2026-09-14 23:43:30.958880+00:00
218kaiyun.net,AVAILABILITY,origin.list,2026-09-14 23:43:31.370195+00:00
233kaiyun.net,AVAILABILITY,origin.list,2026-09-14 23:43:32.233367+00:00
217kaiyun.net,AVAILABILITY,origin.list,2026-09-14 23:43:32.635419+00:00
235kaiyun.net,AVAILABILITY,origin.list,2026-09-14 23:43:33.516825+00:00
234kaiyun.net,AVAILABILITY,origin.list,2026-09-14 23:43:33.972947+00:00
260kaiyun.net,AVAILABILITY,origin.list,2026-09-14 23:43:34.675363+00:00
268kaiyun.net,AVAILABILITY,origin.list,2026-09-14 23:43:35.236295+00:00
237kaiyun.net,AVAILABILITY,origin.list,2026-09-14 23:43:35.957039+00:00
276kaiyun.net,AVAILABILITY,origin.list,2026-09-14 23:43:36.550249+00:00
275kaiyun.net,AVAILABILITY,origin.list,2026-09-14 23:43:37.088371+00:00
278kaiyun.net,AVAILABILITY,origin.list,2026-09-14 23:43:37.801662+00:00
300kaiyun.net,AVAILABILITY,origin.list,2026-09-14 23:43:38.203899+00:00
294kaiyun.net,AVAILABILITY,origin.list,2026-09-14 23:43:39.039288+00:00
305kaiyun.net,AVAILABILITY,origin.list,2026-09-14 23:43:39.400337+00:00
297kaiyun.net,AVAILABILITY,origin.list,2026-09-14 23:43:40.257037+00:00
302kaiyun.net,AVAILABILITY,origin.list,2026-09-14 23:43:40.703116+00:00
303kaiyun.net,AVAILABILITY,origin.list,2026-09-14 23:43:41.437369+00:00
306k.net,AVAILABILITY,origin.list,2026-09-14 23:43:41.881840+00:00
309k.net,AVAILABILITY,origin.list,2026-09-14 23:43:42.633440+00:00
311kaiyun.net,AVAILABILITY,origin.list,2026-09-14 23:43:43.157272+00:00
324kaiyun.net,AVAILABILITY,origin.list,2026-09-14 23:43:43.857631+00:00
323kaiyun.net,AVAILABILITY,origin.list,2026-09-14 23:43:44.389309+00:00
327kaiyun.net,AVAILABILITY,origin.list,2026-09-14 23:43:44.985627+00:00
326kaiyun.net,AVAILABILITY,origin.list,2026-09-14 23:43:45.667437+00:00
sodo765.monster,AVAILABILITY,origin.list,2026-09-14 23:43:46.885541+00:00
sodo765.quest,AVAILABILITY,origin.list,2026-09-14 23:43:48.659023+00:00
587183.com,AVAILABILITY,origin.list,2026-09-14 23:59:14.306353+00:00
333kaiyun.net,AVAILABILITY,origin.list,2026-09-14 23:59:15.392876+00:00
i9618.com,AVAILABILITY,origin.list,2026-09-14 23:59:16.487817+00:00
bwsjb88.com,AVAILABILITY,origin.list,2026-09-14 23:59:17.539916+00:00
kubet68.asia,AVAILABILITY,origin.list,2026-09-14 23:59:18.008652+00:00
i9638.com,AVAILABILITY,origin.list,2026-09-14 23:59:18.563718+00:00
i9658.com,AVAILABILITY,origin.list,2026-09-14 23:59:19.575715+00:00
agentsgooobet.com,AVAILABILITY,origin.list,2026-09-14 23:59:30.205460+00:00
b748849.com,AVAILABILITY,origin.list,2026-09-14 23:59:30.576361+00:00
i9598.com,AVAILABILITY,origin.list,2026-09-14 23:59:31.764502+00:00
i9698.com,AVAILABILITY,origin.list,2026-09-14 23:59:32.683018+00:00
i9648.com,AVAILABILITY,origin.list,2026-09-14 23:59:33.544384+00:00
i9925.com,AVAILABILITY,origin.list,2026-09-14 23:59:34.612738+00:00
i9628.com,AVAILABILITY,origin.list,2026-09-14 23:59:35.442763+00:00
i9933.com,AVAILABILITY,origin.list,2026-09-14 23:59:36.252031+00:00
i9936.com,AVAILABILITY,origin.list,2026-09-14 23:59:37.085237+00:00
i9965.com,AVAILABILITY,origin.list,2026-09-14 23:59:37.929730+00:00
i9976.com,AVAILABILITY,origin.list,2026-09-14 23:59:38.923938+00:00
vip79gamebai.vip,AVAILABILITY,origin.list,2026-09-14 23:59:39.303871+00:00
i9969.com,AVAILABILITY,origin.list,2026-09-14 23:59:39.743566+00:00
w88soikeo.com,AVAILABILITY,origin.list,2026-09-14 23:59:40.176108+00:00
ww88w.com,AVAILABILITY,origin.list,2026-09-14 23:59:41.015542+00:00
www.m8winvip.com,AVAILABILITY,origin.list,2026-09-14 23:59:41.928896+00:00
x4758.com,AVAILABILITY,origin.list,2026-09-14 23:59:42.765147+00:00
xpj92928017.com,AVAILABILITY,origin.list,2026-09-14 23:59:43.548620+00:00
www.2233039.com,AVAILABILITY,origin.list,2026-09-14 23:59:43.929706+00:00
xpj92928024.com,AVAILABILITY,origin.list,2026-09-14 23:59:44.323379+00:00
xpj92928008.com,AVAILABILITY,origin.list,2026-09-14 23:59:44.807786+00:00
xpj92928023.com,AVAILABILITY,origin.list,2026-09-14 23:59:45.261007+00:00
98498d.com,AVAILABILITY,origin.list,2026-09-14 23:59:45.577642+00:00
h9jh32.com,AVAILABILITY,origin.list,2026-09-14 23:59:46.124007+00:00
37585999.com,AVAILABILITY,origin.list,2026-09-14 23:59:46.350954+00:00
bztymy.com,AVAILABILITY,origin.list,2026-09-14 23:59:47.155057+00:00
sv66777.com,AVAILABILITY,origin.list,2026-09-14 23:59:48.146407+00:00
winbet99.bet,AVAILABILITY,origin.list,2026-09-14 23:59:48.435831+00:00
866801.com,AVAILABILITY,origin.list,2026-09-14 23:59:48.988867+00:00
37585000.com,AVAILABILITY,origin.list,2026-09-14 23:59:49.259313+00:00
9294791.com,AVAILABILITY,origin.list,2026-09-14 23:59:50.256465+00:00
fi88blog.com,AVAILABILITY,origin.list,2026-09-14 23:59:51.053051+00:00
7490298.com,AVAILABILITY,origin.list,2026-09-14 23:59:51.819794+00:00
svpsurewin.site,AVAILABILITY,origin.list,2026-09-14 23:59:52.747700+00:00
vinprosurewin.site,AVAILABILITY,origin.list,2026-09-14 23:59:53.627655+00:00
dudu8.cn,AVAILABILITY,origin.list,2026-09-14 23:59:53.973256+00:00
api.6516777.com,AVAILABILITY,origin.list,2026-09-14 23:59:54.769203+00:00
www.vn138d.com,AVAILABILITY,origin.list,2026-09-14 23:59:55.637909+00:00
taikhoan.tongdaga.me,AVAILABILITY,origin.list,2026-09-14 23:59:56.391703+00:00
kucasino.live,AVAILABILITY,origin.list,2026-09-14 23:59:56.531402+00:00
zcfjdioj.site,AVAILABILITY,origin.list,2026-09-14 23:59:57.240208+00:00
zcuoojfdi.online,AVAILABILITY,origin.list,2026-09-14 23:59:57.479870+00:00
zcuoojfdi.site,AVAILABILITY,origin.list,2026-09-14 23:59:58.089757+00:00
5833a.com,AVAILABILITY,origin.list,2026-09-14 23:59:58.298666+00:00
tongdaga.me,AVAILABILITY,origin.list,2026-09-14 23:59:59.007809+00:00
6616a.com,AVAILABILITY,origin.list,2026-09-14 23:59:59.103286+00:00
zcfjdioj.online,AVAILABILITY,origin.list,2026-09-14 23:59:59.859215+00:00
397816.com,AVAILABILITY,origin.list,2026-09-14 23:59:59.905541+00:00
69370a.com,AVAILABILITY,origin.list,2026-09-15 00:00:00.650089+00:00
77167v.com,AVAILABILITY,origin.list,2026-09-15 00:00:00.757247+00:00
fjd999.net,AVAILABILITY,origin.list,2026-09-15 00:00:01.586354+00:00
357.bet,AVAILABILITY,origin.list,2026-09-15 00:00:02.030119+00:00
fjd7799.com,AVAILABILITY,origin.list,2026-09-15 00:00:02.484879+00:00
kubetso.com,AVAILABILITY,origin.list,2026-09-15 00:00:02.899848+00:00
xsltviet.com,AVAILABILITY,origin.list,2026-09-15 00:00:03.297443+00:00
www.ae58888.com,AVAILABILITY,origin.list,2026-09-15 00:00:03.728629+00:00
1717hg.net,AVAILABILITY,origin.list,2026-09-15 00:00:04.174049+00:00
iafhdhj.xyz,AVAILABILITY,origin.list,2026-09-15 00:00:05.274815+00:00
iltlvwc.xyz,AVAILABILITY,origin.list,2026-09-15 00:00:05.912579+00:00
id.sv388.mobi,AVAILABILITY,origin.list,2026-09-15 00:00:06.074250+00:00
imdbpwa.xyz,AVAILABILITY,origin.list,2026-09-15 00:00:07.167600+00:00
itmijlv.xyz,AVAILABILITY,origin.list,2026-09-15 00:00:08.280087+00:00
jrcgykx.xyz,AVAILABILITY,origin.list,2026-09-15 00:00:09.374116+00:00
tala99.info,AVAILABILITY,origin.list,2026-09-15 00:00:11.141208+00:00
inosutj.xyz,AVAILABILITY,origin.list,2026-09-15 00:00:12.200227+00:00
jwifhfv.xyz,AVAILABILITY,origin.list,2026-09-15 00:00:13.264948+00:00
jrpwwrj.xyz,AVAILABILITY,origin.list,2026-09-15 00:00:14.394598+00:00
zx3000.com,AVAILABILITY,origin.list,2026-09-15 00:00:15.714354+00:00
khhpgev.xyz,AVAILABILITY,origin.list,2026-09-15 00:00:16.811270+00:00
khlrrdy.xyz,AVAILABILITY,origin.list,2026-09-15 00:00:17.888867+00:00
kehpswr.xyz,AVAILABILITY,origin.list,2026-09-15 00:00:18.960373+00:00
kmmiwaw.xyz,AVAILABILITY,origin.list,2026-09-15 00:00:20.021446+00:00
tala99.org,AVAILABILITY,origin.list,2026-09-15 00:00:23.913272+00:00
kamptrb.xyz,AVAILABILITY,origin.list,2026-09-15 00:00:25.077375+00:00
lfogxfo.xyz,AVAILABILITY,origin.list,2026-09-15 00:00:26.212647+00:00
lczcodo.xyz,AVAILABILITY,origin.list,2026-09-15 00:00:27.266798+00:00
mapbdql.xyz,AVAILABILITY,origin.list,2026-09-15 00:00:28.418049+00:00
lgzfkpd.xyz,AVAILABILITY,origin.list,2026-09-15 00:00:29.516052+00:00
lwyodep.xyz,AVAILABILITY,origin.list,2026-09-15 00:00:30.613947+00:00
2393hh.com,AVAILABILITY,origin.list,2026-09-15 00:00:31.348301+00:00
mfqktsp.xyz,AVAILABILITY,origin.list,2026-09-15 00:00:31.738351+00:00
mnmsdzm.xyz,AVAILABILITY,origin.list,2026-09-15 00:00:32.425727+00:00
orxuxps.xyz,AVAILABILITY,origin.list,2026-09-15 00:00:32.843766+00:00
mtkahkv.xyz,AVAILABILITY,origin.list,2026-09-15 00:00:33.497955+00:00
k8991118.com,AVAILABILITY,origin.list,2026-09-15 00:00:41.255802+00:00
mvmuwaa.xyz,AVAILABILITY,origin.list,2026-09-15 00:00:42.375357+00:00
pkwin11.fun,AVAILABILITY,origin.list,2026-09-15 00:00:43.315029+00:00
pkwin10.fun,AVAILABILITY,origin.list,2026-09-15 00:00:44.152985+00:00
pkwin13.fun,AVAILABILITY,origin.list,2026-09-15 00:00:45.029079+00:00
pkwin17.fun,AVAILABILITY,origin.list,2026-09-15 00:00:45.878695+00:00
ovcopqj.xyz,AVAILABILITY,origin.list,2026-09-15 00:00:46.924569+00:00
pkwin6.fun,AVAILABILITY,origin.list,2026-09-15 00:00:47.792464+00:00
pilgomn.xyz,AVAILABILITY,origin.list,2026-09-15 00:00:48.924225+00:00
pkwin9.fun,AVAILABILITY,origin.list,2026-09-15 00:00:49.780862+00:00
1241hh.com,AVAILABILITY,origin.list,2026-09-15 00:00:50.417087+00:00
pkwin7.fun,AVAILABILITY,origin.list,2026-09-15 00:00:50.654077+00:00
pofshai.xyz,AVAILABILITY,origin.list,2026-09-15 00:00:51.511095+00:00
pvvqaho.xyz,AVAILABILITY,origin.list,2026-09-15 00:00:51.729521+00:00
qscowvf.xyz,AVAILABILITY,origin.list,2026-09-15 00:00:52.598934+00:00
qgfqncx.xyz,AVAILABILITY,origin.list,2026-09-15 00:00:52.809156+00:00
qwqeyar.xyz,AVAILABILITY,origin.list,2026-09-15 00:00:53.667593+00:00
qxjxauf.xyz,AVAILABILITY,origin.list,2026-09-15 00:00:53.884653+00:00
rqphquc.xyz,AVAILABILITY,origin.list,2026-09-15 00:00:54.742511+00:00
qxqgzoo.xyz,AVAILABILITY,origin.list,2026-09-15 00:00:54.984253+00:00
rfozepd.xyz,AVAILABILITY,origin.list,2026-09-15 00:00:55.854589+00:00
svptbsp.xyz,AVAILABILITY,origin.list,2026-09-15 00:00:56.044554+00:00
stynnht.xyz,AVAILABILITY,origin.list,2026-09-15 00:00:56.934876+00:00
svttclb.xyz,AVAILABILITY,origin.list,2026-09-15 00:00:57.115143+00:00
tkcijvt.xyz,AVAILABILITY,origin.list,2026-09-15 00:00:57.987783+00:00
sygvskr.xyz,AVAILABILITY,origin.list,2026-09-15 00:00:58.204211+00:00
tsbhfkm.xyz,AVAILABILITY,origin.list,2026-09-15 00:00:59.085305+00:00
tttcijs.xyz,AVAILABILITY,origin.list,2026-09-15 00:00:59.335780+00:00
uqageyl.xyz,AVAILABILITY,origin.list,2026-09-15 00:01:00.153379+00:00
uwhwimn.xyz,AVAILABILITY,origin.list,2026-09-15 00:01:00.431376+00:00
twdiabv.xyz,AVAILABILITY,origin.list,2026-09-15 00:01:01.229378+00:00
vcohlea.xyz,AVAILABILITY,origin.list,2026-09-15 00:01:01.515064+00:00
vgysqel.xyz,AVAILABILITY,origin.list,2026-09-15 00:01:02.356738+00:00
ushntao.xyz,AVAILABILITY,origin.list,2026-09-15 00:01:03.441076+00:00
vspykyo.xyz,AVAILABILITY,origin.list,2026-09-15 00:01:04.496293+00:00
wcawtsc.xyz,AVAILABILITY,origin.list,2026-09-15 00:01:05.681249+00:00
vxpsvci.xyz,AVAILABILITY,origin.list,2026-09-15 00:01:06.741496+00:00
sv388.mobi,AVAILABILITY,origin.list,2026-09-15 00:01:07.300617+00:00
wotcquf.xyz,AVAILABILITY,origin.list,2026-09-15 00:01:07.798681+00:00
vwbqshz.xyz,AVAILABILITY,origin.list,2026-09-15 00:01:08.415134+00:00
wlcjwoo.xyz,AVAILABILITY,origin.list,2026-09-15 00:01:08.899619+00:00
xpcczpa.xyz,AVAILABILITY,origin.list,2026-09-15 00:01:09.968557+00:00
wyjfjqm.xyz,AVAILABILITY,origin.list,2026-09-15 00:01:10.503648+00:00
wqgqtui.xyz,AVAILABILITY,origin.list,2026-09-15 00:01:11.109337+00:00
xgrmxvv.xyz,AVAILABILITY,origin.list,2026-09-15 00:01:11.554422+00:00
xftwggc.xyz,AVAILABILITY,origin.list,2026-09-15 00:01:12.161520+00:00
ylwjjug.xyz,AVAILABILITY,origin.list,2026-09-15 00:01:12.600548+00:00
xjxeuyh.xyz,AVAILABILITY,origin.list,2026-09-15 00:01:13.215574+00:00
yjborfd.xyz,AVAILABILITY,origin.list,2026-09-15 00:01:13.660324+00:00
yfyghhr.xyz,AVAILABILITY,origin.list,2026-09-15 00:01:14.280540+00:00
6h644.com,AVAILABILITY,origin.list,2026-09-15 00:01:14.513300+00:00
yjypzby.xyz,AVAILABILITY,origin.list,2026-09-15 00:01:15.346163+00:00
vn123456.com,AVAILABILITY,origin.list,2026-09-15 00:01:16.132337+00:00
zbghvmh.xyz,AVAILABILITY,origin.list,2026-09-15 00:01:16.848712+00:00
zeqgepx.xyz,AVAILABILITY,origin.list,2026-09-15 00:01:17.259879+00:00
zyobbfv.xyz,AVAILABILITY,origin.list,2026-09-15 00:01:17.948733+00:00
288yyds.com,AVAILABILITY,origin.list,2026-09-15 00:01:18.187035+00:00
wjpesoplay.online,AVAILABILITY,origin.list,2026-09-15 00:01:18.869837+00:00
zubmulm.xyz,AVAILABILITY,origin.list,2026-09-15 00:01:19.233983+00:00
3922947.com,AVAILABILITY,origin.list,2026-09-15 00:01:19.687078+00:00
3982022.com,AVAILABILITY,origin.list,2026-09-15 00:01:20.041549+00:00
4982795.com,AVAILABILITY,origin.list,2026-09-15 00:01:20.506913+00:00
aw8bet.top,AVAILABILITY,origin.list,2026-09-15 00:01:21.118574+00:00
playpelican.bet,AVAILABILITY,origin.list,2026-09-15 00:01:22.271513+00:00
fjili333.com,AVAILABILITY,origin.list,2026-09-15 00:01:23.158398+00:00
789jl.top,AVAILABILITY,origin.list,2026-09-15 00:01:24.414071+00:00
fjili555.com,AVAILABILITY,origin.list,2026-09-15 00:01:25.277037+00:00
meme2017.com,AVAILABILITY,origin.list,2026-09-15 00:01:29.007839+00:00
reg.playiwin.site,AVAILABILITY,origin.list,2026-09-15 00:01:29.757409+00:00
tienthuong88.net,AVAILABILITY,origin.list,2026-09-15 00:01:30.585796+00:00
on6668.com,AVAILABILITY,origin.list,2026-09-15 00:01:31.430435+00:00
qh88.sbs,AVAILABILITY,origin.list,2026-09-15 00:01:32.301616+00:00
on6699.com,AVAILABILITY,origin.list,2026-09-15 00:01:33.071029+00:00
6712hh.com,AVAILABILITY,origin.list,2026-09-15 00:01:38.067204+00:00
on8886.com,AVAILABILITY,origin.list,2026-09-15 00:01:38.909977+00:00
p8767.com,AVAILABILITY,origin.list,2026-09-15 00:01:39.814137+00:00
p88832.com,AVAILABILITY,origin.list,2026-09-15 00:01:40.763079+00:00
www-5359.com,AVAILABILITY,origin.list,2026-09-15 00:01:42.870758+00:00
zx1133.cn,AVAILABILITY,origin.list,2026-09-15 00:01:44.227527+00:00
pve9.com,AVAILABILITY,origin.list,2026-09-15 00:01:45.083411+00:00
pvn4.com,AVAILABILITY,origin.list,2026-09-15 00:01:46.010750+00:00
yabo6.cn,AVAILABILITY,origin.list,2026-09-15 00:01:46.026008+00:00
qan2.com,AVAILABILITY,origin.list,2026-09-15 00:01:46.851435+00:00
pve5.com,AVAILABILITY,origin.list,2026-09-15 00:01:46.902028+00:00
lp.tip88vn.me,AVAILABILITY,origin.list,2026-09-15 00:01:48.073231+00:00
luck8com.live,AVAILABILITY,origin.list,2026-09-15 00:01:48.622072+00:00
q8xde48sd.com,AVAILABILITY,origin.list,2026-09-15 00:01:48.858875+00:00
qan7.com,AVAILABILITY,origin.list,2026-09-15 00:01:49.408235+00:00
qeng3.com,AVAILABILITY,origin.list,2026-09-15 00:01:49.799255+00:00
qen9.com,AVAILABILITY,origin.list,2026-09-15 00:01:50.276974+00:00
qen6.com,AVAILABILITY,origin.list,2026-09-15 00:01:50.626877+00:00
qeng5.com,AVAILABILITY,origin.list,2026-09-15 00:01:51.396936+00:00
ozbet88.website,AVAILABILITY,origin.list,2026-09-15 00:01:52.322010+00:00
qqjili6.com,AVAILABILITY,origin.list,2026-09-15 00:01:53.162914+00:00
qeng9.com,AVAILABILITY,origin.list,2026-09-15 00:01:53.927677+00:00
qeng4.com,AVAILABILITY,origin.list,2026-09-15 00:01:54.784000+00:00
qw6823.com,AVAILABILITY,origin.list,2026-09-15 00:01:55.630080+00:00
qqq778.net,AVAILABILITY,origin.list,2026-09-15 00:01:56.438052+00:00
qq77127.com,AVAILABILITY,origin.list,2026-09-15 00:01:57.242758+00:00
qqjili2.com,AVAILABILITY,origin.list,2026-09-15 00:01:58.009888+00:00
rycp110.com,AVAILABILITY,origin.list,2026-09-15 00:01:58.930543+00:00
longme.vip,AVAILABILITY,origin.list,2026-09-15 00:01:59.083539+00:00
r77th.com,AVAILABILITY,origin.list,2026-09-15 00:01:59.775460+00:00
37792a.com,AVAILABILITY,origin.list,2026-09-15 00:01:59.884330+00:00
qouyu.cc,AVAILABILITY,origin.list,2026-09-15 00:02:00.628350+00:00
r88th.com,AVAILABILITY,origin.list,2026-09-15 00:02:00.739232+00:00
wwwpc9999.com,AVAILABILITY,origin.list,2026-09-15 00:02:01.547802+00:00
rycp138.com,AVAILABILITY,origin.list,2026-09-15 00:02:02.394773+00:00
rycp1144.com,AVAILABILITY,origin.list,2026-09-15 00:02:03.230706+00:00
rycp2244.com,AVAILABILITY,origin.list,2026-09-15 00:02:04.186349+00:00
8kbet19.com,AVAILABILITY,origin.list,2026-09-15 00:02:04.605847+00:00
rycp2266.com,AVAILABILITY,origin.list,2026-09-15 00:02:05.103916+00:00
rycp2255.com,AVAILABILITY,origin.list,2026-09-15 00:02:05.459653+00:00
rycp2288.com,AVAILABILITY,origin.list,2026-09-15 00:02:05.963638+00:00
rycp2211.com,AVAILABILITY,origin.list,2026-09-15 00:02:06.345520+00:00
s22722.com,AVAILABILITY,origin.list,2026-09-15 00:02:06.767448+00:00
s0106.com,AVAILABILITY,origin.list,2026-09-15 00:02:07.167330+00:00
saibo08.com,AVAILABILITY,origin.list,2026-09-15 00:02:07.658714+00:00
s2500.com,AVAILABILITY,origin.list,2026-09-15 00:02:08.001755+00:00
s1.sin88.cc,AVAILABILITY,origin.list,2026-09-15 00:02:08.502622+00:00
saibo22.com,AVAILABILITY,origin.list,2026-09-15 00:02:08.849369+00:00
s60153663.com,AVAILABILITY,origin.list,2026-09-15 00:02:09.267190+00:00
s22922.com,AVAILABILITY,origin.list,2026-09-15 00:02:09.732002+00:00
s2.sin88.cc,AVAILABILITY,origin.list,2026-09-15 00:02:10.064845+00:00
684386.com,AVAILABILITY,origin.list,2026-09-15 00:02:10.606314+00:00
sm66vietnam.com,AVAILABILITY,origin.list,2026-09-15 00:02:10.833618+00:00
rycp21.com,AVAILABILITY,origin.list,2026-09-15 00:02:11.433901+00:00
scccc.name,AVAILABILITY,origin.list,2026-09-15 00:02:11.731574+00:00
sdgj1235.com,AVAILABILITY,origin.list,2026-09-15 00:02:12.285232+00:00
so997.com,AVAILABILITY,origin.list,2026-09-15 00:02:12.563343+00:00
sg438.com,AVAILABILITY,origin.list,2026-09-15 00:02:13.208824+00:00
sukien.fcb88.com,AVAILABILITY,origin.list,2026-09-15 00:02:13.445690+00:00
sun0228.com,AVAILABILITY,origin.list,2026-09-15 00:02:13.998546+00:00
soc.sieutaixiu79.club,AVAILABILITY,origin.list,2026-09-15 00:02:14.261585+00:00
play.bay789.life,AVAILABILITY,origin.list,2026-09-15 00:02:14.834327+00:00
sv66vip6.com,AVAILABILITY,origin.list,2026-09-15 00:02:15.078243+00:00
t3274.com,AVAILABILITY,origin.list,2026-09-15 00:02:15.695336+00:00
t5381.com,AVAILABILITY,origin.list,2026-09-15 00:02:15.857742+00:00
t2442.com,AVAILABILITY,origin.list,2026-09-15 00:02:16.524876+00:00
t5271.com,AVAILABILITY,origin.list,2026-09-15 00:02:16.685569+00:00
t3740.com,AVAILABILITY,origin.list,2026-09-15 00:02:17.312225+00:00
t6756.com,AVAILABILITY,origin.list,2026-09-15 00:02:17.522116+00:00
t6951.com,AVAILABILITY,origin.list,2026-09-15 00:02:18.201794+00:00
t8531.com,AVAILABILITY,origin.list,2026-09-15 00:02:18.361220+00:00
t8519.com,AVAILABILITY,origin.list,2026-09-15 00:02:19.066185+00:00
m.789bettb.top,AVAILABILITY,origin.list,2026-09-15 00:02:19.595179+00:00
tc138138.com,AVAILABILITY,origin.list,2026-09-15 00:02:19.925550+00:00
tn8qvc.com,AVAILABILITY,origin.list,2026-09-15 00:02:20.486028+00:00
soloist123.xyz,AVAILABILITY,origin.list,2026-09-15 00:02:21.040628+00:00
tlc616.com,AVAILABILITY,origin.list,2026-09-15 00:02:21.293719+00:00
tlc522.com,AVAILABILITY,origin.list,2026-09-15 00:02:22.029527+00:00
tlc686.com,AVAILABILITY,origin.list,2026-09-15 00:02:22.109294+00:00
tfgiaitri.com,AVAILABILITY,origin.list,2026-09-15 00:02:22.825502+00:00
thrp588.com,AVAILABILITY,origin.list,2026-09-15 00:02:22.956360+00:00
ty9yn.com,AVAILABILITY,origin.list,2026-09-15 00:02:23.624243+00:00
tc68sn.com,AVAILABILITY,origin.list,2026-09-15 00:02:23.797308+00:00
tp6920.com,AVAILABILITY,origin.list,2026-09-15 00:02:24.431583+00:00
tourghepmienbac.net,AVAILABILITY,origin.list,2026-09-15 00:02:24.588852+00:00
ude891.com,AVAILABILITY,origin.list,2026-09-15 00:02:25.450733+00:00
tai.b29.pub,AVAILABILITY,origin.list,2026-09-15 00:02:26.193027+00:00
v111w.com,AVAILABILITY,origin.list,2026-09-15 00:02:27.042002+00:00
ued388.net,AVAILABILITY,origin.list,2026-09-15 00:02:27.819654+00:00
ued996.com,AVAILABILITY,origin.list,2026-09-15 00:02:28.604822+00:00
ued118.net,AVAILABILITY,origin.list,2026-09-15 00:02:29.493800+00:00
ued696.com,AVAILABILITY,origin.list,2026-09-15 00:02:30.268369+00:00
ued699.com,AVAILABILITY,origin.list,2026-09-15 00:02:30.342043+00:00
v0630.com,AVAILABILITY,origin.list,2026-09-15 00:02:31.183301+00:00
visk588.com,AVAILABILITY,origin.list,2026-09-15 00:02:31.993684+00:00
v121w.com,AVAILABILITY,origin.list,2026-09-15 00:02:32.797775+00:00
vksx133.net,AVAILABILITY,origin.list,2026-09-15 00:02:33.604249+00:00
vn1290.com,AVAILABILITY,origin.list,2026-09-15 00:02:34.427079+00:00
vn1289.com,AVAILABILITY,origin.list,2026-09-15 00:02:35.292279+00:00
vn2126.com,AVAILABILITY,origin.list,2026-09-15 00:02:36.164050+00:00
betway38.com,AVAILABILITY,origin.list,2026-09-15 00:02:36.679862+00:00
vina2025.com,AVAILABILITY,origin.list,2026-09-15 00:02:37.051793+00:00
vn138e.com,AVAILABILITY,origin.list,2026-09-15 00:02:37.616773+00:00
vn2340.com,AVAILABILITY,origin.list,2026-09-15 00:02:37.875132+00:00
138976c.com,AVAILABILITY,origin.list,2026-09-15 00:02:38.452412+00:00
138976d.com,AVAILABILITY,origin.list,2026-09-15 00:02:39.294506+00:00
otols8888.8888slot.cc,AVAILABILITY,origin.list,2026-09-15 00:02:40.137949+00:00
2059aa.com,AVAILABILITY,origin.list,2026-09-15 00:02:40.949889+00:00
k8bet1.net,AVAILABILITY,origin.list,2026-09-15 00:02:41.592274+00:00
2059oo.com,AVAILABILITY,origin.list,2026-09-15 00:02:41.784096+00:00
2059rr.com,AVAILABILITY,origin.list,2026-09-15 00:02:42.420134+00:00
2566555.com,AVAILABILITY,origin.list,2026-09-15 00:02:42.582328+00:00
6579555.com,AVAILABILITY,origin.list,2026-09-15 00:02:43.376235+00:00
96mpower.com,AVAILABILITY,origin.list,2026-09-15 00:02:44.165084+00:00
867h.com,AVAILABILITY,origin.list,2026-09-15 00:02:44.983536+00:00
aa55111.com,AVAILABILITY,origin.list,2026-09-15 00:02:45.819809+00:00
44878c.com,AVAILABILITY,origin.list,2026-09-15 00:03:11.866723+00:00
k8love.com,AVAILABILITY,origin.list,2026-09-15 00:03:13.063251+00:00
44878z.com,AVAILABILITY,origin.list,2026-09-15 00:03:13.151530+00:00
mzw188.com,AVAILABILITY,origin.list,2026-09-15 00:03:14.072013+00:00
bet88sss.store,AVAILABILITY,origin.list,2026-09-15 00:03:14.221259+00:00
omtru.com,AVAILABILITY,origin.list,2026-09-15 00:03:15.095882+00:00
wjbetbr777.com,AVAILABILITY,origin.list,2026-09-15 00:03:15.102392+00:00
wjpesogame.store,AVAILABILITY,origin.list,2026-09-15 00:03:16.051226+00:00
vn138f.com,AVAILABILITY,origin.list,2026-09-15 00:03:16.059176+00:00
vn3458.com,AVAILABILITY,origin.list,2026-09-15 00:03:16.855761+00:00
vna189.com,AVAILABILITY,origin.list,2026-09-15 00:03:16.903725+00:00
vns-51366.com,AVAILABILITY,origin.list,2026-09-15 00:03:17.887358+00:00
vnxoso1.com,AVAILABILITY,origin.list,2026-09-15 00:03:18.928374+00:00
phbet63.bet,AVAILABILITY,origin.list,2026-09-15 00:03:21.199708+00:00
vnxoso68.com,AVAILABILITY,origin.list,2026-09-15 00:03:21.974904+00:00
balancer-afflink-cbet.com,AVAILABILITY,origin.list,2026-09-15 00:03:28.063509+00:00
bw175.com,AVAILABILITY,origin.list,2026-09-15 00:03:33.115365+00:00
vp77711.com,AVAILABILITY,origin.list,2026-09-15 00:03:33.964837+00:00
vn3298.com,AVAILABILITY,origin.list,2026-09-15 00:03:35.017581+00:00
7358t.com,AVAILABILITY,origin.list,2026-09-15 00:03:35.817248+00:00
jiliapp.sale,AVAILABILITY,origin.list,2026-09-15 00:03:38.385927+00:00
biweibw28.com,AVAILABILITY,origin.list,2026-09-15 00:03:39.547276+00:00
shbet79.com,AVAILABILITY,origin.list,2026-09-15 00:03:40.520532+00:00
am17444.com,AVAILABILITY,origin.list,2026-09-15 00:04:15.357764+00:00
redirhelabet.com,AVAILABILITY,origin.list,2026-09-15 00:16:46.072036+00:00
nohuk8.info,AVAILABILITY,origin.list,2026-09-15 00:19:45.616404+00:00
sportsgamezone.net,AVAILABILITY,origin.list,2026-09-15 00:19:46.598800+00:00
wb999c.com,AVAILABILITY,origin.list,2026-09-15 00:19:47.553847+00:00
w88silver.com,AVAILABILITY,origin.list,2026-09-15 00:19:48.540545+00:00
wb2028.net,AVAILABILITY,origin.list,2026-09-15 00:19:49.508248+00:00
clearwaterplays.com,AVAILABILITY,origin.list,2026-09-15 00:20:00.840481+00:00
am1995.com,AVAILABILITY,origin.list,2026-09-15 00:20:19.843156+00:00
we161.net,AVAILABILITY,origin.list,2026-09-15 00:20:20.621715+00:00
vnkuvideo.com,AVAILABILITY,origin.list,2026-09-15 00:20:21.448523+00:00
we166.net,AVAILABILITY,origin.list,2026-09-15 00:20:22.302334+00:00
fa1919.net,AVAILABILITY,origin.list,2026-09-15 00:20:23.072619+00:00
sky88vip.top,AVAILABILITY,origin.list,2026-09-15 00:20:24.268900+00:00
we181.net,AVAILABILITY,origin.list,2026-09-15 00:20:25.167409+00:00
67318h.com,AVAILABILITY,origin.list,2026-09-15 00:20:27.157602+00:00
1xbetqq.com,AVAILABILITY,origin.list,2026-09-15 00:20:28.105208+00:00
wb999a.net,AVAILABILITY,origin.list,2026-09-15 00:20:28.908711+00:00
wechat98.com,AVAILABILITY,origin.list,2026-09-15 00:20:29.707409+00:00
wns666h.com,AVAILABILITY,origin.list,2026-09-15 00:20:30.556063+00:00
win368ae.com,AVAILABILITY,origin.list,2026-09-15 00:20:31.350036+00:00
fun3883.com,AVAILABILITY,origin.list,2026-09-15 00:20:31.751407+00:00
wujian90.com,AVAILABILITY,origin.list,2026-09-15 00:20:32.258669+00:00
www-38979.com,AVAILABILITY,origin.list,2026-09-15 00:20:32.678574+00:00
ws9222.com,AVAILABILITY,origin.list,2026-09-15 00:20:33.027648+00:00
web.sun8.win,AVAILABILITY,origin.list,2026-09-15 00:20:33.447154+00:00
www.bty992.com,AVAILABILITY,origin.list,2026-09-15 00:20:33.859084+00:00
www.331725.com,AVAILABILITY,origin.list,2026-09-15 00:20:34.732753+00:00
vb777g.top,AVAILABILITY,origin.list,2026-09-15 00:20:35.874365+00:00
www.bty962.com,AVAILABILITY,origin.list,2026-09-15 00:20:36.942366+00:00
wb9898.art,AVAILABILITY,origin.list,2026-09-15 00:20:38.109002+00:00
www.eurofun88.com,AVAILABILITY,origin.list,2026-09-15 00:20:38.903522+00:00
www.33beta.com,AVAILABILITY,origin.list,2026-09-15 00:20:39.743961+00:00
fun2055.com,AVAILABILITY,origin.list,2026-09-15 00:20:46.150325+00:00
www38979.com,AVAILABILITY,origin.list,2026-09-15 00:20:47.035778+00:00
x0299.com,AVAILABILITY,origin.list,2026-09-15 00:20:47.810398+00:00
www.chplay-chrome.com,AVAILABILITY,origin.list,2026-09-15 00:20:48.721760+00:00
www.sv66vip6.com,AVAILABILITY,origin.list,2026-09-15 00:20:49.648015+00:00
www.zcs21s.com,AVAILABILITY,origin.list,2026-09-15 00:20:50.546029+00:00
wjpesovip50.shop,AVAILABILITY,origin.list,2026-09-15 00:20:55.795653+00:00
www23989.com,AVAILABILITY,origin.list,2026-09-15 00:20:56.626270+00:00
x22289.com,AVAILABILITY,origin.list,2026-09-15 00:20:57.447393+00:00
x9599.com,AVAILABILITY,origin.list,2026-09-15 00:20:58.263352+00:00
x1699.com,AVAILABILITY,origin.list,2026-09-15 00:20:59.177398+00:00
67318m.com,AVAILABILITY,origin.list,2026-09-15 00:21:01.042082+00:00
tip88vn.me,AVAILABILITY,origin.list,2026-09-15 00:21:03.269730+00:00
x0399.com,AVAILABILITY,origin.list,2026-09-15 00:21:04.088776+00:00
x41669.com,AVAILABILITY,origin.list,2026-09-15 00:21:04.860792+00:00
x8588.com,AVAILABILITY,origin.list,2026-09-15 00:21:05.637958+00:00
wjpesovip43.shop,AVAILABILITY,origin.list,2026-09-15 00:21:06.166635+00:00
www.thabet88.info,AVAILABILITY,origin.list,2026-09-15 00:21:06.594662+00:00
xn--chq84am2gxy6d.net,AVAILABILITY,origin.list,2026-09-15 00:21:06.985331+00:00
xn--www--t29f885fmka01rba2085dk3a.com,AVAILABILITY,origin.list,2026-09-15 00:21:07.480923+00:00
vwinvn.live,AVAILABILITY,origin.list,2026-09-15 00:21:07.761546+00:00
xeng5.com,AVAILABILITY,origin.list,2026-09-15 00:21:08.399430+00:00
xx836597.com,AVAILABILITY,origin.list,2026-09-15 00:21:08.657122+00:00
xx836599.com,AVAILABILITY,origin.list,2026-09-15 00:21:09.193154+00:00
www.bk8win.top,AVAILABILITY,origin.list,2026-09-15 00:21:09.498410+00:00
yer4.com,AVAILABILITY,origin.list,2026-09-15 00:21:09.986389+00:00
xxx6132.com,AVAILABILITY,origin.list,2026-09-15 00:21:10.862196+00:00
xym051.com,AVAILABILITY,origin.list,2026-09-15 00:21:11.727913+00:00
voj8.digital,AVAILABILITY,origin.list,2026-09-15 00:21:12.567988+00:00
y66619.com,AVAILABILITY,origin.list,2026-09-15 00:21:13.360747+00:00
083838.cn,AVAILABILITY,origin.list,2026-09-15 00:21:14.266343+00:00
vwins.asia,AVAILABILITY,origin.list,2026-09-15 00:21:14.876681+00:00
yenjf.com,AVAILABILITY,origin.list,2026-09-15 00:21:15.027407+00:00
yh15u.com,AVAILABILITY,origin.list,2026-09-15 00:21:15.696824+00:00
yh15m.com,AVAILABILITY,origin.list,2026-09-15 00:21:15.814535+00:00
yeng7.com,AVAILABILITY,origin.list,2026-09-15 00:21:16.522658+00:00
yve7.com,AVAILABILITY,origin.list,2026-09-15 00:21:16.616423+00:00
vwins.pro,AVAILABILITY,origin.list,2026-09-15 00:21:17.238082+00:00
ying8chao.com,AVAILABILITY,origin.list,2026-09-15 00:21:17.384707+00:00
yy96393.com,AVAILABILITY,origin.list,2026-09-15 00:21:18.013012+00:00
ytcc4.com,AVAILABILITY,origin.list,2026-09-15 00:21:18.176221+00:00
z8908.com,AVAILABILITY,origin.list,2026-09-15 00:21:18.869292+00:00
yvn7.com,AVAILABILITY,origin.list,2026-09-15 00:21:19.030509+00:00
zhanghpbgp.com,AVAILABILITY,origin.list,2026-09-15 00:21:19.699150+00:00
yzaxjc.com,AVAILABILITY,origin.list,2026-09-15 00:21:19.830681+00:00
yvn9.com,AVAILABILITY,origin.list,2026-09-15 00:21:20.569754+00:00
zou18190.com,AVAILABILITY,origin.list,2026-09-15 00:21:20.682673+00:00
45116666.com,AVAILABILITY,origin.list,2026-09-15 00:21:21.301652+00:00
zcs21s.com,AVAILABILITY,origin.list,2026-09-15 00:21:21.481910+00:00
zd8831.com,AVAILABILITY,origin.list,2026-09-15 00:21:22.048898+00:00
zuobfev3421oyb.com,AVAILABILITY,origin.list,2026-09-15 00:21:22.393783+00:00
986713.com,AVAILABILITY,origin.list,2026-09-15 00:21:22.838716+00:00
zst235.com,AVAILABILITY,origin.list,2026-09-15 00:21:23.185149+00:00
16b88w.com,AVAILABILITY,origin.list,2026-09-15 00:21:23.627745+00:00
875986.com,AVAILABILITY,origin.list,2026-09-15 00:21:24.066129+00:00
00yabo.com,AVAILABILITY,origin.list,2026-09-15 00:21:24.438239+00:00
000yabo.com,AVAILABILITY,origin.list,2026-09-15 00:21:25.065520+00:00
new88288.com,AVAILABILITY,origin.list,2026-09-15 00:21:25.255497+00:00
390119.com,AVAILABILITY,origin.list,2026-09-15 00:21:25.870119+00:00
0393838.com,AVAILABILITY,origin.list,2026-09-15 00:21:26.089201+00:00
1ddff.com,AVAILABILITY,origin.list,2026-09-15 00:21:26.664391+00:00
w23023.com,AVAILABILITY,origin.list,2026-09-15 00:21:26.907112+00:00
aml29v2ii.com,AVAILABILITY,origin.list,2026-09-15 00:21:27.448859+00:00
9j05qtqxc.com,AVAILABILITY,origin.list,2026-09-15 00:21:28.273790+00:00
affiliate.vntop88.com,AVAILABILITY,origin.list,2026-09-15 00:21:29.108402+00:00
m.vntop88.com,AVAILABILITY,origin.list,2026-09-15 00:21:29.959398+00:00
qibovip1.com,AVAILABILITY,origin.list,2026-09-15 00:21:30.741638+00:00
0465p.com,AVAILABILITY,origin.list,2026-09-15 00:21:31.572448+00:00
06617e.com,AVAILABILITY,origin.list,2026-09-15 00:21:32.390034+00:00
8953366.com,AVAILABILITY,origin.list,2026-09-15 00:21:33.227635+00:00
www.debet.info,AVAILABILITY,origin.list,2026-09-15 00:21:36.257458+00:00
8953311.com,AVAILABILITY,origin.list,2026-09-15 00:21:37.027621+00:00
fun505.com,AVAILABILITY,origin.list,2026-09-15 00:21:37.555599+00:00
8953322.com,AVAILABILITY,origin.list,2026-09-15 00:21:37.851193+00:00
games.sin88.biz,AVAILABILITY,origin.list,2026-09-15 00:21:38.372773+00:00
8953388.com,AVAILABILITY,origin.list,2026-09-15 00:21:38.721743+00:00
thethao.sin88.biz,AVAILABILITY,origin.list,2026-09-15 00:21:39.152638+00:00
giutcohon.sin88.biz,AVAILABILITY,origin.list,2026-09-15 00:21:39.579458+00:00
euro.sin88.biz,AVAILABILITY,origin.list,2026-09-15 00:21:39.947206+00:00
s1.sin88.biz,AVAILABILITY,origin.list,2026-09-15 00:21:40.380537+00:00
s2.sin88.biz,AVAILABILITY,origin.list,2026-09-15 00:21:40.724049+00:00
lode247.sin88.biz,AVAILABILITY,origin.list,2026-09-15 00:21:41.193406+00:00
15478.net,AVAILABILITY,origin.list,2026-09-15 00:21:41.545077+00:00
15388p.com,AVAILABILITY,origin.list,2026-09-15 00:21:41.991577+00:00
km100dangky.site,AVAILABILITY,origin.list,2026-09-15 00:21:42.517000+00:00
390948.com,AVAILABILITY,origin.list,2026-09-15 00:21:42.888487+00:00
fb68vn2025.site,AVAILABILITY,origin.list,2026-09-15 00:21:43.374280+00:00
660718.com,AVAILABILITY,origin.list,2026-09-15 00:21:43.732558+00:00
9704555.com,AVAILABILITY,origin.list,2026-09-15 00:21:44.141515+00:00
390142.com,AVAILABILITY,origin.list,2026-09-15 00:21:44.495275+00:00
pg88vn.bar,AVAILABILITY,origin.list,2026-09-15 00:21:45.119256+00:00
funvui.net,AVAILABILITY,origin.list,2026-09-15 00:21:45.926532+00:00
winbet999.info,AVAILABILITY,origin.list,2026-09-15 00:21:51.804910+00:00
fun586.com,AVAILABILITY,origin.list,2026-09-15 00:21:55.595705+00:00
j1433.com,AVAILABILITY,origin.list,2026-09-15 00:21:56.391509+00:00
tf88.house,AVAILABILITY,origin.list,2026-09-15 00:21:57.452648+00:00
keng5.com,AVAILABILITY,origin.list,2026-09-15 00:21:58.285841+00:00
gaynupt.com,AVAILABILITY,origin.list,2026-09-15 00:21:59.107790+00:00
y6p8.com,AVAILABILITY,origin.list,2026-09-15 00:21:59.968825+00:00
748986.com,AVAILABILITY,origin.list,2026-09-15 00:22:00.820375+00:00
b82229.com,AVAILABILITY,origin.list,2026-09-15 00:22:01.603013+00:00
36567e.com,AVAILABILITY,origin.list,2026-09-15 00:22:02.373765+00:00
fun6630.com,AVAILABILITY,origin.list,2026-09-15 00:22:02.869326+00:00
tbab395.com,AVAILABILITY,origin.list,2026-09-15 00:22:03.196027+00:00
sa5555.net,AVAILABILITY,origin.list,2026-09-15 00:22:04.049063+00:00
986871.com,AVAILABILITY,origin.list,2026-09-15 00:22:04.898959+00:00
www.tbab395.com,AVAILABILITY,origin.list,2026-09-15 00:22:05.738618+00:00
986593.com,AVAILABILITY,origin.list,2026-09-15 00:22:06.638987+00:00
fun6633.com,AVAILABILITY,origin.list,2026-09-15 00:22:14.048389+00:00
986844.com,AVAILABILITY,origin.list,2026-09-15 00:22:14.887431+00:00
www.kubet88.win,AVAILABILITY,origin.list,2026-09-15 00:22:15.736715+00:00
794986.com,AVAILABILITY,origin.list,2026-09-15 00:22:16.589320+00:00
23777kk.com,AVAILABILITY,origin.list,2026-09-15 00:22:17.383040+00:00
fun6656.com,AVAILABILITY,origin.list,2026-09-15 00:22:17.788775+00:00
m.v9bet55.com,AVAILABILITY,origin.list,2026-09-15 00:22:18.220766+00:00
vv2357.com,AVAILABILITY,origin.list,2026-09-15 00:22:18.605150+00:00
85792.xyz,AVAILABILITY,origin.list,2026-09-15 00:22:19.301962+00:00
487986.com,AVAILABILITY,origin.list,2026-09-15 00:22:19.367152+00:00
dk.thethaovip.bar,AVAILABILITY,origin.list,2026-09-15 00:22:20.050088+00:00
738986.com,AVAILABILITY,origin.list,2026-09-15 00:22:20.124782+00:00
h218tyc.com,AVAILABILITY,origin.list,2026-09-15 00:22:20.835942+00:00
740986.com,AVAILABILITY,origin.list,2026-09-15 00:22:21.630780+00:00
4411b.cn,AVAILABILITY,origin.list,2026-09-15 00:22:25.063138+00:00
web.dangky789.one,AVAILABILITY,origin.list,2026-09-15 00:22:25.365089+00:00
8287gg.com,AVAILABILITY,origin.list,2026-09-15 00:22:26.164566+00:00
mobi.oleviet777.com,AVAILABILITY,origin.list,2026-09-15 00:22:27.049032+00:00
player.oleviet777.com,AVAILABILITY,origin.list,2026-09-15 00:22:27.877767+00:00
h208tyc.com,AVAILABILITY,origin.list,2026-09-15 00:22:28.694680+00:00
3904140.com,AVAILABILITY,origin.list,2026-09-15 00:22:29.552496+00:00
111000555.com,AVAILABILITY,origin.list,2026-09-15 00:22:30.375341+00:00
48789r.com,AVAILABILITY,origin.list,2026-09-15 00:22:31.251703+00:00
48789qq.com,AVAILABILITY,origin.list,2026-09-15 00:22:32.044550+00:00
615501.com,AVAILABILITY,origin.list,2026-09-15 00:22:32.855148+00:00
m.oleviet777.com,AVAILABILITY,origin.list,2026-09-15 00:22:33.702198+00:00
rz2566.com,AVAILABILITY,origin.list,2026-09-15 00:22:34.527292+00:00
4530777.com,AVAILABILITY,origin.list,2026-09-15 00:22:35.320825+00:00
jun88.vin,AVAILABILITY,origin.list,2026-09-15 00:22:35.920445+00:00
71844.wang,AVAILABILITY,origin.list,2026-09-15 00:22:38.946365+00:00
zsmj.info,AVAILABILITY,origin.list,2026-09-15 00:22:39.447348+00:00
bw1236.com,AVAILABILITY,origin.list,2026-09-15 00:22:39.766386+00:00
6103003.site,AVAILABILITY,origin.list,2026-09-15 00:22:40.292591+00:00
gs99gs.com,AVAILABILITY,origin.list,2026-09-15 00:22:41.131070+00:00
gs55gs.com,AVAILABILITY,origin.list,2026-09-15 00:22:41.939185+00:00
61032222.site,AVAILABILITY,origin.list,2026-09-15 00:22:42.782200+00:00
75197.wang,AVAILABILITY,origin.list,2026-09-15 00:22:42.909031+00:00
6103007.site,AVAILABILITY,origin.list,2026-09-15 00:22:43.629952+00:00
4032gg.com,AVAILABILITY,origin.list,2026-09-15 00:22:43.708961+00:00
hiephoilangnghevietnam.com,AVAILABILITY,origin.list,2026-09-15 00:22:44.441551+00:00
68a.club,AVAILABILITY,origin.list,2026-09-15 00:22:47.357187+00:00
k8fifa1.com,AVAILABILITY,origin.list,2026-09-15 00:22:48.239219+00:00
61037777.site,AVAILABILITY,origin.list,2026-09-15 00:22:49.095845+00:00
0445q.com,AVAILABILITY,origin.list,2026-09-15 00:22:49.899435+00:00
tructiepdaga.info,AVAILABILITY,origin.list,2026-09-15 00:22:54.482665+00:00
06797h.com,AVAILABILITY,origin.list,2026-09-15 00:22:55.249919+00:00
j602b.com,AVAILABILITY,origin.list,2026-09-15 00:23:01.004601+00:00
taiv8.info,AVAILABILITY,origin.list,2026-09-15 00:23:05.753170+00:00
fun9915.com,AVAILABILITY,origin.list,2026-09-15 00:23:06.140405+00:00
07422z.com,AVAILABILITY,origin.list,2026-09-15 00:23:06.557322+00:00
6103008.site,AVAILABILITY,origin.list,2026-09-15 00:23:06.993898+00:00
vnsvnsopa.com,AVAILABILITY,origin.list,2026-09-15 00:23:07.378363+00:00
07411m.com,AVAILABILITY,origin.list,2026-09-15 00:23:07.808601+00:00
koicasino1.com,AVAILABILITY,origin.list,2026-09-15 00:23:18.387821+00:00
jrbet888.com,AVAILABILITY,origin.list,2026-09-15 00:23:18.836537+00:00
6103010.site,AVAILABILITY,origin.list,2026-09-15 00:23:19.238670+00:00
23777b.com,AVAILABILITY,origin.list,2026-09-15 00:23:19.618289+00:00
23777d.com,AVAILABILITY,origin.list,2026-09-15 00:23:20.035496+00:00
07411n.com,AVAILABILITY,origin.list,2026-09-15 00:23:20.419313+00:00
23777g.com,AVAILABILITY,origin.list,2026-09-15 00:23:20.823702+00:00
07411k.com,AVAILABILITY,origin.list,2026-09-15 00:23:21.223298+00:00
61038888.site,AVAILABILITY,origin.list,2026-09-15 00:23:22.066694+00:00
390265.com,AVAILABILITY,origin.list,2026-09-15 00:23:22.893984+00:00
23777h.com,AVAILABILITY,origin.list,2026-09-15 00:23:23.674942+00:00
520126.cn,AVAILABILITY,origin.list,2026-09-15 00:23:24.182444+00:00
390910.com,AVAILABILITY,origin.list,2026-09-15 00:23:24.672442+00:00
46182.net,AVAILABILITY,origin.list,2026-09-15 00:23:25.159581+00:00
390960.com,AVAILABILITY,origin.list,2026-09-15 00:23:25.487113+00:00
m.bty1180.com,AVAILABILITY,origin.list,2026-09-15 00:23:26.482858+00:00
m.bty1160.com,AVAILABILITY,origin.list,2026-09-15 00:23:27.401239+00:00
8881608.com,AVAILABILITY,origin.list,2026-09-15 00:23:28.216092+00:00
pinbo87.com,AVAILABILITY,origin.list,2026-09-15 00:23:28.228502+00:00
fi8885.com,AVAILABILITY,origin.list,2026-09-15 00:23:29.031062+00:00
fi8882.com,AVAILABILITY,origin.list,2026-09-15 00:23:29.454362+00:00
fi8844.com,AVAILABILITY,origin.list,2026-09-15 00:23:29.960573+00:00
fi8855.com,AVAILABILITY,origin.list,2026-09-15 00:23:30.811993+00:00
fi8884.com,AVAILABILITY,origin.list,2026-09-15 00:23:31.749442+00:00
m.bty1196.com,AVAILABILITY,origin.list,2026-09-15 00:23:32.709904+00:00
likeitbetit.com,AVAILABILITY,origin.list,2026-09-15 00:23:40.636786+00:00
nhacaisodo.net,AVAILABILITY,origin.list,2026-09-15 00:23:43.783371+00:00
m.bty1289.com,AVAILABILITY,origin.list,2026-09-15 00:23:44.719553+00:00
ad.yo88.tv,AVAILABILITY,origin.list,2026-09-15 00:23:45.507100+00:00
sweeptheleg.org,AVAILABILITY,origin.list,2026-09-15 00:23:51.607538+00:00
fun102.com,AVAILABILITY,origin.list,2026-09-15 00:23:52.377304+00:00
fun88-prod-proxy-awstk.fubnb.com,AVAILABILITY,origin.list,2026-09-15 00:23:53.174841+00:00
weide78.com,AVAILABILITY,origin.list,2026-09-15 00:23:54.026513+00:00
m.bty1295.com,AVAILABILITY,origin.list,2026-09-15 00:23:55.049026+00:00
f8035.com,AVAILABILITY,origin.list,2026-09-15 00:23:55.972058+00:00
ued011.com,AVAILABILITY,origin.list,2026-09-15 00:23:56.584920+00:00
000hjd.com,AVAILABILITY,origin.list,2026-09-15 00:23:56.806112+00:00
bk8cambo.com,AVAILABILITY,origin.list,2026-09-15 00:23:57.441960+00:00
k8tip.com,AVAILABILITY,origin.list,2026-09-15 00:23:57.572052+00:00
k8tip06.com,AVAILABILITY,origin.list,2026-09-15 00:23:58.209855+00:00
k8tip03.com,AVAILABILITY,origin.list,2026-09-15 00:23:58.426720+00:00
k8tip09.com,AVAILABILITY,origin.list,2026-09-15 00:23:59.000560+00:00
k8tip29.com,AVAILABILITY,origin.list,2026-09-15 00:23:59.233298+00:00
k8tip25.com,AVAILABILITY,origin.list,2026-09-15 00:23:59.758435+00:00
1966234.com,AVAILABILITY,origin.list,2026-09-15 00:24:00.038435+00:00
1966345.com,AVAILABILITY,origin.list,2026-09-15 00:24:00.856109+00:00
1966678.com,AVAILABILITY,origin.list,2026-09-15 00:24:01.715096+00:00
1966456.com,AVAILABILITY,origin.list,2026-09-15 00:24:02.552807+00:00
50047755.com,AVAILABILITY,origin.list,2026-09-15 00:24:02.722021+00:00
2066345.com,AVAILABILITY,origin.list,2026-09-15 00:24:03.330907+00:00
2066234.com,AVAILABILITY,origin.list,2026-09-15 00:24:03.562764+00:00
2066456.com,AVAILABILITY,origin.list,2026-09-15 00:24:04.069314+00:00
2066678.com,AVAILABILITY,origin.list,2026-09-15 00:24:04.340370+00:00
2166123.com,AVAILABILITY,origin.list,2026-09-15 00:24:04.898824+00:00
2166456.com,AVAILABILITY,origin.list,2026-09-15 00:24:05.142532+00:00
2166234.com,AVAILABILITY,origin.list,2026-09-15 00:24:05.740395+00:00
2166345.com,AVAILABILITY,origin.list,2026-09-15 00:24:05.956791+00:00
9499118.com,AVAILABILITY,origin.list,2026-09-15 00:24:06.521738+00:00
9499682.com,AVAILABILITY,origin.list,2026-09-15 00:24:06.762244+00:00
9499293.com,AVAILABILITY,origin.list,2026-09-15 00:24:07.296433+00:00
fafaslot88.com,AVAILABILITY,origin.list,2026-09-15 00:24:07.556931+00:00
mrfmote.com,AVAILABILITY,origin.list,2026-09-15 00:24:08.084952+00:00
tian199.com,AVAILABILITY,origin.list,2026-09-15 00:24:08.383539+00:00
hgw310.com,AVAILABILITY,origin.list,2026-09-15 00:24:08.882363+00:00
ppbk6.com,AVAILABILITY,origin.list,2026-09-15 00:24:09.185268+00:00
tian166.com,AVAILABILITY,origin.list,2026-09-15 00:24:09.746687+00:00
tian388.com,AVAILABILITY,origin.list,2026-09-15 00:24:09.963775+00:00
tian678.com,AVAILABILITY,origin.list,2026-09-15 00:24:10.621308+00:00
vip22589.com,AVAILABILITY,origin.list,2026-09-15 00:24:10.821931+00:00
tian988.com,AVAILABILITY,origin.list,2026-09-15 00:24:11.416749+00:00
k8tip26.com,AVAILABILITY,origin.list,2026-09-15 00:24:11.654824+00:00
vip78930.com,AVAILABILITY,origin.list,2026-09-15 00:24:12.190984+00:00
k8tip30.com,AVAILABILITY,origin.list,2026-09-15 00:24:12.978503+00:00
k8tip31.com,AVAILABILITY,origin.list,2026-09-15 00:24:13.781432+00:00
k8tip35.com,AVAILABILITY,origin.list,2026-09-15 00:24:14.582771+00:00
ued033.com,AVAILABILITY,origin.list,2026-09-15 00:24:22.671979+00:00
k8tip33.com,AVAILABILITY,origin.list,2026-09-15 00:24:23.449131+00:00
vipayx66.com,AVAILABILITY,origin.list,2026-09-15 00:24:25.421367+00:00
k8vina688.com,AVAILABILITY,origin.list,2026-09-15 00:24:26.233395+00:00
k8vina388.com,AVAILABILITY,origin.list,2026-09-15 00:24:27.082080+00:00
k8vipro27.com,AVAILABILITY,origin.list,2026-09-15 00:24:27.853936+00:00
k8vip68.com,AVAILABILITY,origin.list,2026-09-15 00:24:28.749156+00:00
k8vipro26.com,AVAILABILITY,origin.list,2026-09-15 00:24:29.555783+00:00
k8vipro28.com,AVAILABILITY,origin.list,2026-09-15 00:24:30.326546+00:00
k8vipro30.com,AVAILABILITY,origin.list,2026-09-15 00:24:31.184038+00:00
zbo9f.com,AVAILABILITY,origin.list,2026-09-15 00:24:31.987059+00:00
3656ss.com,AVAILABILITY,origin.list,2026-09-15 00:24:32.837121+00:00
tai.win79.pro,AVAILABILITY,origin.list,2026-09-15 00:24:34.427845+00:00
ued077.com,AVAILABILITY,origin.list,2026-09-15 00:24:43.900701+00:00
ut9win5.com,AVAILABILITY,origin.list,2026-09-15 00:40:40.740533+00:00
0085881.com,AVAILABILITY,origin.list,2026-09-15 00:40:41.761216+00:00
11551680.com,AVAILABILITY,origin.list,2026-09-15 00:40:42.760303+00:00
ued377.com,AVAILABILITY,origin.list,2026-09-15 00:40:50.971989+00:00
ued378.com,AVAILABILITY,origin.list,2026-09-15 00:40:53.980663+00:00
mapi.ku998.net,AVAILABILITY,origin.list,2026-09-15 00:40:55.221714+00:00
0085521.com,AVAILABILITY,origin.list,2026-09-15 00:40:56.242523+00:00
ufa020.live,AVAILABILITY,origin.list,2026-09-15 00:40:57.182065+00:00
wy88-asian.com,AVAILABILITY,origin.list,2026-09-15 00:40:58.326796+00:00
65757j.com,AVAILABILITY,origin.list,2026-09-15 00:40:59.248391+00:00
ued308.com,AVAILABILITY,origin.list,2026-09-15 00:41:02.161639+00:00
m.bty1290.com,AVAILABILITY,origin.list,2026-09-15 00:41:03.175417+00:00
2w5p.com,AVAILABILITY,origin.list,2026-09-15 00:41:03.993941+00:00
1231680.com,AVAILABILITY,origin.list,2026-09-15 00:41:04.815531+00:00
007win06.com,AVAILABILITY,origin.list,2026-09-15 00:41:10.578702+00:00
11881670.com,AVAILABILITY,origin.list,2026-09-15 00:41:11.538438+00:00
65757z.com,AVAILABILITY,origin.list,2026-09-15 00:41:12.329608+00:00
m.bty1291.com,AVAILABILITY,origin.list,2026-09-15 00:41:13.281632+00:00
7891670.com,AVAILABILITY,origin.list,2026-09-15 00:41:14.119093+00:00
11331680.com,AVAILABILITY,origin.list,2026-09-15 00:41:14.923505+00:00
65757q.com,AVAILABILITY,origin.list,2026-09-15 00:41:15.752076+00:00
007win04.com,AVAILABILITY,origin.list,2026-09-15 00:41:16.065096+00:00
4561680.com,AVAILABILITY,origin.list,2026-09-15 00:41:16.808692+00:00
z8891.com,AVAILABILITY,origin.list,2026-09-15 00:41:16.950147+00:00
ah2012.com,AVAILABILITY,origin.list,2026-09-15 00:41:17.980945+00:00
1187118705a.com,AVAILABILITY,origin.list,2026-09-15 00:41:18.967912+00:00
6781680.com,AVAILABILITY,origin.list,2026-09-15 00:41:19.901164+00:00
4644999.com,AVAILABILITY,origin.list,2026-09-15 00:41:20.943925+00:00
xn--betway88-6l2oh57b.com,AVAILABILITY,origin.list,2026-09-15 00:41:21.818701+00:00
abcjili6.com,AVAILABILITY,origin.list,2026-09-15 00:41:22.593490+00:00
007win07.com,AVAILABILITY,origin.list,2026-09-15 00:41:28.210683+00:00
btywte.com,AVAILABILITY,origin.list,2026-09-15 00:41:29.008904+00:00
abcjili3.com,AVAILABILITY,origin.list,2026-09-15 00:41:29.773398+00:00
007win10.com,AVAILABILITY,origin.list,2026-09-15 00:41:33.663490+00:00
bty3gw.com,AVAILABILITY,origin.list,2026-09-15 00:41:34.701131+00:00
444i9.com,AVAILABILITY,origin.list,2026-09-15 00:41:35.529387+00:00
ae88tv.com,AVAILABILITY,origin.list,2026-09-15 00:41:36.291457+00:00
bw62vip.com,AVAILABILITY,origin.list,2026-09-15 00:41:37.057554+00:00
qy123.vip,AVAILABILITY,origin.list,2026-09-15 00:41:37.604280+00:00
789betk.com,AVAILABILITY,origin.list,2026-09-15 00:41:37.854588+00:00
dangkykubet.net,AVAILABILITY,origin.list,2026-09-15 00:41:38.701412+00:00
fm33.top,AVAILABILITY,origin.list,2026-09-15 00:41:39.881218+00:00
funvvip88.com,AVAILABILITY,origin.list,2026-09-15 00:41:43.114318+00:00
n0544.com,AVAILABILITY,origin.list,2026-09-15 00:41:43.998230+00:00
viphth66.com,AVAILABILITY,origin.list,2026-09-15 00:41:51.120461+00:00
rongho22.vip,AVAILABILITY,origin.list,2026-09-15 00:41:57.813042+00:00
n0533.com,AVAILABILITY,origin.list,2026-09-15 00:41:58.623594+00:00
p4452.com,AVAILABILITY,origin.list,2026-09-15 00:41:59.457582+00:00
p4426.com,AVAILABILITY,origin.list,2026-09-15 00:42:00.273889+00:00
sjadonh.com,AVAILABILITY,origin.list,2026-09-15 00:42:01.103391+00:00
vip66h.com,AVAILABILITY,origin.list,2026-09-15 00:42:01.927980+00:00
vip88vn.com,AVAILABILITY,origin.list,2026-09-15 00:42:02.134481+00:00
www70074.com,AVAILABILITY,origin.list,2026-09-15 00:42:02.768523+00:00
abcjili9.com,AVAILABILITY,origin.list,2026-09-15 00:42:03.549555+00:00
for882247.com,AVAILABILITY,origin.list,2026-09-15 00:42:04.339359+00:00
for885029.com,AVAILABILITY,origin.list,2026-09-15 00:42:05.118918+00:00
for880394.com,AVAILABILITY,origin.list,2026-09-15 00:42:05.936123+00:00
lua999vnd.com,AVAILABILITY,origin.list,2026-09-15 00:42:06.815183+00:00
fk777.tw,AVAILABILITY,origin.list,2026-09-15 00:42:12.805199+00:00
vipleyu66.com,AVAILABILITY,origin.list,2026-09-15 00:42:13.248987+00:00
for884232.com,AVAILABILITY,origin.list,2026-09-15 00:42:13.642381+00:00
668668021a.com,AVAILABILITY,origin.list,2026-09-15 00:42:14.082782+00:00
668668023a.com,AVAILABILITY,origin.list,2026-09-15 00:42:14.954883+00:00
for888092.com,AVAILABILITY,origin.list,2026-09-15 00:42:15.829138+00:00
999555d.com,AVAILABILITY,origin.list,2026-09-15 00:42:16.670338+00:00
new88338.online,AVAILABILITY,origin.list,2026-09-15 00:42:17.677068+00:00
bet33041.com,AVAILABILITY,origin.list,2026-09-15 00:42:18.545655+00:00
668668022a.com,AVAILABILITY,origin.list,2026-09-15 00:42:19.310214+00:00
wow7bets.com,AVAILABILITY,origin.list,2026-09-15 00:42:24.724734+00:00
win79.pro,AVAILABILITY,origin.list,2026-09-15 00:42:30.346858+00:00
btyk90.com,AVAILABILITY,origin.list,2026-09-15 00:42:31.209588+00:00
pwbet.fun,AVAILABILITY,origin.list,2026-09-15 00:42:32.188800+00:00
btygus.com,AVAILABILITY,origin.list,2026-09-15 00:42:33.082439+00:00
444locks.com,AVAILABILITY,origin.list,2026-09-15 00:42:35.776228+00:00
btyfn5.com,AVAILABILITY,origin.list,2026-09-15 00:42:36.569726+00:00
btyvt0.com,AVAILABILITY,origin.list,2026-09-15 00:42:37.373440+00:00
btyt0n.com,AVAILABILITY,origin.list,2026-09-15 00:42:38.208985+00:00
lywangl.com,AVAILABILITY,origin.list,2026-09-15 00:42:39.035294+00:00
btyvq3.com,AVAILABILITY,origin.list,2026-09-15 00:42:39.878531+00:00
390521.com,AVAILABILITY,origin.list,2026-09-15 00:42:40.684367+00:00
jiuzhouguoji2.com,AVAILABILITY,origin.list,2026-09-15 00:42:41.491916+00:00
00956.net,AVAILABILITY,origin.list,2026-09-15 00:42:42.269533+00:00
k8thethao.net,AVAILABILITY,origin.list,2026-09-15 00:42:43.128313+00:00
3335qq.com,AVAILABILITY,origin.list,2026-09-15 00:42:43.999458+00:00
555dimes.com,AVAILABILITY,origin.list,2026-09-15 00:42:44.171123+00:00
tf88.mx,AVAILABILITY,origin.list,2026-09-15 00:42:44.885532+00:00
m9.0ermm.com,AVAILABILITY,origin.list,2026-09-15 00:42:45.708437+00:00
new.aw8live.co,AVAILABILITY,origin.list,2026-09-15 00:42:46.509053+00:00
m.bty1292.com,AVAILABILITY,origin.list,2026-09-15 00:42:47.330634+00:00
thethao.aw8live.co,AVAILABILITY,origin.list,2026-09-15 00:42:48.124226+00:00
nohu.aw8live.co,AVAILABILITY,origin.list,2026-09-15 00:42:48.949512+00:00
45856n.com,AVAILABILITY,origin.list,2026-09-15 00:42:49.803160+00:00
60345a.com,AVAILABILITY,origin.list,2026-09-15 00:42:50.633799+00:00
553404.com,AVAILABILITY,origin.list,2026-09-15 00:42:51.433030+00:00
b29.pub,AVAILABILITY,origin.list,2026-09-15 00:42:52.341489+00:00
423255.com,AVAILABILITY,origin.list,2026-09-15 00:42:53.175523+00:00
66pp84.com,AVAILABILITY,origin.list,2026-09-15 00:42:54.079472+00:00
3900034.com,AVAILABILITY,origin.list,2026-09-15 00:42:54.840594+00:00
cloutaction.com,AVAILABILITY,origin.list,2026-09-15 00:42:55.267837+00:00
605509.com,AVAILABILITY,origin.list,2026-09-15 00:42:55.786947+00:00
ks2251.com,AVAILABILITY,origin.list,2026-09-15 00:42:56.119347+00:00
688888tyc.com,AVAILABILITY,origin.list,2026-09-15 00:42:56.744891+00:00
547750.com,AVAILABILITY,origin.list,2026-09-15 00:42:56.933125+00:00
vf009.com,AVAILABILITY,origin.list,2026-09-15 00:42:57.567323+00:00
jbo87.com,AVAILABILITY,origin.list,2026-09-15 00:42:57.734624+00:00
jbo61.com,AVAILABILITY,origin.list,2026-09-15 00:42:58.355017+00:00
11221670.com,AVAILABILITY,origin.list,2026-09-15 00:42:59.254620+00:00
228685.com,AVAILABILITY,origin.list,2026-09-15 00:43:00.030971+00:00
socket.debet.so,AVAILABILITY,origin.list,2026-09-15 00:43:00.839515+00:00
163479.com,AVAILABILITY,origin.list,2026-09-15 00:43:01.664317+00:00
ks9932.com,AVAILABILITY,origin.list,2026-09-15 00:43:02.445198+00:00
96mgoodsg.com,AVAILABILITY,origin.list,2026-09-15 00:43:03.348905+00:00
789b40.com,AVAILABILITY,origin.list,2026-09-15 00:43:04.216648+00:00
ios.sanvip.club,AVAILABILITY,origin.list,2026-09-15 00:43:05.979668+00:00
apa56.com,AVAILABILITY,origin.list,2026-09-15 00:43:06.756696+00:00
56076.site,AVAILABILITY,origin.list,2026-09-15 00:43:07.713125+00:00
456indonesia.com,AVAILABILITY,origin.list,2026-09-15 00:43:08.524209+00:00
daytona777.com,AVAILABILITY,origin.list,2026-09-15 00:43:08.745610+00:00
55880.site,AVAILABILITY,origin.list,2026-09-15 00:43:09.410116+00:00
cclive.cam,AVAILABILITY,origin.list,2026-09-15 00:43:09.843518+00:00
771378.com,AVAILABILITY,origin.list,2026-09-15 00:43:10.738399+00:00
67899687.net,AVAILABILITY,origin.list,2026-09-15 00:43:11.508037+00:00
super7m.com,AVAILABILITY,origin.list,2026-09-15 00:43:12.402606+00:00
sodo02.com,AVAILABILITY,origin.list,2026-09-15 00:43:12.598201+00:00
bcc78.com,AVAILABILITY,origin.list,2026-09-15 00:43:13.160340+00:00
b010101.com,AVAILABILITY,origin.list,2026-09-15 00:43:13.538122+00:00
jej77.com,AVAILABILITY,origin.list,2026-09-15 00:43:13.975809+00:00
ccbd8989.com,AVAILABILITY,origin.list,2026-09-15 00:43:14.371301+00:00
596025.com,AVAILABILITY,origin.list,2026-09-15 00:43:14.923148+00:00
sev70.com,AVAILABILITY,origin.list,2026-09-15 00:43:15.227380+00:00
647644.com,AVAILABILITY,origin.list,2026-09-15 00:43:15.712148+00:00
cclive.party,AVAILABILITY,origin.list,2026-09-15 00:43:16.069278+00:00
560659.com,AVAILABILITY,origin.list,2026-09-15 00:43:16.607903+00:00
vn138viet.com,AVAILABILITY,origin.list,2026-09-15 00:43:16.908288+00:00
www.vn138viet.com,AVAILABILITY,origin.list,2026-09-15 00:43:17.804235+00:00
84547.org,AVAILABILITY,origin.list,2026-09-15 00:43:18.497309+00:00
4427app.com,AVAILABILITY,origin.list,2026-09-15 00:43:18.613738+00:00
bintangbola66.com,AVAILABILITY,origin.list,2026-09-15 00:43:19.302751+00:00
cclive.webcam,AVAILABILITY,origin.list,2026-09-15 00:43:19.792156+00:00
b88sg3.com,AVAILABILITY,origin.list,2026-09-15 00:43:20.107277+00:00
fun302.com,AVAILABILITY,origin.list,2026-09-15 00:43:20.617531+00:00
891007.com,AVAILABILITY,origin.list,2026-09-15 00:43:20.942580+00:00
23127.xyz,AVAILABILITY,origin.list,2026-09-15 00:43:22.037254+00:00
28765.xyz,AVAILABILITY,origin.list,2026-09-15 00:43:24.272568+00:00
1519945.com,AVAILABILITY,origin.list,2026-09-15 00:43:25.033070+00:00
5596help.com,AVAILABILITY,origin.list,2026-09-15 00:43:25.838604+00:00
75676.org,AVAILABILITY,origin.list,2026-09-15 00:43:26.721292+00:00
5966lts.com,AVAILABILITY,origin.list,2026-09-15 00:43:27.519943+00:00
app5596.com,AVAILABILITY,origin.list,2026-09-15 00:43:28.308818+00:00
premierewagers444.com,AVAILABILITY,origin.list,2026-09-15 00:43:46.635858+00:00
chinabitou3.com,AVAILABILITY,origin.list,2026-09-15 00:44:19.011524+00:00
chinabitou2.com,AVAILABILITY,origin.list,2026-09-15 00:44:57.308830+00:00
chinabitou1.com,AVAILABILITY,origin.list,2026-09-15 00:45:06.176924+00:00
jiliapp115.com,AVAILABILITY,origin.list,2026-09-15 00:45:06.281189+00:00
jililive444.com,AVAILABILITY,origin.list,2026-09-15 00:45:08.297373+00:00
qm770.com,AVAILABILITY,origin.list,2026-09-15 01:00:35.693002+00:00
jiliapp117.com,AVAILABILITY,origin.list,2026-09-15 01:00:36.927815+00:00
35975.wang,AVAILABILITY,origin.list,2026-09-15 01:00:37.602394+00:00
smartcatn.com,AVAILABILITY,origin.list,2026-09-15 01:00:38.989056+00:00
ole7788.com,AVAILABILITY,origin.list,2026-09-15 01:00:40.440015+00:00
svsv388.com,AVAILABILITY,origin.list,2026-09-15 01:00:41.836282+00:00
web.sunwin.pro,AVAILABILITY,origin.list,2026-09-15 01:00:43.769862+00:00
leyuvip36.app,AVAILABILITY,origin.list,2026-09-15 01:00:45.043131+00:00
78k66.com,AVAILABILITY,origin.list,2026-09-15 01:00:46.540059+00:00
7773.space,AVAILABILITY,origin.list,2026-09-15 01:00:47.848490+00:00
390186.com,AVAILABILITY,origin.list,2026-09-15 01:00:49.143427+00:00
wb2028.vip,AVAILABILITY,origin.list,2026-09-15 01:01:06.659704+00:00
p365111.com,AVAILABILITY,origin.list,2026-09-15 01:01:08.089158+00:00
xoso919.com,AVAILABILITY,origin.list,2026-09-15 01:01:09.380806+00:00
web.playkclub.win,AVAILABILITY,origin.list,2026-09-15 01:01:10.588088+00:00
390551.com,AVAILABILITY,origin.list,2026-09-15 01:01:12.089241+00:00
f8betht.baby,AVAILABILITY,origin.list,2026-09-15 01:01:14.124475+00:00
ym308.com,AVAILABILITY,origin.list,2026-09-15 01:01:15.489368+00:00
efrs4562f.xyz,AVAILABILITY,origin.list,2026-09-15 01:01:17.269841+00:00
1495aa3.com,AVAILABILITY,origin.list,2026-09-15 01:01:18.605492+00:00
btyzip.com,AVAILABILITY,origin.list,2026-09-15 01:01:19.919514+00:00
118722295.com,AVAILABILITY,origin.list,2026-09-15 01:01:21.348142+00:00
396662.com,AVAILABILITY,origin.list,2026-09-15 01:01:22.704459+00:00
new003.com,AVAILABILITY,origin.list,2026-09-15 01:01:24.228136+00:00
578827.com,AVAILABILITY,origin.list,2026-09-15 01:01:25.840368+00:00
1700109.com,AVAILABILITY,origin.list,2026-09-15 01:01:27.249196+00:00
cdn.imvet.net,AVAILABILITY,origin.list,2026-09-15 01:01:28.766686+00:00
479907.com,AVAILABILITY,origin.list,2026-09-15 01:01:33.362134+00:00
oo.f16878.vip,AVAILABILITY,origin.list,2026-09-15 01:01:35.756565+00:00
btyg4x.com,AVAILABILITY,origin.list,2026-09-15 01:01:37.044393+00:00
188jili.lat,AVAILABILITY,origin.list,2026-09-15 01:01:38.753561+00:00
beis666.com,AVAILABILITY,origin.list,2026-09-15 01:01:39.201185+00:00
cp7188.com,AVAILABILITY,origin.list,2026-09-15 01:01:40.185997+00:00
imvet.net,AVAILABILITY,origin.list,2026-09-15 01:01:40.749999+00:00
cp7988.com,AVAILABILITY,origin.list,2026-09-15 01:01:41.401529+00:00
lp.vuiuk88.club,AVAILABILITY,origin.list,2026-09-15 01:01:42.508781+00:00
cp9688.com,AVAILABILITY,origin.list,2026-09-15 01:01:43.627137+00:00
cp9288.com,AVAILABILITY,origin.list,2026-09-15 01:01:45.108301+00:00
jinbo358358.com,AVAILABILITY,origin.list,2026-09-15 01:01:46.613477+00:00
jinbo585858.com,AVAILABILITY,origin.list,2026-09-15 01:01:47.851919+00:00
jinbo989898.com,AVAILABILITY,origin.list,2026-09-15 01:01:49.134949+00:00
playbw88.com,AVAILABILITY,origin.list,2026-09-15 01:01:50.663142+00:00
ti9zb.com,AVAILABILITY,origin.list,2026-09-15 01:01:52.151118+00:00
wowbet77.com,AVAILABILITY,origin.list,2026-09-15 01:01:53.092892+00:00
x5245.com,AVAILABILITY,origin.list,2026-09-15 01:01:53.603550+00:00
xpj8308.com,AVAILABILITY,origin.list,2026-09-15 01:01:54.548587+00:00
xpj3848.com,AVAILABILITY,origin.list,2026-09-15 01:01:54.777789+00:00
xpj8508.com,AVAILABILITY,origin.list,2026-09-15 01:01:55.865791+00:00
zhiboti9.com,AVAILABILITY,origin.list,2026-09-15 01:01:55.997591+00:00
kk3755.com,AVAILABILITY,origin.list,2026-09-15 01:01:57.172352+00:00
img.imvet.net,AVAILABILITY,origin.list,2026-09-15 01:01:58.437623+00:00
img2.imvet.net,AVAILABILITY,origin.list,2026-09-15 01:01:59.654202+00:00
116kb.com,AVAILABILITY,origin.list,2026-09-15 01:02:00.870494+00:00
api.123bhh.com,AVAILABILITY,origin.list,2026-09-15 01:02:02.196203+00:00
ks330.net,AVAILABILITY,origin.list,2026-09-15 01:02:03.336605+00:00
cwin8.bet,AVAILABILITY,origin.list,2026-09-15 01:02:05.940949+00:00
882087.com,AVAILABILITY,origin.list,2026-09-15 01:02:07.113197+00:00
wow7win.com,AVAILABILITY,origin.list,2026-09-15 01:02:09.091396+00:00
188jili.guru,AVAILABILITY,origin.list,2026-09-15 01:02:09.403057+00:00
k8vina26.com,AVAILABILITY,origin.list,2026-09-15 01:02:10.312254+00:00
h4337.com,AVAILABILITY,origin.list,2026-09-15 01:02:10.547798+00:00
btyauf.com,AVAILABILITY,origin.list,2026-09-15 01:02:11.607585+00:00
fun373.com,AVAILABILITY,origin.list,2026-09-15 01:02:11.820901+00:00
new8864.com,AVAILABILITY,origin.list,2026-09-15 01:02:12.863325+00:00
783114.com,AVAILABILITY,origin.list,2026-09-15 01:02:13.002153+00:00
new8842.com,AVAILABILITY,origin.list,2026-09-15 01:02:14.059155+00:00
weide003.com,AVAILABILITY,origin.list,2026-09-15 01:02:14.272903+00:00
svip17365.com,AVAILABILITY,origin.list,2026-09-15 01:02:15.335225+00:00
luck8com.cc,AVAILABILITY,origin.list,2026-09-15 01:02:15.482154+00:00
96msoar.com,AVAILABILITY,origin.list,2026-09-15 01:02:16.597334+00:00
8838d.com,AVAILABILITY,origin.list,2026-09-15 01:02:16.824183+00:00
bty3lw.com,AVAILABILITY,origin.list,2026-09-15 01:02:17.891514+00:00
8883826.com,AVAILABILITY,origin.list,2026-09-15 01:02:18.044241+00:00
360zuqiu9.com,AVAILABILITY,origin.list,2026-09-15 01:02:19.148520+00:00
5bet007.com,AVAILABILITY,origin.list,2026-09-15 01:02:19.376789+00:00
58659.biz,AVAILABILITY,origin.list,2026-09-15 01:02:20.487550+00:00
705045.com,AVAILABILITY,origin.list,2026-09-15 01:02:20.559695+00:00
71907a.com,AVAILABILITY,origin.list,2026-09-15 01:02:21.693610+00:00
75048a.com,AVAILABILITY,origin.list,2026-09-15 01:02:22.934243+00:00
f8021.com,AVAILABILITY,origin.list,2026-09-15 01:02:24.226279+00:00
vip365bet.bet,AVAILABILITY,origin.list,2026-09-15 01:02:27.207154+00:00
kasinomarketing.com,AVAILABILITY,origin.list,2026-09-15 01:02:28.509567+00:00
kj3606.com,AVAILABILITY,origin.list,2026-09-15 01:02:29.790942+00:00
kj3694.com,AVAILABILITY,origin.list,2026-09-15 01:02:31.123644+00:00
wow7wow.com,AVAILABILITY,origin.list,2026-09-15 01:02:32.905276+00:00
62830.biz,AVAILABILITY,origin.list,2026-09-15 01:02:33.593158+00:00
v9016.com,AVAILABILITY,origin.list,2026-09-15 01:02:34.126937+00:00
v9139.com,AVAILABILITY,origin.list,2026-09-15 01:02:34.728776+00:00
k8live97.com,AVAILABILITY,origin.list,2026-09-15 01:02:35.436091+00:00
bet33002.com,AVAILABILITY,origin.list,2026-09-15 01:02:36.016840+00:00
bet33032.com,AVAILABILITY,origin.list,2026-09-15 01:02:36.624020+00:00
61030000.com,AVAILABILITY,origin.list,2026-09-15 01:02:37.239698+00:00
2566jk.com,AVAILABILITY,origin.list,2026-09-15 01:02:37.976511+00:00
8104555.com,AVAILABILITY,origin.list,2026-09-15 01:02:38.470041+00:00
61032222.com,AVAILABILITY,origin.list,2026-09-15 01:02:39.209440+00:00
61398.net,AVAILABILITY,origin.list,2026-09-15 01:02:39.735903+00:00
bet33043.com,AVAILABILITY,origin.list,2026-09-15 01:02:40.370376+00:00
vipvnd00.com,AVAILABILITY,origin.list,2026-09-15 01:02:41.083198+00:00
8147555.com,AVAILABILITY,origin.list,2026-09-15 01:02:41.588453+00:00
tf88.studio,AVAILABILITY,origin.list,2026-09-15 01:02:43.597708+00:00
btyvlm.com,AVAILABILITY,origin.list,2026-09-15 01:02:44.878933+00:00
vf002.com,AVAILABILITY,origin.list,2026-09-15 01:02:46.119569+00:00
m.bty1198.com,AVAILABILITY,origin.list,2026-09-15 01:02:47.477312+00:00
uplay555.com,AVAILABILITY,origin.list,2026-09-15 01:02:54.273575+00:00
weide44.com,AVAILABILITY,origin.list,2026-09-15 01:02:55.493683+00:00
y6.com,AVAILABILITY,origin.list,2026-09-15 01:02:55.638478+00:00
vf004.com,AVAILABILITY,origin.list,2026-09-15 01:02:56.785950+00:00
15388w.com,AVAILABILITY,origin.list,2026-09-15 01:02:56.792426+00:00
y2346.com,AVAILABILITY,origin.list,2026-09-15 01:02:58.099821+00:00
vn6.mobi,AVAILABILITY,origin.list,2026-09-15 01:02:58.535342+00:00
8267994.com,AVAILABILITY,origin.list,2026-09-15 01:02:59.326171+00:00
899616.com,AVAILABILITY,origin.list,2026-09-15 01:02:59.833457+00:00
dk.thethaovua.co,AVAILABILITY,origin.list,2026-09-15 01:03:00.802935+00:00
742137.net,AVAILABILITY,origin.list,2026-09-15 01:03:01.084919+00:00
7271t.com,AVAILABILITY,origin.list,2026-09-15 01:03:02.125029+00:00
6686vn101.com,AVAILABILITY,origin.list,2026-09-15 01:03:02.411008+00:00
3956w.com,AVAILABILITY,origin.list,2026-09-15 01:03:03.436183+00:00
6686vn13.com,AVAILABILITY,origin.list,2026-09-15 01:03:03.577172+00:00
gmt90.com,AVAILABILITY,origin.list,2026-09-15 01:03:04.777083+00:00
ufa147s.live,AVAILABILITY,origin.list,2026-09-15 01:03:05.237484+00:00
jili2255.com,AVAILABILITY,origin.list,2026-09-15 01:03:06.136812+00:00
6686vn102.com,AVAILABILITY,origin.list,2026-09-15 01:03:06.383617+00:00
6686vn12.com,AVAILABILITY,origin.list,2026-09-15 01:03:07.382783+00:00
6686vn15.com,AVAILABILITY,origin.list,2026-09-15 01:03:07.612052+00:00
6686vn17.com,AVAILABILITY,origin.list,2026-09-15 01:03:08.546382+00:00
8usclub.pro,AVAILABILITY,origin.list,2026-09-15 01:03:11.241444+00:00
6686vn100.com,AVAILABILITY,origin.list,2026-09-15 01:03:12.433999+00:00
6686vn18.com,AVAILABILITY,origin.list,2026-09-15 01:03:13.519189+00:00
6686vn16.com,AVAILABILITY,origin.list,2026-09-15 01:03:14.783697+00:00
6686vn19.com,AVAILABILITY,origin.list,2026-09-15 01:03:15.944916+00:00
6686vn14.com,AVAILABILITY,origin.list,2026-09-15 01:03:17.191028+00:00
6686vn21.com,AVAILABILITY,origin.list,2026-09-15 01:03:18.421401+00:00
6686vn33.com,AVAILABILITY,origin.list,2026-09-15 01:03:19.659880+00:00
wowwin7.com,AVAILABILITY,origin.list,2026-09-15 01:03:20.117453+00:00
play.xocdia88.video,AVAILABILITY,origin.list,2026-09-15 01:03:21.802059+00:00
6686vn20.com,AVAILABILITY,origin.list,2026-09-15 01:03:23.054950+00:00
99676.wang,AVAILABILITY,origin.list,2026-09-15 01:03:23.322210+00:00
6686vn23.com,AVAILABILITY,origin.list,2026-09-15 01:03:24.223468+00:00
7955x.com,AVAILABILITY,origin.list,2026-09-15 01:03:24.524445+00:00
7882x.com,AVAILABILITY,origin.list,2026-09-15 01:03:25.644487+00:00
64100su.com,AVAILABILITY,origin.list,2026-09-15 01:03:26.877119+00:00
41975.wang,AVAILABILITY,origin.list,2026-09-15 01:03:27.707543+00:00
cf688.club,AVAILABILITY,origin.list,2026-09-15 01:03:28.149788+00:00
betw288.com,AVAILABILITY,origin.list,2026-09-15 01:03:29.029824+00:00
604577.com,AVAILABILITY,origin.list,2026-09-15 01:03:29.364538+00:00
6686vn24.com,AVAILABILITY,origin.list,2026-09-15 01:03:30.338217+00:00
9962f.com,AVAILABILITY,origin.list,2026-09-15 01:03:31.560928+00:00
files.xtpag.top,AVAILABILITY,origin.list,2026-09-15 01:03:34.133283+00:00
s11611.com,AVAILABILITY,origin.list,2026-09-15 01:03:35.436598+00:00
zb1717.com,AVAILABILITY,origin.list,2026-09-15 01:03:36.525191+00:00
5566se.cn,AVAILABILITY,origin.list,2026-09-15 01:03:39.947600+00:00
s11110.com,AVAILABILITY,origin.list,2026-09-15 01:03:41.138447+00:00
cache.thethao56.com,AVAILABILITY,origin.list,2026-09-15 01:03:42.380476+00:00
s99997.com,AVAILABILITY,origin.list,2026-09-15 01:03:43.562493+00:00
jiliapp88.shop,AVAILABILITY,origin.list,2026-09-15 01:03:44.160853+00:00
296667.com,AVAILABILITY,origin.list,2026-09-15 01:03:44.647610+00:00
xosoleo88.com,AVAILABILITY,origin.list,2026-09-15 01:03:45.412235+00:00
35211a.com,AVAILABILITY,origin.list,2026-09-15 01:03:46.677384+00:00
35211b.com,AVAILABILITY,origin.list,2026-09-15 01:03:47.921647+00:00
35211c.com,AVAILABILITY,origin.list,2026-09-15 01:03:49.185834+00:00
35211s.com,AVAILABILITY,origin.list,2026-09-15 01:03:50.368251+00:00
35211e.com,AVAILABILITY,origin.list,2026-09-15 01:03:51.488769+00:00
db511.com,AVAILABILITY,origin.list,2026-09-15 01:03:52.715570+00:00
35211i.com,AVAILABILITY,origin.list,2026-09-15 01:03:54.026299+00:00
www.sodo.host,AVAILABILITY,origin.list,2026-09-15 01:03:58.287139+00:00
bj4455.com,AVAILABILITY,origin.list,2026-09-15 01:03:59.543026+00:00
1055p.com,AVAILABILITY,origin.list,2026-09-15 01:04:00.816164+00:00
t6hash.org,AVAILABILITY,origin.list,2026-09-15 01:04:01.260396+00:00
xoso957.com,AVAILABILITY,origin.list,2026-09-15 01:04:02.019340+00:00
35211n.com,AVAILABILITY,origin.list,2026-09-15 01:04:02.494198+00:00
4384922.com,AVAILABILITY,origin.list,2026-09-15 01:04:03.285465+00:00
65886v.com,AVAILABILITY,origin.list,2026-09-15 01:04:03.724114+00:00
4384944.com,AVAILABILITY,origin.list,2026-09-15 01:04:04.573826+00:00
yabo0020.com,AVAILABILITY,origin.list,2026-09-15 01:04:04.958811+00:00
45438s.com,AVAILABILITY,origin.list,2026-09-15 01:04:06.191757+00:00
kubet888.pro,AVAILABILITY,origin.list,2026-09-15 01:04:07.092899+00:00
35211y.com,AVAILABILITY,origin.list,2026-09-15 01:04:07.477488+00:00
s4494.com,AVAILABILITY,origin.list,2026-09-15 01:04:08.302186+00:00
35211j.com,AVAILABILITY,origin.list,2026-09-15 01:04:08.834340+00:00
qgc001.com,AVAILABILITY,origin.list,2026-09-15 01:04:09.636208+00:00
23177888.com,AVAILABILITY,origin.list,2026-09-15 01:04:10.029019+00:00
35211k.com,AVAILABILITY,origin.list,2026-09-15 01:04:10.924949+00:00
6686games.com,AVAILABILITY,origin.list,2026-09-15 01:04:11.265408+00:00
2017dabao.com,AVAILABILITY,origin.list,2026-09-15 01:04:12.057352+00:00
y99vip1.com,AVAILABILITY,origin.list,2026-09-15 01:04:12.512967+00:00
luckystar02.com,AVAILABILITY,origin.list,2026-09-15 01:04:13.244385+00:00
w9.vty917.com,AVAILABILITY,origin.list,2026-09-15 01:04:14.529905+00:00
z8917.com,AVAILABILITY,origin.list,2026-09-15 01:04:15.760397+00:00
36592222.net,AVAILABILITY,origin.list,2026-09-15 01:04:17.005104+00:00
6268dh4.com,AVAILABILITY,origin.list,2026-09-15 01:04:18.263447+00:00
33176.org,AVAILABILITY,origin.list,2026-09-15 01:04:18.840538+00:00
cojcp8.com,AVAILABILITY,origin.list,2026-09-15 01:04:19.408515+00:00
8225vip.com,AVAILABILITY,origin.list,2026-09-15 01:04:19.989365+00:00
566976.com,AVAILABILITY,origin.list,2026-09-15 01:04:20.637768+00:00
devflatsome.com,AVAILABILITY,origin.list,2026-09-15 01:04:21.137580+00:00
7775579.com,AVAILABILITY,origin.list,2026-09-15 01:04:21.907640+00:00
756975.com,AVAILABILITY,origin.list,2026-09-15 01:04:22.361734+00:00
6686vn120.com,AVAILABILITY,origin.list,2026-09-15 01:04:23.120852+00:00
267326.com,AVAILABILITY,origin.list,2026-09-15 01:04:23.483059+00:00
taimacao.club,AVAILABILITY,origin.list,2026-09-15 01:04:24.271197+00:00
dabao4444.com,AVAILABILITY,origin.list,2026-09-15 01:04:24.682438+00:00
1495d4.com,AVAILABILITY,origin.list,2026-09-15 01:04:25.583374+00:00
1495d5.com,AVAILABILITY,origin.list,2026-09-15 01:04:25.918390+00:00
60155.pro,AVAILABILITY,origin.list,2026-09-15 01:04:28.159721+00:00
wb1122.shop,AVAILABILITY,origin.list,2026-09-15 01:04:32.410300+00:00
286k.vip,AVAILABILITY,origin.list,2026-09-15 05:33:58.132424+00:00
287kaiyun.vip,AVAILABILITY,origin.list,2026-09-15 05:34:01.585692+00:00
291k.vip,AVAILABILITY,origin.list,2026-09-15 05:34:19.014277+00:00
290y.vip,AVAILABILITY,origin.list,2026-09-15 05:34:20.952954+00:00
291y.vip,AVAILABILITY,origin.list,2026-09-15 05:34:34.787571+00:00
294y.vip,AVAILABILITY,origin.list,2026-09-15 05:34:44.011232+00:00
29347.vip,AVAILABILITY,origin.list,2026-09-15 05:35:03.337788+00:00
296y.vip,AVAILABILITY,origin.list,2026-09-15 05:35:21.094903+00:00
296kaiyun.vip,AVAILABILITY,origin.list,2026-09-15 05:35:25.337116+00:00
300k.vip,AVAILABILITY,origin.list,2026-09-15 05:35:46.059630+00:00
297k.vip,AVAILABILITY,origin.list,2026-09-15 05:35:47.980332+00:00
304k.vip,AVAILABILITY,origin.list,2026-09-15 05:36:06.911187+00:00
301k.vip,AVAILABILITY,origin.list,2026-09-15 05:36:07.415863+00:00
96678.vip,AVAILABILITY,origin.list,2026-09-15 05:41:42.864696+00:00
abcfun.win,AVAILABILITY,origin.list,2026-09-15 05:42:12.698990+00:00
adfjkvv3.buzz,AVAILABILITY,origin.list,2026-09-15 05:42:16.244376+00:00
adv8sa7.buzz,AVAILABILITY,origin.list,2026-09-15 05:42:18.228600+00:00
afdh9d6.buzz,AVAILABILITY,origin.list,2026-09-15 05:42:18.966866+00:00
afhdi55.buzz,AVAILABILITY,origin.list,2026-09-15 05:42:21.860468+00:00
afhkvf9.buzz,AVAILABILITY,origin.list,2026-09-15 05:42:23.734760+00:00
afn5nk4.buzz,AVAILABILITY,origin.list,2026-09-15 05:42:26.756964+00:00
aewr6ef3.vip,AVAILABILITY,origin.list,2026-09-15 05:42:41.754629+00:00
allbetgame.vip,AVAILABILITY,origin.list,2026-09-15 05:42:59.570565+00:00
axgj1.vip,AVAILABILITY,origin.list,2026-09-15 05:43:30.321867+00:00
bum3.club,AVAILABILITY,origin.list,2026-09-15 05:44:01.484143+00:00
bnir2rht5.vip,AVAILABILITY,origin.list,2026-09-15 05:44:02.306349+00:00
c5hte6.vip,AVAILABILITY,origin.list,2026-09-15 05:44:19.294822+00:00
ch59dr3.vip,AVAILABILITY,origin.list,2026-09-15 05:44:38.619229+00:00
dfgrfvd6.buzz,AVAILABILITY,origin.list,2026-09-15 05:44:58.995994+00:00
dftduf7.buzz,AVAILABILITY,origin.list,2026-09-15 05:45:03.210652+00:00
dsa5sd9.buzz,AVAILABILITY,origin.list,2026-09-15 05:45:10.029796+00:00
dm15sk1.vip,AVAILABILITY,origin.list,2026-09-15 05:45:26.365789+00:00
dsa67kk6.vip,AVAILABILITY,origin.list,2026-09-15 05:45:39.913923+00:00
dsf93fd5.vip,AVAILABILITY,origin.list,2026-09-15 05:45:50.175706+00:00
ewbt2d6.vip,AVAILABILITY,origin.list,2026-09-15 05:46:00.977153+00:00
fasw7r2.buzz,AVAILABILITY,origin.list,2026-09-15 05:46:11.924261+00:00
fa1919.vip,AVAILABILITY,origin.list,2026-09-15 05:46:23.062808+00:00
12playnow.com,AVAILABILITY,origin.list,2026-09-15 06:05:50.906415+00:00
1389777.com,AVAILABILITY,origin.list,2026-09-15 06:05:50.951158+00:00
1626999.com,AVAILABILITY,origin.list,2026-09-15 06:05:52.143507+00:00
1727999.com,AVAILABILITY,origin.list,2026-09-15 06:05:52.326266+00:00
2039842.com,AVAILABILITY,origin.list,2026-09-15 06:05:53.495552+00:00
1779777.com,AVAILABILITY,origin.list,2026-09-15 06:05:53.546497+00:00
2325777.com,AVAILABILITY,origin.list,2026-09-15 06:05:54.807870+00:00
2126777.com,AVAILABILITY,origin.list,2026-09-15 06:05:54.952493+00:00
2687777.com,AVAILABILITY,origin.list,2026-09-15 06:05:56.069063+00:00
2768777.com,AVAILABILITY,origin.list,2026-09-15 06:05:56.109853+00:00
3281777.com,AVAILABILITY,origin.list,2026-09-15 06:05:57.607434+00:00
3525777.com,AVAILABILITY,origin.list,2026-09-15 06:05:57.652646+00:00
390336.com,AVAILABILITY,origin.list,2026-09-15 06:05:58.762688+00:00
3981777.com,AVAILABILITY,origin.list,2026-09-15 06:05:58.995681+00:00
5138999.com,AVAILABILITY,origin.list,2026-09-15 06:05:59.914416+00:00
5196777.com,AVAILABILITY,origin.list,2026-09-15 06:06:00.433307+00:00
5213777.com,AVAILABILITY,origin.list,2026-09-15 06:06:01.243040+00:00
5229777.com,AVAILABILITY,origin.list,2026-09-15 06:06:01.670545+00:00
5313777.com,AVAILABILITY,origin.list,2026-09-15 06:06:02.407406+00:00
5379777.com,AVAILABILITY,origin.list,2026-09-15 06:06:02.835264+00:00
5717999.com,AVAILABILITY,origin.list,2026-09-15 06:06:03.544924+00:00
6516777.com,AVAILABILITY,origin.list,2026-09-15 06:06:04.081154+00:00
6973777.com,AVAILABILITY,origin.list,2026-09-15 06:06:04.854733+00:00
7131999.com,AVAILABILITY,origin.list,2026-09-15 06:06:05.314778+00:00
7193777.com,AVAILABILITY,origin.list,2026-09-15 06:06:06.127967+00:00
7276777.com,AVAILABILITY,origin.list,2026-09-15 06:06:06.344290+00:00
7763777.com,AVAILABILITY,origin.list,2026-09-15 06:06:07.413727+00:00
1xbetbrasil.net,AVAILABILITY,origin.list,2026-09-15 06:06:07.573879+00:00
228i9.com,AVAILABILITY,origin.list,2026-09-15 06:06:08.479315+00:00
3184313.com,AVAILABILITY,origin.list,2026-09-15 06:06:08.858864+00:00
1101314.com,AVAILABILITY,origin.list,2026-09-15 06:06:09.652886+00:00
3920487.com,AVAILABILITY,origin.list,2026-09-15 06:06:10.005723+00:00
47596e.com,AVAILABILITY,origin.list,2026-09-15 06:06:10.818317+00:00
496141.com,AVAILABILITY,origin.list,2026-09-15 06:06:11.254897+00:00
839a128.com,AVAILABILITY,origin.list,2026-09-15 06:06:12.046540+00:00
ah0621.com,AVAILABILITY,origin.list,2026-09-15 06:06:12.389940+00:00
club-gov.com,AVAILABILITY,origin.list,2026-09-15 06:06:13.224588+00:00
dubai232.com,AVAILABILITY,origin.list,2026-09-15 06:06:13.572721+00:00
fun8836.com,AVAILABILITY,origin.list,2026-09-15 06:06:14.541640+00:00
jqka668.net,AVAILABILITY,origin.list,2026-09-15 06:06:14.724097+00:00
hit.club-gov.com,AVAILABILITY,origin.list,2026-09-15 06:06:15.727215+00:00
tk88.mobi,AVAILABILITY,origin.list,2026-09-15 06:06:17.594386+00:00
ns777.com,AVAILABILITY,origin.list,2026-09-15 06:06:17.776768+00:00
tk88.tv,AVAILABILITY,origin.list,2026-09-15 06:06:18.919287+00:00
upload.sbty0.com,AVAILABILITY,origin.list,2026-09-15 06:06:19.307697+00:00
vega77myr.net,AVAILABILITY,origin.list,2026-09-15 06:06:20.114393+00:00
1495d6.com,AVAILABILITY,origin.list,2026-09-15 06:06:21.209274+00:00
www.tk88.tv,AVAILABILITY,origin.list,2026-09-15 06:06:21.557124+00:00
467h.com,AVAILABILITY,origin.list,2026-09-15 06:06:22.472065+00:00
77793.biz,AVAILABILITY,origin.list,2026-09-15 06:06:27.176628+00:00
527690.com,AVAILABILITY,origin.list,2026-09-15 06:06:28.265840+00:00
fb68vn2025.wiki,AVAILABILITY,origin.list,2026-09-15 06:06:30.194693+00:00
1495d8.com,AVAILABILITY,origin.list,2026-09-15 06:06:31.364084+00:00
9075h.com,AVAILABILITY,origin.list,2026-09-15 06:06:37.677334+00:00
99113u.com,AVAILABILITY,origin.list,2026-09-15 06:06:38.867278+00:00
ivip9sg1.com,AVAILABILITY,origin.list,2026-09-15 06:06:40.043617+00:00
27800.org,AVAILABILITY,origin.list,2026-09-15 06:06:51.035459+00:00
xt5746.com,AVAILABILITY,origin.list,2026-09-15 06:22:45.924194+00:00
www.yeu88.games,AVAILABILITY,origin.list,2026-09-15 06:22:47.728320+00:00
jlslot42.com,AVAILABILITY,origin.list,2026-09-15 06:22:48.871563+00:00
55233.biz,AVAILABILITY,origin.list,2026-09-15 06:22:49.605429+00:00
uj9563.com,AVAILABILITY,origin.list,2026-09-15 06:22:49.967352+00:00
jlslot45.com,AVAILABILITY,origin.list,2026-09-15 06:22:50.569243+00:00
jlslot43.com,AVAILABILITY,origin.list,2026-09-15 06:22:50.908046+00:00
35111.biz,AVAILABILITY,origin.list,2026-09-15 06:22:51.934318+00:00
new8868.me,AVAILABILITY,origin.list,2026-09-15 06:22:52.307419+00:00
jlslot47.com,AVAILABILITY,origin.list,2026-09-15 06:22:53.028603+00:00
jlslot44.com,AVAILABILITY,origin.list,2026-09-15 06:22:54.036533+00:00
868vip.store,AVAILABILITY,origin.list,2026-09-15 06:22:54.319331+00:00
jlslot50.com,AVAILABILITY,origin.list,2026-09-15 06:22:55.182518+00:00
jlslot49.com,AVAILABILITY,origin.list,2026-09-15 06:22:56.331522+00:00
jlslot55.com,AVAILABILITY,origin.list,2026-09-15 06:22:57.522792+00:00
yeu88.games,AVAILABILITY,origin.list,2026-09-15 06:22:57.811930+00:00
jlslot51.com,AVAILABILITY,origin.list,2026-09-15 06:22:58.540223+00:00
jlslot57.com,AVAILABILITY,origin.list,2026-09-15 06:22:58.997251+00:00
jlslot54.com,AVAILABILITY,origin.list,2026-09-15 06:22:59.786735+00:00
bwei183.com,AVAILABILITY,origin.list,2026-09-15 06:22:59.989021+00:00
jlslot60.com,AVAILABILITY,origin.list,2026-09-15 06:23:00.698227+00:00
7772856.com,AVAILABILITY,origin.list,2026-09-15 06:23:00.886312+00:00
755534.com,AVAILABILITY,origin.list,2026-09-15 06:23:01.765380+00:00
2076p.com,AVAILABILITY,origin.list,2026-09-15 06:23:02.076807+00:00
b16886.com,AVAILABILITY,origin.list,2026-09-15 06:23:03.012511+00:00
38534z.com,AVAILABILITY,origin.list,2026-09-15 06:23:03.076952+00:00
bw989888.com,AVAILABILITY,origin.list,2026-09-15 06:23:04.259084+00:00
i9830.com,AVAILABILITY,origin.list,2026-09-15 06:23:05.446457+00:00
5554608.com,AVAILABILITY,origin.list,2026-09-15 06:23:06.432615+00:00
i9831.com,AVAILABILITY,origin.list,2026-09-15 06:23:06.555446+00:00
i9833.com,AVAILABILITY,origin.list,2026-09-15 06:23:07.704436+00:00
i9832.com,AVAILABILITY,origin.list,2026-09-15 06:23:07.735236+00:00
i9834.com,AVAILABILITY,origin.list,2026-09-15 06:23:08.823710+00:00
i9836.com,AVAILABILITY,origin.list,2026-09-15 06:23:08.917844+00:00
i9837.com,AVAILABILITY,origin.list,2026-09-15 06:23:09.993737+00:00
i9838.com,AVAILABILITY,origin.list,2026-09-15 06:23:11.160265+00:00
mgm5360.com,AVAILABILITY,origin.list,2026-09-15 06:23:12.077665+00:00
www.i9831.com,AVAILABILITY,origin.list,2026-09-15 06:23:13.180615+00:00
6635x.com,AVAILABILITY,origin.list,2026-09-15 06:23:14.389850+00:00
68gbcb8.cfd,AVAILABILITY,origin.list,2026-09-15 06:23:15.994572+00:00
sun0239.com,AVAILABILITY,origin.list,2026-09-15 06:23:16.928382+00:00
i9bet.group,AVAILABILITY,origin.list,2026-09-15 06:23:18.255066+00:00
xym211.com,AVAILABILITY,origin.list,2026-09-15 06:23:19.225003+00:00
xym2666.com,AVAILABILITY,origin.list,2026-09-15 06:23:20.516292+00:00
one88vin.com,AVAILABILITY,origin.list,2026-09-15 06:23:20.725242+00:00
xym3777.com,AVAILABILITY,origin.list,2026-09-15 06:23:21.697963+00:00
xym9777.com,AVAILABILITY,origin.list,2026-09-15 06:23:22.819514+00:00
33720.cn,AVAILABILITY,origin.list,2026-09-15 06:23:24.408408+00:00
ads.playmay88.top,AVAILABILITY,origin.list,2026-09-15 06:23:25.058915+00:00
happy9luck.com,AVAILABILITY,origin.list,2026-09-15 06:23:25.619403+00:00
api.lv6790.com,AVAILABILITY,origin.list,2026-09-15 06:23:26.157753+00:00
choiwin79.in,AVAILABILITY,origin.list,2026-09-15 06:23:27.009383+00:00
1519650.com,AVAILABILITY,origin.list,2026-09-15 06:23:27.122439+00:00
398039.com,AVAILABILITY,origin.list,2026-09-15 06:23:28.010925+00:00
xym8222.com,AVAILABILITY,origin.list,2026-09-15 06:23:28.073033+00:00
3872666.com,AVAILABILITY,origin.list,2026-09-15 06:23:28.900768+00:00
3881666.com,AVAILABILITY,origin.list,2026-09-15 06:23:29.154741+00:00
8553666.com,AVAILABILITY,origin.list,2026-09-15 06:23:30.095548+00:00
5192666.com,AVAILABILITY,origin.list,2026-09-15 06:23:31.068517+00:00
bibo007.com,AVAILABILITY,origin.list,2026-09-15 06:23:31.359016+00:00
8569666.com,AVAILABILITY,origin.list,2026-09-15 06:23:32.023344+00:00
8757666.com,AVAILABILITY,origin.list,2026-09-15 06:23:32.359691+00:00
8562666.com,AVAILABILITY,origin.list,2026-09-15 06:23:33.012635+00:00
9978666.com,AVAILABILITY,origin.list,2026-09-15 06:23:33.971307+00:00
9517666.com,AVAILABILITY,origin.list,2026-09-15 06:23:35.000489+00:00
226306.com,AVAILABILITY,origin.list,2026-09-15 06:23:35.976127+00:00
play.vaob52.click,AVAILABILITY,origin.list,2026-09-15 06:23:36.849527+00:00
593398.com,AVAILABILITY,origin.list,2026-09-15 06:23:38.187883+00:00
4032bb.com,AVAILABILITY,origin.list,2026-09-15 06:23:39.151926+00:00
558805.com,AVAILABILITY,origin.list,2026-09-15 06:23:40.120012+00:00
22230989.com,AVAILABILITY,origin.list,2026-09-15 06:23:44.118543+00:00
741986.com,AVAILABILITY,origin.list,2026-09-15 06:23:45.119260+00:00
p365777.com,AVAILABILITY,origin.list,2026-09-15 06:23:46.041698+00:00
81c18.com,AVAILABILITY,origin.list,2026-09-15 06:23:46.054926+00:00
pb3654.com,AVAILABILITY,origin.list,2026-09-15 06:23:47.043784+00:00
bibo146.com,AVAILABILITY,origin.list,2026-09-15 06:23:49.523145+00:00
9679x.com,AVAILABILITY,origin.list,2026-09-15 06:23:50.501925+00:00
bibo079.com,AVAILABILITY,origin.list,2026-09-15 06:23:53.066787+00:00
99hgv.cn,AVAILABILITY,origin.list,2026-09-15 06:23:56.410591+00:00
16f77.com,AVAILABILITY,origin.list,2026-09-15 06:23:57.320780+00:00
1115682.com,AVAILABILITY,origin.list,2026-09-15 06:23:58.377376+00:00
sanvip.club,AVAILABILITY,origin.list,2026-09-15 06:24:01.871042+00:00
playmay88.top,AVAILABILITY,origin.list,2026-09-15 06:24:04.063442+00:00
31630.shop,AVAILABILITY,origin.list,2026-09-15 06:24:06.472974+00:00
bibo172.com,AVAILABILITY,origin.list,2026-09-15 06:24:06.534867+00:00
jilipart777.com,AVAILABILITY,origin.list,2026-09-15 06:24:07.473041+00:00
i9bet84.fun,AVAILABILITY,origin.list,2026-09-15 06:24:07.533181+00:00
saowin.plus,AVAILABILITY,origin.list,2026-09-15 06:24:09.357859+00:00
taggerboooomcococo.com,AVAILABILITY,origin.list,2026-09-15 06:24:10.313870+00:00
123bff.com,AVAILABILITY,origin.list,2026-09-15 06:24:11.310943+00:00
2230989.com,AVAILABILITY,origin.list,2026-09-15 06:24:14.805975+00:00
bibo082.com,AVAILABILITY,origin.list,2026-09-15 06:24:17.701431+00:00
42691f.com,AVAILABILITY,origin.list,2026-09-15 06:24:18.625836+00:00
bibo23.app,AVAILABILITY,origin.list,2026-09-15 06:24:21.332161+00:00
8338vip.com,AVAILABILITY,origin.list,2026-09-15 06:24:22.313429+00:00
7224410.com,AVAILABILITY,origin.list,2026-09-15 06:24:22.922318+00:00
vuiuk88.club,AVAILABILITY,origin.list,2026-09-15 06:24:24.542561+00:00
9658vip.com,AVAILABILITY,origin.list,2026-09-15 06:24:25.531261+00:00
bibo478.com,AVAILABILITY,origin.list,2026-09-15 06:24:25.632923+00:00
onbet018.com,AVAILABILITY,origin.list,2026-09-15 06:24:26.588332+00:00
onbet338.com,AVAILABILITY,origin.list,2026-09-15 06:24:26.648709+00:00
onbet4567.com,AVAILABILITY,origin.list,2026-09-15 06:24:27.634465+00:00
onbet066.com,AVAILABILITY,origin.list,2026-09-15 06:24:28.577147+00:00
bibo084.com,AVAILABILITY,origin.list,2026-09-15 06:24:29.106982+00:00
onbet809.com,AVAILABILITY,origin.list,2026-09-15 06:24:29.552089+00:00
109cphome.com,AVAILABILITY,origin.list,2026-09-15 06:24:30.122469+00:00
bibo180.com,AVAILABILITY,origin.list,2026-09-15 06:24:31.939039+00:00
bibo442.com,AVAILABILITY,origin.list,2026-09-15 06:24:32.431294+00:00
281093.com,AVAILABILITY,origin.list,2026-09-15 06:24:32.934158+00:00
bojsuo.com,AVAILABILITY,origin.list,2026-09-15 06:24:33.970411+00:00
692h.com,AVAILABILITY,origin.list,2026-09-15 06:24:35.041287+00:00
bibo463.com,AVAILABILITY,origin.list,2026-09-15 06:24:35.242097+00:00
fcw556.com,AVAILABILITY,origin.list,2026-09-15 06:24:36.059991+00:00
109center.com,AVAILABILITY,origin.list,2026-09-15 06:24:36.280410+00:00
lode555.co,AVAILABILITY,origin.list,2026-09-15 06:24:37.268521+00:00
mybet88in.net,AVAILABILITY,origin.list,2026-09-15 06:24:38.240360+00:00
slotsany.com,AVAILABILITY,origin.list,2026-09-15 06:24:39.221122+00:00
23383388.net,AVAILABILITY,origin.list,2026-09-15 06:24:40.179571+00:00
p88bet.cfd,AVAILABILITY,origin.list,2026-09-15 06:24:41.606386+00:00
1xbet61.com,AVAILABILITY,origin.list,2026-09-15 06:24:42.523082+00:00
23389988.net,AVAILABILITY,origin.list,2026-09-15 06:24:43.516812+00:00
437138.com,AVAILABILITY,origin.list,2026-09-15 06:24:44.576746+00:00
472355.com,AVAILABILITY,origin.list,2026-09-15 06:24:45.654432+00:00
lemon168toff.com,AVAILABILITY,origin.list,2026-09-15 06:24:47.682482+00:00
qy418.com,AVAILABILITY,origin.list,2026-09-15 06:24:48.764783+00:00
qy4588.com,AVAILABILITY,origin.list,2026-09-15 06:24:49.675508+00:00
42691c.com,AVAILABILITY,origin.list,2026-09-15 06:24:50.644507+00:00
k8vii80.com,AVAILABILITY,origin.list,2026-09-15 06:24:51.577194+00:00
cdn.legabet.com,AVAILABILITY,origin.list,2026-09-15 06:24:52.523970+00:00
7895608.com,AVAILABILITY,origin.list,2026-09-15 06:24:56.661608+00:00
t8betvip.com,AVAILABILITY,origin.list,2026-09-15 06:24:57.708327+00:00
188jili.hair,AVAILABILITY,origin.list,2026-09-15 06:24:59.670696+00:00
mamooth998cdntf.com,AVAILABILITY,origin.list,2026-09-15 06:25:11.417730+00:00
055520.com,AVAILABILITY,origin.list,2026-09-15 06:25:12.422934+00:00
www.t8betvip.com,AVAILABILITY,origin.list,2026-09-15 06:25:13.494834+00:00
bamt6cqe.com,AVAILABILITY,origin.list,2026-09-15 06:25:14.479760+00:00
xn--hi-ji6caa.com,AVAILABILITY,origin.list,2026-09-15 06:25:15.478350+00:00
24lovejili.com,AVAILABILITY,origin.list,2026-09-15 06:25:16.396305+00:00
311lovejili.com,AVAILABILITY,origin.list,2026-09-15 06:25:17.313243+00:00
kkk268.com,AVAILABILITY,origin.list,2026-09-15 06:25:22.849009+00:00
ta88vip.top,AVAILABILITY,origin.list,2026-09-15 06:25:25.098816+00:00
24138y.com,AVAILABILITY,origin.list,2026-09-15 06:25:37.062543+00:00
5849u.com,AVAILABILITY,origin.list,2026-09-15 06:25:38.109800+00:00
dbp1333.com,AVAILABILITY,origin.list,2026-09-15 06:25:39.029748+00:00
ude83.xyz,AVAILABILITY,origin.list,2026-09-15 06:25:40.779996+00:00
xiaotongjiangcu.com,AVAILABILITY,origin.list,2026-09-15 06:25:53.062099+00:00
ku390.com,AVAILABILITY,origin.list,2026-09-15 06:25:54.055616+00:00
390209.com,AVAILABILITY,origin.list,2026-09-15 06:25:55.045062+00:00
8886666.vip,AVAILABILITY,origin.list,2026-09-15 06:25:56.019109+00:00
ude88.xyz,AVAILABILITY,origin.list,2026-09-15 06:25:56.347444+00:00
390269.com,AVAILABILITY,origin.list,2026-09-15 06:26:02.359525+00:00
gatewayvn-scf1.fun-88.cc,AVAILABILITY,origin.list,2026-09-15 06:26:42.985816+00:00
390219.com,AVAILABILITY,origin.list,2026-09-15 06:27:03.093077+00:00
390279.com,AVAILABILITY,origin.list,2026-09-15 06:27:11.708488+00:00
ude90.xyz,AVAILABILITY,origin.list,2026-09-15 06:27:12.572026+00:00
390509.com,AVAILABILITY,origin.list,2026-09-15 06:27:13.838715+00:00
390289.com,AVAILABILITY,origin.list,2026-09-15 06:27:15.016687+00:00
390259.com,AVAILABILITY,origin.list,2026-09-15 06:27:16.256865+00:00
1xkorea.com,AVAILABILITY,origin.list,2026-09-15 06:27:17.352463+00:00
zlong9.com,AVAILABILITY,origin.list,2026-09-15 06:27:18.418021+00:00
